request_number,scope,variant,sample_id,dataset,provider,model,attempt,status,http_status,error_type,error_message,input_tokens,cache_hit_input_tokens,cache_miss_input_tokens,output_tokens,total_tokens,latency_ms,estimated_cost_usd,requested_at_utc,completed_at_utc
1,pilot,A,fpb-full-000025,fpb,deepseek,deepseek-v4-pro,1,success,200,,,103,0,103,1,104,1875.27,4.567e-05,2026-07-20T16:34:50.576380+00:00,2026-07-20T16:34:52.452582+00:00
2,pilot,A,fpb-full-000040,fpb,deepseek,deepseek-v4-pro,1,success,200,,,101,0,101,1,102,865.59,4.48e-05,2026-07-20T16:34:52.800859+00:00,2026-07-20T16:34:53.665691+00:00
3,pilot,A,fpb-full-000063,fpb,deepseek,deepseek-v4-pro,1,success,200,,,134,0,134,1,135,839.51,5.916e-05,2026-07-20T16:34:53.981082+00:00,2026-07-20T16:34:54.820325+00:00
4,pilot,A,fpb-full-000080,fpb,deepseek,deepseek-v4-pro,1,success,200,,,121,0,121,1,122,794.15,5.35e-05,2026-07-20T16:34:55.162125+00:00,2026-07-20T16:34:55.955466+00:00
5,pilot,A,fpb-full-000101,fpb,deepseek,deepseek-v4-pro,1,success,200,,,98,0,98,1,99,1074.3,4.35e-05,2026-07-20T16:34:56.270206+00:00,2026-07-20T16:34:57.343700+00:00
6,pilot,A,fpb-full-000126,fpb,deepseek,deepseek-v4-pro,1,success,200,,,77,0,77,1,78,1862.11,3.437e-05,2026-07-20T16:36:45.447489+00:00,2026-07-20T16:36:47.309156+00:00
7,pilot,A,fpb-full-000142,fpb,deepseek,deepseek-v4-pro,1,success,200,,,85,0,85,1,86,873.41,3.785e-05,2026-07-20T16:36:47.624867+00:00,2026-07-20T16:36:48.498511+00:00
8,pilot,A,fpb-full-000178,fpb,deepseek,deepseek-v4-pro,1,success,200,,,71,0,71,1,72,674.68,3.175e-05,2026-07-20T16:36:48.812404+00:00,2026-07-20T16:36:49.487261+00:00
9,pilot,A,fpb-full-000235,fpb,deepseek,deepseek-v4-pro,1,success,200,,,120,0,120,1,121,815.1,5.307e-05,2026-07-20T16:36:49.800608+00:00,2026-07-20T16:36:50.615342+00:00
10,pilot,A,fpb-full-000264,fpb,deepseek,deepseek-v4-pro,1,success,200,,,91,0,91,1,92,1000.54,4.045e-05,2026-07-20T16:36:50.929334+00:00,2026-07-20T16:36:51.929386+00:00
11,pilot,A,fpb-full-000271,fpb,deepseek,deepseek-v4-pro,1,success,200,,,79,0,79,1,80,838.63,3.523e-05,2026-07-20T16:36:52.243095+00:00,2026-07-20T16:36:53.081859+00:00
12,pilot,A,fpb-full-000296,fpb,deepseek,deepseek-v4-pro,1,success,200,,,77,0,77,1,78,776.69,3.437e-05,2026-07-20T16:36:53.397019+00:00,2026-07-20T16:36:54.173172+00:00
13,pilot,A,fpb-full-000298,fpb,deepseek,deepseek-v4-pro,1,success,200,,,129,0,129,1,130,823.88,5.698e-05,2026-07-20T16:36:54.487117+00:00,2026-07-20T16:36:55.310896+00:00
14,pilot,A,fpb-full-000319,fpb,deepseek,deepseek-v4-pro,1,success,200,,,112,0,112,1,113,840.82,4.959e-05,2026-07-20T16:36:55.623767+00:00,2026-07-20T16:36:56.464820+00:00
15,pilot,A,fpb-full-000347,fpb,deepseek,deepseek-v4-pro,1,success,200,,,82,0,82,1,83,613.7,3.654e-05,2026-07-20T16:36:56.778241+00:00,2026-07-20T16:36:57.391680+00:00
16,pilot,A,fpb-full-000352,fpb,deepseek,deepseek-v4-pro,1,success,200,,,86,0,86,1,87,834.21,3.828e-05,2026-07-20T16:36:57.705181+00:00,2026-07-20T16:36:58.539019+00:00
17,pilot,A,fpb-full-000396,fpb,deepseek,deepseek-v4-pro,1,success,200,,,87,0,87,1,88,1007.9,3.871e-05,2026-07-20T16:36:58.852821+00:00,2026-07-20T16:36:59.860391+00:00
18,pilot,A,fpb-full-000400,fpb,deepseek,deepseek-v4-pro,1,success,200,,,116,0,116,1,117,879.81,5.133e-05,2026-07-20T16:37:00.173338+00:00,2026-07-20T16:37:01.053500+00:00
19,pilot,A,fpb-full-000427,fpb,deepseek,deepseek-v4-pro,1,success,200,,,113,0,113,1,114,844.32,5.002e-05,2026-07-20T16:37:01.367252+00:00,2026-07-20T16:37:02.211267+00:00
20,pilot,A,fpb-full-000442,fpb,deepseek,deepseek-v4-pro,1,success,200,,,79,0,79,1,80,801.05,3.523e-05,2026-07-20T16:37:02.525375+00:00,2026-07-20T16:37:03.326855+00:00
21,pilot,A,fpb-full-000474,fpb,deepseek,deepseek-v4-pro,1,success,200,,,93,0,93,1,94,852.13,4.132e-05,2026-07-20T16:37:03.642032+00:00,2026-07-20T16:37:04.493639+00:00
22,pilot,A,fpb-full-000479,fpb,deepseek,deepseek-v4-pro,1,success,200,,,83,0,83,1,84,855.24,3.697e-05,2026-07-20T16:37:04.807209+00:00,2026-07-20T16:37:05.661956+00:00
23,pilot,A,fpb-full-000488,fpb,deepseek,deepseek-v4-pro,1,success,200,,,80,0,80,1,81,977.86,3.567e-05,2026-07-20T16:37:05.975538+00:00,2026-07-20T16:37:06.953540+00:00
24,pilot,A,fpb-full-000494,fpb,deepseek,deepseek-v4-pro,1,success,200,,,84,0,84,1,85,984.64,3.741e-05,2026-07-20T16:37:07.266589+00:00,2026-07-20T16:37:08.250875+00:00
25,pilot,A,fpb-full-000527,fpb,deepseek,deepseek-v4-pro,1,success,200,,,78,0,78,1,79,1010.54,3.48e-05,2026-07-20T16:37:08.564956+00:00,2026-07-20T16:37:09.575151+00:00
26,pilot,A,fpb-full-000540,fpb,deepseek,deepseek-v4-pro,1,success,200,,,91,0,91,1,92,865.14,4.045e-05,2026-07-20T16:37:09.889485+00:00,2026-07-20T16:37:10.754814+00:00
27,pilot,A,fpb-full-000545,fpb,deepseek,deepseek-v4-pro,1,success,200,,,74,0,74,1,75,899.95,3.306e-05,2026-07-20T16:37:11.068358+00:00,2026-07-20T16:37:11.967789+00:00
28,pilot,A,fpb-full-000546,fpb,deepseek,deepseek-v4-pro,1,success,200,,,98,0,98,1,99,928.83,4.35e-05,2026-07-20T16:37:12.282081+00:00,2026-07-20T16:37:13.210313+00:00
29,pilot,A,fpb-full-000581,fpb,deepseek,deepseek-v4-pro,1,success,200,,,99,0,99,1,100,833.63,4.393e-05,2026-07-20T16:37:13.523754+00:00,2026-07-20T16:37:14.357922+00:00
30,pilot,A,fpb-full-000582,fpb,deepseek,deepseek-v4-pro,1,success,200,,,83,0,83,1,84,816.58,3.697e-05,2026-07-20T16:37:14.671576+00:00,2026-07-20T16:37:15.487319+00:00
31,pilot,A,fpb-full-000593,fpb,deepseek,deepseek-v4-pro,1,success,200,,,104,0,104,1,105,782.04,4.611e-05,2026-07-20T16:37:15.801557+00:00,2026-07-20T16:37:16.583425+00:00
32,pilot,A,fpb-full-000634,fpb,deepseek,deepseek-v4-pro,1,success,200,,,99,0,99,1,100,880.64,4.393e-05,2026-07-20T16:37:16.896863+00:00,2026-07-20T16:37:17.776783+00:00
33,pilot,A,fpb-full-000645,fpb,deepseek,deepseek-v4-pro,1,success,200,,,120,0,120,1,121,820.89,5.307e-05,2026-07-20T16:37:18.090986+00:00,2026-07-20T16:37:18.911418+00:00
34,pilot,A,fpb-full-000681,fpb,deepseek,deepseek-v4-pro,1,success,200,,,85,0,85,1,86,896.77,3.785e-05,2026-07-20T16:37:19.224798+00:00,2026-07-20T16:37:20.121885+00:00
35,pilot,A,fpb-full-000687,fpb,deepseek,deepseek-v4-pro,1,success,200,,,102,0,102,1,103,887.96,4.524e-05,2026-07-20T16:37:20.435849+00:00,2026-07-20T16:37:21.324199+00:00
36,pilot,A,fpb-full-000692,fpb,deepseek,deepseek-v4-pro,1,success,200,,,85,0,85,1,86,796.45,3.785e-05,2026-07-20T16:37:21.636738+00:00,2026-07-20T16:37:22.433131+00:00
37,pilot,A,fpb-full-000695,fpb,deepseek,deepseek-v4-pro,1,success,200,,,101,0,101,1,102,827.53,4.48e-05,2026-07-20T16:37:22.746266+00:00,2026-07-20T16:37:23.574060+00:00
38,pilot,A,fpb-full-000696,fpb,deepseek,deepseek-v4-pro,1,success,200,,,86,0,86,1,87,796.79,3.828e-05,2026-07-20T16:37:23.886526+00:00,2026-07-20T16:37:24.683139+00:00
39,pilot,A,fpb-full-000710,fpb,deepseek,deepseek-v4-pro,1,success,200,,,105,0,105,1,106,839.22,4.654e-05,2026-07-20T16:37:24.996064+00:00,2026-07-20T16:37:25.835123+00:00
40,pilot,A,fpb-full-000712,fpb,deepseek,deepseek-v4-pro,1,success,200,,,127,0,127,1,128,841.32,5.611e-05,2026-07-20T16:37:26.148137+00:00,2026-07-20T16:37:26.988490+00:00
41,pilot,A,fpb-full-000737,fpb,deepseek,deepseek-v4-pro,1,success,200,,,86,0,86,1,87,792.18,3.828e-05,2026-07-20T16:37:27.303193+00:00,2026-07-20T16:37:28.094985+00:00
42,pilot,A,fpb-full-000796,fpb,deepseek,deepseek-v4-pro,1,success,200,,,102,0,102,1,103,809.06,4.524e-05,2026-07-20T16:37:28.409443+00:00,2026-07-20T16:37:29.218214+00:00
43,pilot,A,fpb-full-000875,fpb,deepseek,deepseek-v4-pro,1,success,200,,,107,0,107,1,108,767.7,4.741e-05,2026-07-20T16:37:29.531612+00:00,2026-07-20T16:37:30.299483+00:00
44,pilot,A,fpb-full-000900,fpb,deepseek,deepseek-v4-pro,1,success,200,,,93,0,93,1,94,828.55,4.132e-05,2026-07-20T16:37:30.612122+00:00,2026-07-20T16:37:31.440559+00:00
45,pilot,A,fpb-full-000980,fpb,deepseek,deepseek-v4-pro,1,success,200,,,75,0,75,1,76,933.16,3.349e-05,2026-07-20T16:37:31.753883+00:00,2026-07-20T16:37:32.686826+00:00
46,pilot,A,fpb-full-000990,fpb,deepseek,deepseek-v4-pro,1,success,200,,,75,0,75,1,76,893.76,3.349e-05,2026-07-20T16:37:33.000739+00:00,2026-07-20T16:37:33.894454+00:00
47,pilot,A,fpb-full-000999,fpb,deepseek,deepseek-v4-pro,1,success,200,,,72,0,72,1,73,868.7,3.219e-05,2026-07-20T16:37:34.207332+00:00,2026-07-20T16:37:35.075922+00:00
48,pilot,A,fpb-full-001040,fpb,deepseek,deepseek-v4-pro,1,success,200,,,74,0,74,1,75,785.06,3.306e-05,2026-07-20T16:37:35.389565+00:00,2026-07-20T16:37:36.174443+00:00
49,pilot,A,fpb-full-001054,fpb,deepseek,deepseek-v4-pro,1,success,200,,,105,0,105,1,106,684.97,4.654e-05,2026-07-20T16:37:36.488790+00:00,2026-07-20T16:37:37.173717+00:00
50,pilot,A,fpb-full-001062,fpb,deepseek,deepseek-v4-pro,1,success,200,,,99,0,99,1,100,641.71,4.393e-05,2026-07-20T16:37:37.490901+00:00,2026-07-20T16:37:38.132806+00:00
51,pilot,A,fpb-full-001085,fpb,deepseek,deepseek-v4-pro,1,success,200,,,73,0,73,1,74,823.45,3.262e-05,2026-07-20T16:37:38.445793+00:00,2026-07-20T16:37:39.268831+00:00
52,pilot,A,fpb-full-001087,fpb,deepseek,deepseek-v4-pro,1,success,200,,,87,0,87,1,88,836.53,3.871e-05,2026-07-20T16:37:39.582185+00:00,2026-07-20T16:37:40.418179+00:00
53,pilot,A,fpb-full-001109,fpb,deepseek,deepseek-v4-pro,1,success,200,,,85,0,85,1,86,814.06,3.785e-05,2026-07-20T16:37:40.731976+00:00,2026-07-20T16:37:41.545567+00:00
54,pilot,A,fpb-full-001122,fpb,deepseek,deepseek-v4-pro,1,success,200,,,92,0,92,1,93,1107.91,4.089e-05,2026-07-20T16:37:41.859338+00:00,2026-07-20T16:37:42.967539+00:00
55,pilot,A,fpb-full-001127,fpb,deepseek,deepseek-v4-pro,1,success,200,,,92,0,92,1,93,807.83,4.089e-05,2026-07-20T16:37:43.283926+00:00,2026-07-20T16:37:44.091470+00:00
56,pilot,A,fpb-full-001131,fpb,deepseek,deepseek-v4-pro,1,success,200,,,78,0,78,1,79,856.44,3.48e-05,2026-07-20T16:37:44.405021+00:00,2026-07-20T16:37:45.261062+00:00
57,pilot,A,fpb-full-001137,fpb,deepseek,deepseek-v4-pro,1,success,200,,,86,0,86,1,87,996.85,3.828e-05,2026-07-20T16:37:45.574900+00:00,2026-07-20T16:37:46.571879+00:00
58,pilot,A,fpb-full-001186,fpb,deepseek,deepseek-v4-pro,1,success,200,,,83,0,83,1,84,832.44,3.697e-05,2026-07-20T16:37:46.885071+00:00,2026-07-20T16:37:47.717104+00:00
59,pilot,A,fpb-full-001224,fpb,deepseek,deepseek-v4-pro,1,success,200,,,131,128,3,1,132,908.17,2.64e-06,2026-07-20T16:37:48.031008+00:00,2026-07-20T16:37:48.939582+00:00
60,pilot,A,fpb-full-001262,fpb,deepseek,deepseek-v4-pro,1,success,200,,,81,0,81,1,82,837.12,3.611e-05,2026-07-20T16:37:49.252591+00:00,2026-07-20T16:37:50.089254+00:00
61,pilot,A,fpb-full-001273,fpb,deepseek,deepseek-v4-pro,1,success,200,,,83,0,83,1,84,687.27,3.697e-05,2026-07-20T16:37:50.403021+00:00,2026-07-20T16:37:51.090933+00:00
62,pilot,A,fpb-full-001290,fpb,deepseek,deepseek-v4-pro,1,success,200,,,90,0,90,1,91,712.1,4.002e-05,2026-07-20T16:37:51.404057+00:00,2026-07-20T16:37:52.115625+00:00
63,pilot,A,fpb-full-001372,fpb,deepseek,deepseek-v4-pro,1,success,200,,,78,0,78,1,79,891.1,3.48e-05,2026-07-20T16:37:52.430491+00:00,2026-07-20T16:37:53.321676+00:00
64,pilot,A,fpb-full-001401,fpb,deepseek,deepseek-v4-pro,1,success,200,,,75,0,75,1,76,756.07,3.349e-05,2026-07-20T16:37:53.634914+00:00,2026-07-20T16:37:54.390838+00:00
65,pilot,A,fpb-full-001435,fpb,deepseek,deepseek-v4-pro,1,success,200,,,77,0,77,1,78,815.75,3.437e-05,2026-07-20T16:37:54.705218+00:00,2026-07-20T16:37:55.521359+00:00
66,pilot,A,fpb-full-001439,fpb,deepseek,deepseek-v4-pro,1,success,200,,,91,0,91,1,92,947.69,4.045e-05,2026-07-20T16:37:55.834486+00:00,2026-07-20T16:37:56.782365+00:00
67,pilot,A,fpb-full-001477,fpb,deepseek,deepseek-v4-pro,1,success,200,,,85,0,85,1,86,859.71,3.785e-05,2026-07-20T16:37:57.095753+00:00,2026-07-20T16:37:57.955126+00:00
68,pilot,A,fpb-full-001493,fpb,deepseek,deepseek-v4-pro,1,success,200,,,79,0,79,1,80,884.7,3.523e-05,2026-07-20T16:37:58.270597+00:00,2026-07-20T16:37:59.155103+00:00
69,pilot,A,fpb-full-001547,fpb,deepseek,deepseek-v4-pro,1,success,200,,,85,0,85,1,86,855.44,3.785e-05,2026-07-20T16:37:59.468502+00:00,2026-07-20T16:38:00.324066+00:00
70,pilot,A,fpb-full-001559,fpb,deepseek,deepseek-v4-pro,1,success,200,,,99,0,99,1,100,919.15,4.393e-05,2026-07-20T16:38:00.667422+00:00,2026-07-20T16:38:01.587021+00:00
71,pilot,A,fpb-full-001575,fpb,deepseek,deepseek-v4-pro,1,success,200,,,92,0,92,1,93,944.64,4.089e-05,2026-07-20T16:38:01.900172+00:00,2026-07-20T16:38:02.845297+00:00
72,pilot,A,fpb-full-001613,fpb,deepseek,deepseek-v4-pro,1,success,200,,,124,0,124,1,125,907.52,5.481e-05,2026-07-20T16:38:03.158537+00:00,2026-07-20T16:38:04.065765+00:00
73,pilot,A,fpb-full-001664,fpb,deepseek,deepseek-v4-pro,1,success,200,,,108,0,108,1,109,728.14,4.785e-05,2026-07-20T16:38:04.379807+00:00,2026-07-20T16:38:05.107575+00:00
74,pilot,A,fpb-full-001667,fpb,deepseek,deepseek-v4-pro,1,success,200,,,87,0,87,1,88,832.31,3.871e-05,2026-07-20T16:38:05.454923+00:00,2026-07-20T16:38:06.286648+00:00
75,pilot,A,fpb-full-001701,fpb,deepseek,deepseek-v4-pro,1,success,200,,,93,0,93,1,94,796.53,4.132e-05,2026-07-20T16:38:06.600536+00:00,2026-07-20T16:38:07.397355+00:00
76,pilot,A,fpb-full-001794,fpb,deepseek,deepseek-v4-pro,1,success,200,,,107,0,107,1,108,838.01,4.741e-05,2026-07-20T16:38:07.710877+00:00,2026-07-20T16:38:08.548306+00:00
77,pilot,A,fpb-full-001799,fpb,deepseek,deepseek-v4-pro,1,success,200,,,77,0,77,1,78,668.34,3.437e-05,2026-07-20T16:38:08.862144+00:00,2026-07-20T16:38:09.530378+00:00
78,pilot,A,fpb-full-001862,fpb,deepseek,deepseek-v4-pro,1,success,200,,,86,0,86,1,87,820.78,3.828e-05,2026-07-20T16:38:09.843776+00:00,2026-07-20T16:38:10.665182+00:00
79,pilot,A,fpb-full-001869,fpb,deepseek,deepseek-v4-pro,1,success,200,,,96,0,96,1,97,838.71,4.263e-05,2026-07-20T16:38:10.978151+00:00,2026-07-20T16:38:11.816846+00:00
80,pilot,A,fpb-full-001870,fpb,deepseek,deepseek-v4-pro,1,success,200,,,95,0,95,1,96,1304.29,4.219e-05,2026-07-20T16:38:12.129598+00:00,2026-07-20T16:38:13.433532+00:00
81,pilot,A,fpb-full-001954,fpb,deepseek,deepseek-v4-pro,1,success,200,,,116,0,116,1,117,760.95,5.133e-05,2026-07-20T16:38:13.747757+00:00,2026-07-20T16:38:14.508965+00:00
82,pilot,A,fpb-full-001989,fpb,deepseek,deepseek-v4-pro,1,success,200,,,94,0,94,1,95,813.86,4.176e-05,2026-07-20T16:38:14.823370+00:00,2026-07-20T16:38:15.637446+00:00
83,pilot,A,fpb-full-001990,fpb,deepseek,deepseek-v4-pro,1,success,200,,,87,0,87,1,88,900.75,3.871e-05,2026-07-20T16:38:15.951036+00:00,2026-07-20T16:38:16.852206+00:00
84,pilot,A,fpb-full-002017,fpb,deepseek,deepseek-v4-pro,1,success,200,,,87,0,87,1,88,885.9,3.871e-05,2026-07-20T16:38:17.165615+00:00,2026-07-20T16:38:18.052359+00:00
85,pilot,A,fpb-full-002018,fpb,deepseek,deepseek-v4-pro,1,success,200,,,87,0,87,1,88,970.77,3.871e-05,2026-07-20T16:38:18.395342+00:00,2026-07-20T16:38:19.366304+00:00
86,pilot,A,fpb-full-002042,fpb,deepseek,deepseek-v4-pro,1,success,200,,,91,0,91,1,92,915.99,4.045e-05,2026-07-20T16:38:19.680321+00:00,2026-07-20T16:38:20.596394+00:00
87,pilot,A,fpb-full-002046,fpb,deepseek,deepseek-v4-pro,1,success,200,,,84,0,84,1,85,826.86,3.741e-05,2026-07-20T16:38:20.910803+00:00,2026-07-20T16:38:21.737798+00:00
88,pilot,A,fpb-full-002070,fpb,deepseek,deepseek-v4-pro,1,success,200,,,111,0,111,1,112,597.88,4.915e-05,2026-07-20T16:38:22.050638+00:00,2026-07-20T16:38:22.647931+00:00
89,pilot,A,fpb-full-002071,fpb,deepseek,deepseek-v4-pro,1,success,200,,,97,0,97,1,98,862.42,4.306e-05,2026-07-20T16:38:22.962058+00:00,2026-07-20T16:38:23.824688+00:00
90,pilot,A,fpb-full-002081,fpb,deepseek,deepseek-v4-pro,1,success,200,,,110,0,110,1,111,972.38,4.872e-05,2026-07-20T16:38:24.138791+00:00,2026-07-20T16:38:25.111416+00:00
91,pilot,A,fpb-full-002097,fpb,deepseek,deepseek-v4-pro,1,success,200,,,119,0,119,1,120,872.28,5.264e-05,2026-07-20T16:38:25.424310+00:00,2026-07-20T16:38:26.295989+00:00
92,pilot,A,fpb-full-002115,fpb,deepseek,deepseek-v4-pro,1,success,200,,,79,0,79,1,80,892.39,3.523e-05,2026-07-20T16:38:26.611204+00:00,2026-07-20T16:38:27.504014+00:00
93,pilot,A,fpb-full-002135,fpb,deepseek,deepseek-v4-pro,1,success,200,,,87,0,87,1,88,886.22,3.871e-05,2026-07-20T16:38:27.819268+00:00,2026-07-20T16:38:28.705647+00:00
94,pilot,A,fpb-full-002153,fpb,deepseek,deepseek-v4-pro,1,success,200,,,95,0,95,1,96,812.98,4.219e-05,2026-07-20T16:38:29.018973+00:00,2026-07-20T16:38:29.832171+00:00
95,pilot,A,fpb-full-002171,fpb,deepseek,deepseek-v4-pro,1,success,200,,,87,0,87,1,88,814.45,3.871e-05,2026-07-20T16:38:30.146459+00:00,2026-07-20T16:38:30.961669+00:00
96,pilot,A,fpb-full-002175,fpb,deepseek,deepseek-v4-pro,1,success,200,,,92,0,92,1,93,707.96,4.089e-05,2026-07-20T16:38:31.274469+00:00,2026-07-20T16:38:31.982472+00:00
97,pilot,A,fpb-full-002196,fpb,deepseek,deepseek-v4-pro,1,success,200,,,79,0,79,1,80,918.95,3.523e-05,2026-07-20T16:38:32.296235+00:00,2026-07-20T16:38:33.215816+00:00
98,pilot,A,fpb-full-002263,fpb,deepseek,deepseek-v4-pro,1,success,200,,,96,0,96,1,97,908.69,4.263e-05,2026-07-20T16:38:33.529592+00:00,2026-07-20T16:38:34.437535+00:00
99,pilot,A,fpb-full-002268,fpb,deepseek,deepseek-v4-pro,1,success,200,,,116,0,116,1,117,847.54,5.133e-05,2026-07-20T16:38:34.751100+00:00,2026-07-20T16:38:35.598346+00:00
100,pilot,A,fpb-full-002274,fpb,deepseek,deepseek-v4-pro,1,success,200,,,92,0,92,1,93,1174.72,4.089e-05,2026-07-20T16:38:35.912515+00:00,2026-07-20T16:38:37.086697+00:00
101,pilot,A,fpb-full-002275,fpb,deepseek,deepseek-v4-pro,1,success,200,,,127,0,127,1,128,812.12,5.611e-05,2026-07-20T16:38:37.401225+00:00,2026-07-20T16:38:38.212951+00:00
102,pilot,A,fpb-full-002316,fpb,deepseek,deepseek-v4-pro,1,success,200,,,76,0,76,1,77,991.77,3.393e-05,2026-07-20T16:38:38.526772+00:00,2026-07-20T16:38:39.518384+00:00
103,pilot,A,fpb-full-002364,fpb,deepseek,deepseek-v4-pro,1,success,200,,,80,0,80,1,81,682.65,3.567e-05,2026-07-20T16:38:39.832062+00:00,2026-07-20T16:38:40.514707+00:00
104,pilot,A,fpb-full-002385,fpb,deepseek,deepseek-v4-pro,1,success,200,,,88,0,88,1,89,1112.18,3.915e-05,2026-07-20T16:38:40.829149+00:00,2026-07-20T16:38:41.940737+00:00
105,pilot,A,fpb-full-002393,fpb,deepseek,deepseek-v4-pro,1,success,200,,,76,0,76,1,77,868.75,3.393e-05,2026-07-20T16:38:42.255537+00:00,2026-07-20T16:38:43.124003+00:00
106,pilot,A,fpb-full-002395,fpb,deepseek,deepseek-v4-pro,1,success,200,,,89,0,89,1,90,803.37,3.958e-05,2026-07-20T16:38:43.438125+00:00,2026-07-20T16:38:44.241213+00:00
107,pilot,A,fpb-full-002412,fpb,deepseek,deepseek-v4-pro,1,success,200,,,112,0,112,1,113,955.33,4.959e-05,2026-07-20T16:38:44.555010+00:00,2026-07-20T16:38:45.510167+00:00
108,pilot,A,fpb-full-002413,fpb,deepseek,deepseek-v4-pro,1,success,200,,,129,0,129,1,130,776.43,5.698e-05,2026-07-20T16:38:45.825767+00:00,2026-07-20T16:38:46.602465+00:00
109,pilot,A,fpb-full-002457,fpb,deepseek,deepseek-v4-pro,1,success,200,,,108,0,108,1,109,923.99,4.785e-05,2026-07-20T16:38:46.915811+00:00,2026-07-20T16:38:47.839623+00:00
110,pilot,A,fpb-full-002464,fpb,deepseek,deepseek-v4-pro,1,success,200,,,80,0,80,1,81,809.35,3.567e-05,2026-07-20T16:38:48.154113+00:00,2026-07-20T16:38:48.963142+00:00
111,pilot,A,fpb-full-002513,fpb,deepseek,deepseek-v4-pro,1,success,200,,,74,0,74,1,75,817.5,3.306e-05,2026-07-20T16:38:49.277168+00:00,2026-07-20T16:38:50.095460+00:00
112,pilot,A,fpb-full-002581,fpb,deepseek,deepseek-v4-pro,1,success,200,,,79,0,79,1,80,889.75,3.523e-05,2026-07-20T16:38:50.408089+00:00,2026-07-20T16:38:51.298537+00:00
113,pilot,A,fpb-full-002587,fpb,deepseek,deepseek-v4-pro,1,success,200,,,87,0,87,1,88,797.19,3.871e-05,2026-07-20T16:38:51.613106+00:00,2026-07-20T16:38:52.410056+00:00
114,pilot,A,fpb-full-002605,fpb,deepseek,deepseek-v4-pro,1,success,200,,,106,0,106,1,107,624.42,4.698e-05,2026-07-20T16:38:52.723179+00:00,2026-07-20T16:38:53.347920+00:00
115,pilot,A,fpb-full-002657,fpb,deepseek,deepseek-v4-pro,1,success,200,,,104,0,104,1,105,924.7,4.611e-05,2026-07-20T16:38:53.661028+00:00,2026-07-20T16:38:54.585951+00:00
116,pilot,A,fpb-full-002705,fpb,deepseek,deepseek-v4-pro,1,success,200,,,72,0,72,1,73,909.4,3.219e-05,2026-07-20T16:38:54.899484+00:00,2026-07-20T16:38:55.808180+00:00
117,pilot,A,fpb-full-002798,fpb,deepseek,deepseek-v4-pro,1,success,200,,,83,0,83,1,84,728.46,3.697e-05,2026-07-20T16:38:56.121510+00:00,2026-07-20T16:38:56.849263+00:00
118,pilot,A,fpb-full-002801,fpb,deepseek,deepseek-v4-pro,1,success,200,,,127,0,127,1,128,827.28,5.611e-05,2026-07-20T16:38:57.163359+00:00,2026-07-20T16:38:57.990826+00:00
119,pilot,A,fpb-full-002807,fpb,deepseek,deepseek-v4-pro,1,success,200,,,99,0,99,1,100,820.67,4.393e-05,2026-07-20T16:38:58.303797+00:00,2026-07-20T16:38:59.124688+00:00
120,pilot,A,fpb-full-002829,fpb,deepseek,deepseek-v4-pro,1,success,200,,,71,0,71,1,72,1016.76,3.175e-05,2026-07-20T16:38:59.437764+00:00,2026-07-20T16:39:00.454878+00:00
121,pilot,A,fpb-full-002851,fpb,deepseek,deepseek-v4-pro,1,success,200,,,90,0,90,1,91,942.18,4.002e-05,2026-07-20T16:39:00.768736+00:00,2026-07-20T16:39:01.710737+00:00
122,pilot,A,fpb-full-002866,fpb,deepseek,deepseek-v4-pro,1,success,200,,,72,0,72,1,73,859.8,3.219e-05,2026-07-20T16:39:02.024416+00:00,2026-07-20T16:39:02.883950+00:00
123,pilot,A,fpb-full-002868,fpb,deepseek,deepseek-v4-pro,1,success,200,,,92,0,92,1,93,897.8,4.089e-05,2026-07-20T16:39:03.197457+00:00,2026-07-20T16:39:04.095116+00:00
124,pilot,A,fpb-full-002887,fpb,deepseek,deepseek-v4-pro,1,success,200,,,105,0,105,1,106,919.73,4.654e-05,2026-07-20T16:39:04.408639+00:00,2026-07-20T16:39:05.328282+00:00
125,pilot,A,fpb-full-002895,fpb,deepseek,deepseek-v4-pro,1,success,200,,,108,0,108,1,109,678.95,4.785e-05,2026-07-20T16:39:05.641971+00:00,2026-07-20T16:39:06.321249+00:00
126,pilot,A,fpb-full-002935,fpb,deepseek,deepseek-v4-pro,1,success,200,,,113,0,113,1,114,1050.42,5.002e-05,2026-07-20T16:39:06.635277+00:00,2026-07-20T16:39:07.685827+00:00
127,pilot,A,fpb-full-002976,fpb,deepseek,deepseek-v4-pro,1,success,200,,,96,0,96,1,97,865.86,4.263e-05,2026-07-20T16:39:08.001580+00:00,2026-07-20T16:39:08.867595+00:00
128,pilot,A,fpb-full-003002,fpb,deepseek,deepseek-v4-pro,1,success,200,,,87,0,87,1,88,1216.02,3.871e-05,2026-07-20T16:39:09.180137+00:00,2026-07-20T16:39:10.396765+00:00
129,pilot,A,fpb-full-003043,fpb,deepseek,deepseek-v4-pro,1,success,200,,,73,0,73,1,74,672.16,3.262e-05,2026-07-20T16:39:10.709931+00:00,2026-07-20T16:39:11.382337+00:00
130,pilot,A,fpb-full-003080,fpb,deepseek,deepseek-v4-pro,1,success,200,,,71,0,71,1,72,1206.5,3.175e-05,2026-07-20T16:39:11.694893+00:00,2026-07-20T16:39:12.901577+00:00
131,pilot,A,fpb-full-003085,fpb,deepseek,deepseek-v4-pro,1,success,200,,,88,0,88,1,89,991.18,3.915e-05,2026-07-20T16:39:13.214500+00:00,2026-07-20T16:39:14.205118+00:00
132,pilot,A,fpb-full-003086,fpb,deepseek,deepseek-v4-pro,1,success,200,,,77,0,77,1,78,934.05,3.437e-05,2026-07-20T16:39:14.519431+00:00,2026-07-20T16:39:15.452909+00:00
133,pilot,A,fpb-full-003104,fpb,deepseek,deepseek-v4-pro,1,success,200,,,90,0,90,1,91,1169.0,4.002e-05,2026-07-20T16:39:15.766414+00:00,2026-07-20T16:39:16.935617+00:00
134,pilot,A,fpb-full-003144,fpb,deepseek,deepseek-v4-pro,1,success,200,,,87,0,87,1,88,888.71,3.871e-05,2026-07-20T16:39:17.249011+00:00,2026-07-20T16:39:18.137848+00:00
135,pilot,A,fpb-full-003168,fpb,deepseek,deepseek-v4-pro,1,success,200,,,87,0,87,1,88,871.1,3.871e-05,2026-07-20T16:39:18.451233+00:00,2026-07-20T16:39:19.322291+00:00
136,pilot,A,fpb-full-003171,fpb,deepseek,deepseek-v4-pro,1,success,200,,,78,0,78,1,79,962.7,3.48e-05,2026-07-20T16:39:19.635948+00:00,2026-07-20T16:39:20.598314+00:00
137,pilot,A,fpb-full-003235,fpb,deepseek,deepseek-v4-pro,1,success,200,,,71,0,71,1,72,988.63,3.175e-05,2026-07-20T16:39:20.914999+00:00,2026-07-20T16:39:21.903368+00:00
138,pilot,A,fpb-full-003299,fpb,deepseek,deepseek-v4-pro,1,success,200,,,109,0,109,1,110,852.47,4.829e-05,2026-07-20T16:39:22.216831+00:00,2026-07-20T16:39:23.068662+00:00
139,pilot,A,fpb-full-003311,fpb,deepseek,deepseek-v4-pro,1,success,200,,,107,0,107,1,108,844.32,4.741e-05,2026-07-20T16:39:23.382261+00:00,2026-07-20T16:39:24.226251+00:00
140,pilot,A,fpb-full-003315,fpb,deepseek,deepseek-v4-pro,1,success,200,,,76,0,76,1,77,884.45,3.393e-05,2026-07-20T16:39:24.539155+00:00,2026-07-20T16:39:25.423364+00:00
141,pilot,A,fpb-full-003332,fpb,deepseek,deepseek-v4-pro,1,success,200,,,82,0,82,1,83,908.79,3.654e-05,2026-07-20T16:39:25.737376+00:00,2026-07-20T16:39:26.645294+00:00
142,pilot,A,fpb-full-003363,fpb,deepseek,deepseek-v4-pro,1,success,200,,,84,0,84,1,85,1015.78,3.741e-05,2026-07-20T16:39:26.959052+00:00,2026-07-20T16:39:27.974982+00:00
143,pilot,A,fpb-full-003381,fpb,deepseek,deepseek-v4-pro,1,success,200,,,73,0,73,1,74,843.34,3.262e-05,2026-07-20T16:39:28.289954+00:00,2026-07-20T16:39:29.133555+00:00
144,pilot,A,fpb-full-003384,fpb,deepseek,deepseek-v4-pro,1,success,200,,,114,0,114,1,115,817.59,5.046e-05,2026-07-20T16:39:29.446823+00:00,2026-07-20T16:39:30.263940+00:00
145,pilot,A,fpb-full-003432,fpb,deepseek,deepseek-v4-pro,1,success,200,,,100,0,100,1,101,870.83,4.437e-05,2026-07-20T16:39:30.577820+00:00,2026-07-20T16:39:31.448874+00:00
146,pilot,A,fpb-full-003435,fpb,deepseek,deepseek-v4-pro,1,success,200,,,100,0,100,1,101,992.9,4.437e-05,2026-07-20T16:39:31.762789+00:00,2026-07-20T16:39:32.756268+00:00
147,pilot,A,fpb-full-003451,fpb,deepseek,deepseek-v4-pro,1,success,200,,,65,0,65,1,66,885.96,2.914e-05,2026-07-20T16:39:33.069030+00:00,2026-07-20T16:39:33.955408+00:00
148,pilot,A,fpb-full-003470,fpb,deepseek,deepseek-v4-pro,1,success,200,,,77,0,77,1,78,1269.04,3.437e-05,2026-07-20T16:39:34.269093+00:00,2026-07-20T16:39:35.537781+00:00
149,pilot,A,fpb-full-003487,fpb,deepseek,deepseek-v4-pro,1,success,200,,,67,0,67,1,68,889.6,3.001e-05,2026-07-20T16:39:35.852935+00:00,2026-07-20T16:39:36.742699+00:00
150,pilot,A,fpb-full-003505,fpb,deepseek,deepseek-v4-pro,1,success,200,,,111,0,111,1,112,689.94,4.915e-05,2026-07-20T16:39:37.056229+00:00,2026-07-20T16:39:37.745711+00:00
151,pilot,A,fpb-full-003519,fpb,deepseek,deepseek-v4-pro,1,success,200,,,128,0,128,1,129,877.03,5.655e-05,2026-07-20T16:39:38.058912+00:00,2026-07-20T16:39:38.935896+00:00
152,pilot,A,fpb-full-003523,fpb,deepseek,deepseek-v4-pro,1,success,200,,,76,0,76,1,77,840.67,3.393e-05,2026-07-20T16:39:39.251087+00:00,2026-07-20T16:39:40.092433+00:00
153,pilot,A,fpb-full-003605,fpb,deepseek,deepseek-v4-pro,1,success,200,,,75,0,75,1,76,830.2,3.349e-05,2026-07-20T16:39:40.405698+00:00,2026-07-20T16:39:41.235980+00:00
154,pilot,A,fpb-full-003634,fpb,deepseek,deepseek-v4-pro,1,success,200,,,101,0,101,1,102,867.72,4.48e-05,2026-07-20T16:39:41.549204+00:00,2026-07-20T16:39:42.417523+00:00
155,pilot,A,fpb-full-003667,fpb,deepseek,deepseek-v4-pro,1,success,200,,,87,0,87,1,88,857.06,3.871e-05,2026-07-20T16:39:42.731050+00:00,2026-07-20T16:39:43.588255+00:00
156,pilot,A,fpb-full-003675,fpb,deepseek,deepseek-v4-pro,1,success,200,,,79,0,79,1,80,901.37,3.523e-05,2026-07-20T16:39:43.902642+00:00,2026-07-20T16:39:44.803642+00:00
157,pilot,A,fpb-full-003702,fpb,deepseek,deepseek-v4-pro,1,success,200,,,88,0,88,1,89,880.09,3.915e-05,2026-07-20T16:39:45.117374+00:00,2026-07-20T16:39:45.997491+00:00
158,pilot,A,fpb-full-003732,fpb,deepseek,deepseek-v4-pro,1,success,200,,,90,0,90,1,91,873.22,4.002e-05,2026-07-20T16:39:46.310542+00:00,2026-07-20T16:39:47.183858+00:00
159,pilot,A,fpb-full-003745,fpb,deepseek,deepseek-v4-pro,1,success,200,,,77,0,77,1,78,863.86,3.437e-05,2026-07-20T16:39:47.496755+00:00,2026-07-20T16:39:48.360263+00:00
160,pilot,A,fpb-full-003746,fpb,deepseek,deepseek-v4-pro,1,success,200,,,93,0,93,1,94,1183.93,4.132e-05,2026-07-20T16:39:48.675135+00:00,2026-07-20T16:39:49.858456+00:00
161,pilot,A,fpb-full-003752,fpb,deepseek,deepseek-v4-pro,1,success,200,,,95,0,95,1,96,711.36,4.219e-05,2026-07-20T16:39:50.172525+00:00,2026-07-20T16:39:50.883723+00:00
162,pilot,A,fpb-full-003774,fpb,deepseek,deepseek-v4-pro,1,success,200,,,71,0,71,1,72,875.12,3.175e-05,2026-07-20T16:39:51.197961+00:00,2026-07-20T16:39:52.072763+00:00
163,pilot,A,fpb-full-003787,fpb,deepseek,deepseek-v4-pro,1,success,200,,,89,0,89,1,90,650.87,3.958e-05,2026-07-20T16:39:52.386501+00:00,2026-07-20T16:39:53.037238+00:00
164,pilot,A,fpb-full-003790,fpb,deepseek,deepseek-v4-pro,1,success,200,,,93,0,93,1,94,1104.88,4.132e-05,2026-07-20T16:39:53.351637+00:00,2026-07-20T16:39:54.456575+00:00
165,pilot,A,fpb-full-003802,fpb,deepseek,deepseek-v4-pro,1,success,200,,,93,0,93,1,94,839.94,4.132e-05,2026-07-20T16:39:54.770511+00:00,2026-07-20T16:39:55.609665+00:00
166,pilot,A,fpb-full-003817,fpb,deepseek,deepseek-v4-pro,1,success,200,,,93,0,93,1,94,836.97,4.132e-05,2026-07-20T16:39:55.924312+00:00,2026-07-20T16:39:56.760969+00:00
167,pilot,A,fpb-full-003821,fpb,deepseek,deepseek-v4-pro,1,success,200,,,92,0,92,1,93,858.63,4.089e-05,2026-07-20T16:39:57.074930+00:00,2026-07-20T16:39:57.933398+00:00
168,pilot,A,fpb-full-003824,fpb,deepseek,deepseek-v4-pro,1,success,200,,,80,0,80,1,81,890.21,3.567e-05,2026-07-20T16:39:58.247457+00:00,2026-07-20T16:39:59.138006+00:00
169,pilot,A,fpb-full-003837,fpb,deepseek,deepseek-v4-pro,1,success,200,,,84,0,84,1,85,878.02,3.741e-05,2026-07-20T16:39:59.451796+00:00,2026-07-20T16:40:00.330270+00:00
170,pilot,A,fpb-full-003839,fpb,deepseek,deepseek-v4-pro,1,success,200,,,107,0,107,1,108,964.27,4.741e-05,2026-07-20T16:40:00.643925+00:00,2026-07-20T16:40:01.607076+00:00
171,pilot,A,fpb-full-003865,fpb,deepseek,deepseek-v4-pro,1,success,200,,,84,0,84,1,85,885.31,3.741e-05,2026-07-20T16:40:01.921591+00:00,2026-07-20T16:40:02.806614+00:00
172,pilot,A,fpb-full-003943,fpb,deepseek,deepseek-v4-pro,1,success,200,,,88,0,88,1,89,944.59,3.915e-05,2026-07-20T16:40:03.120144+00:00,2026-07-20T16:40:04.064057+00:00
173,pilot,A,fpb-full-003948,fpb,deepseek,deepseek-v4-pro,1,success,200,,,95,0,95,1,96,1096.71,4.219e-05,2026-07-20T16:40:04.378652+00:00,2026-07-20T16:40:05.475496+00:00
174,pilot,A,fpb-full-004054,fpb,deepseek,deepseek-v4-pro,1,success,200,,,88,0,88,1,89,672.92,3.915e-05,2026-07-20T16:40:05.788570+00:00,2026-07-20T16:40:06.460479+00:00
175,pilot,A,fpb-full-004160,fpb,deepseek,deepseek-v4-pro,1,success,200,,,97,0,97,1,98,885.06,4.306e-05,2026-07-20T16:40:06.774775+00:00,2026-07-20T16:40:07.659743+00:00
176,pilot,A,fpb-full-004170,fpb,deepseek,deepseek-v4-pro,1,success,200,,,100,0,100,1,101,1111.06,4.437e-05,2026-07-20T16:40:07.972934+00:00,2026-07-20T16:40:09.084334+00:00
177,pilot,A,fpb-full-004175,fpb,deepseek,deepseek-v4-pro,1,success,200,,,73,0,73,1,74,1008.4,3.262e-05,2026-07-20T16:40:09.397807+00:00,2026-07-20T16:40:10.406241+00:00
178,pilot,A,fpb-full-004190,fpb,deepseek,deepseek-v4-pro,1,success,200,,,88,0,88,1,89,839.41,3.915e-05,2026-07-20T16:40:10.721965+00:00,2026-07-20T16:40:11.560612+00:00
179,pilot,A,fpb-full-004197,fpb,deepseek,deepseek-v4-pro,1,success,200,,,83,0,83,1,84,909.65,3.697e-05,2026-07-20T16:40:11.874955+00:00,2026-07-20T16:40:12.784517+00:00
180,pilot,A,fpb-full-004198,fpb,deepseek,deepseek-v4-pro,1,success,200,,,68,0,68,1,69,792.23,3.045e-05,2026-07-20T16:40:13.131824+00:00,2026-07-20T16:40:13.924089+00:00
181,pilot,A,fpb-full-004211,fpb,deepseek,deepseek-v4-pro,1,success,200,,,89,0,89,1,90,1294.24,3.958e-05,2026-07-20T16:40:14.258830+00:00,2026-07-20T16:40:15.553277+00:00
182,pilot,A,fpb-full-004220,fpb,deepseek,deepseek-v4-pro,1,success,200,,,72,0,72,1,73,1058.72,3.219e-05,2026-07-20T16:40:15.866232+00:00,2026-07-20T16:40:16.925229+00:00
183,pilot,A,fpb-full-004288,fpb,deepseek,deepseek-v4-pro,1,success,200,,,88,0,88,1,89,768.66,3.915e-05,2026-07-20T16:40:17.238331+00:00,2026-07-20T16:40:18.006986+00:00
184,pilot,A,fpb-full-004296,fpb,deepseek,deepseek-v4-pro,1,success,200,,,77,0,77,1,78,805.65,3.437e-05,2026-07-20T16:40:18.354269+00:00,2026-07-20T16:40:19.160100+00:00
185,pilot,A,fpb-full-004322,fpb,deepseek,deepseek-v4-pro,1,success,200,,,84,0,84,1,85,1024.27,3.741e-05,2026-07-20T16:40:19.473587+00:00,2026-07-20T16:40:20.497783+00:00
186,pilot,A,fpb-full-004358,fpb,deepseek,deepseek-v4-pro,1,success,200,,,72,0,72,1,73,1057.14,3.219e-05,2026-07-20T16:40:20.812325+00:00,2026-07-20T16:40:21.869701+00:00
187,pilot,A,fpb-full-004401,fpb,deepseek,deepseek-v4-pro,1,success,200,,,120,0,120,1,121,919.75,5.307e-05,2026-07-20T16:40:22.182614+00:00,2026-07-20T16:40:23.102509+00:00
188,pilot,A,fpb-full-004437,fpb,deepseek,deepseek-v4-pro,1,success,200,,,94,0,94,1,95,848.63,4.176e-05,2026-07-20T16:40:23.417091+00:00,2026-07-20T16:40:24.265405+00:00
189,pilot,A,fpb-full-004444,fpb,deepseek,deepseek-v4-pro,1,success,200,,,98,0,98,1,99,847.19,4.35e-05,2026-07-20T16:40:24.579288+00:00,2026-07-20T16:40:25.425915+00:00
190,pilot,A,fpb-full-004449,fpb,deepseek,deepseek-v4-pro,1,success,200,,,87,0,87,1,88,869.98,3.871e-05,2026-07-20T16:40:25.740060+00:00,2026-07-20T16:40:26.609729+00:00
191,pilot,A,fpb-full-004460,fpb,deepseek,deepseek-v4-pro,1,success,200,,,107,0,107,1,108,808.16,4.741e-05,2026-07-20T16:40:26.924277+00:00,2026-07-20T16:40:27.731484+00:00
192,pilot,A,fpb-full-004559,fpb,deepseek,deepseek-v4-pro,1,success,200,,,101,0,101,1,102,851.15,4.48e-05,2026-07-20T16:40:28.046377+00:00,2026-07-20T16:40:28.897079+00:00
193,pilot,A,fpb-full-004565,fpb,deepseek,deepseek-v4-pro,1,success,200,,,76,0,76,1,77,898.95,3.393e-05,2026-07-20T16:40:29.233006+00:00,2026-07-20T16:40:30.132172+00:00
194,pilot,A,fpb-full-004686,fpb,deepseek,deepseek-v4-pro,1,success,200,,,128,0,128,1,129,927.22,5.655e-05,2026-07-20T16:40:30.445793+00:00,2026-07-20T16:40:31.373183+00:00
195,pilot,A,fpb-full-004698,fpb,deepseek,deepseek-v4-pro,1,success,200,,,106,0,106,1,107,893.52,4.698e-05,2026-07-20T16:40:31.686662+00:00,2026-07-20T16:40:32.579558+00:00
196,pilot,A,fpb-full-004723,fpb,deepseek,deepseek-v4-pro,1,success,200,,,80,0,80,1,81,951.68,3.567e-05,2026-07-20T16:40:32.894087+00:00,2026-07-20T16:40:33.845501+00:00
197,pilot,A,fpb-full-004739,fpb,deepseek,deepseek-v4-pro,1,success,200,,,104,0,104,1,105,1106.4,4.611e-05,2026-07-20T16:40:34.159703+00:00,2026-07-20T16:40:35.265734+00:00
198,pilot,A,fpb-full-004804,fpb,deepseek,deepseek-v4-pro,1,success,200,,,104,0,104,1,105,686.71,4.611e-05,2026-07-20T16:40:35.580026+00:00,2026-07-20T16:40:36.267219+00:00
199,pilot,A,fpb-full-004835,fpb,deepseek,deepseek-v4-pro,1,success,200,,,89,0,89,1,90,883.84,3.958e-05,2026-07-20T16:40:36.580721+00:00,2026-07-20T16:40:37.464402+00:00
200,pilot,A,fpb-full-004844,fpb,deepseek,deepseek-v4-pro,1,success,200,,,95,0,95,1,96,797.46,4.219e-05,2026-07-20T16:40:37.778509+00:00,2026-07-20T16:40:38.575865+00:00
201,pilot,A,fiqa_sa-test-000014,fiqa_sa,deepseek,deepseek-v4-pro,1,success,200,,,78,0,78,1,79,846.58,3.48e-05,2026-07-20T16:40:38.890185+00:00,2026-07-20T16:40:39.737568+00:00
202,pilot,A,fiqa_sa-test-000040,fiqa_sa,deepseek,deepseek-v4-pro,1,success,200,,,75,0,75,1,76,763.59,3.349e-05,2026-07-20T16:40:40.052553+00:00,2026-07-20T16:40:40.816776+00:00
203,pilot,A,fiqa_sa-test-000041,fiqa_sa,deepseek,deepseek-v4-pro,1,success,200,,,74,0,74,1,75,641.47,3.306e-05,2026-07-20T16:40:41.130437+00:00,2026-07-20T16:40:41.771747+00:00
204,pilot,A,fiqa_sa-test-000047,fiqa_sa,deepseek,deepseek-v4-pro,1,success,200,,,71,0,71,1,72,1124.17,3.175e-05,2026-07-20T16:40:42.084876+00:00,2026-07-20T16:40:43.209592+00:00
205,pilot,A,fiqa_sa-test-000055,fiqa_sa,deepseek,deepseek-v4-pro,1,success,200,,,71,0,71,1,72,894.55,3.175e-05,2026-07-20T16:40:43.524378+00:00,2026-07-20T16:40:44.419060+00:00
206,pilot,A,fiqa_sa-test-000057,fiqa_sa,deepseek,deepseek-v4-pro,1,success,200,,,79,0,79,1,80,850.21,3.523e-05,2026-07-20T16:40:44.733389+00:00,2026-07-20T16:40:45.583384+00:00
207,pilot,A,fiqa_sa-test-000064,fiqa_sa,deepseek,deepseek-v4-pro,1,success,200,,,76,0,76,1,77,975.52,3.393e-05,2026-07-20T16:40:45.897081+00:00,2026-07-20T16:40:46.872045+00:00
208,pilot,A,fiqa_sa-test-000067,fiqa_sa,deepseek,deepseek-v4-pro,1,success,200,,,81,0,81,1,82,1151.92,3.611e-05,2026-07-20T16:40:47.186086+00:00,2026-07-20T16:40:48.337714+00:00
209,pilot,A,fiqa_sa-test-000069,fiqa_sa,deepseek,deepseek-v4-pro,1,success,200,,,79,0,79,1,80,786.71,3.523e-05,2026-07-20T16:40:48.651722+00:00,2026-07-20T16:40:49.438779+00:00
210,pilot,A,fiqa_sa-test-000076,fiqa_sa,deepseek,deepseek-v4-pro,1,success,200,,,81,0,81,1,82,914.43,3.611e-05,2026-07-20T16:40:49.752541+00:00,2026-07-20T16:40:50.666297+00:00
211,pilot,A,fiqa_sa-test-000079,fiqa_sa,deepseek,deepseek-v4-pro,1,success,200,,,76,0,76,1,77,906.56,3.393e-05,2026-07-20T16:40:50.980888+00:00,2026-07-20T16:40:51.887784+00:00
212,pilot,A,fiqa_sa-test-000095,fiqa_sa,deepseek,deepseek-v4-pro,1,success,200,,,69,0,69,1,70,639.02,3.088e-05,2026-07-20T16:40:52.200646+00:00,2026-07-20T16:40:52.839744+00:00
213,pilot,A,fiqa_sa-test-000097,fiqa_sa,deepseek,deepseek-v4-pro,1,success,200,,,76,0,76,1,77,869.7,3.393e-05,2026-07-20T16:40:53.154571+00:00,2026-07-20T16:40:54.024498+00:00
214,pilot,A,fiqa_sa-test-000104,fiqa_sa,deepseek,deepseek-v4-pro,1,success,200,,,86,0,86,1,87,1027.34,3.828e-05,2026-07-20T16:40:54.337948+00:00,2026-07-20T16:40:55.365358+00:00
215,pilot,A,fiqa_sa-test-000106,fiqa_sa,deepseek,deepseek-v4-pro,1,success,200,,,90,0,90,1,91,896.6,4.002e-05,2026-07-20T16:40:55.679470+00:00,2026-07-20T16:40:56.576086+00:00
216,pilot,A,fiqa_sa-test-000112,fiqa_sa,deepseek,deepseek-v4-pro,1,success,200,,,78,0,78,1,79,796.23,3.48e-05,2026-07-20T16:40:56.890102+00:00,2026-07-20T16:40:57.686425+00:00
217,pilot,A,fiqa_sa-test-000117,fiqa_sa,deepseek,deepseek-v4-pro,1,success,200,,,68,0,68,1,69,896.69,3.045e-05,2026-07-20T16:40:57.999953+00:00,2026-07-20T16:40:58.896390+00:00
218,pilot,A,fiqa_sa-test-000119,fiqa_sa,deepseek,deepseek-v4-pro,1,success,200,,,103,0,103,1,104,820.56,4.567e-05,2026-07-20T16:40:59.244184+00:00,2026-07-20T16:41:00.064899+00:00
219,pilot,A,fiqa_sa-test-000125,fiqa_sa,deepseek,deepseek-v4-pro,1,success,200,,,93,0,93,1,94,793.95,4.132e-05,2026-07-20T16:41:00.378182+00:00,2026-07-20T16:41:01.171804+00:00
220,pilot,A,fiqa_sa-test-000127,fiqa_sa,deepseek,deepseek-v4-pro,1,success,200,,,100,0,100,1,101,773.82,4.437e-05,2026-07-20T16:41:01.485985+00:00,2026-07-20T16:41:02.259008+00:00
221,pilot,A,fiqa_sa-test-000140,fiqa_sa,deepseek,deepseek-v4-pro,1,success,200,,,81,0,81,1,82,893.15,3.611e-05,2026-07-20T16:41:02.573416+00:00,2026-07-20T16:41:03.467205+00:00
222,pilot,A,fiqa_sa-test-000142,fiqa_sa,deepseek,deepseek-v4-pro,1,success,200,,,80,0,80,1,81,878.33,3.567e-05,2026-07-20T16:41:03.781016+00:00,2026-07-20T16:41:04.659248+00:00
223,pilot,A,fiqa_sa-test-000146,fiqa_sa,deepseek,deepseek-v4-pro,1,success,200,,,91,0,91,1,92,817.14,4.045e-05,2026-07-20T16:41:04.973388+00:00,2026-07-20T16:41:05.790684+00:00
224,pilot,A,fiqa_sa-test-000147,fiqa_sa,deepseek,deepseek-v4-pro,1,success,200,,,93,0,93,1,94,832.16,4.132e-05,2026-07-20T16:41:06.104288+00:00,2026-07-20T16:41:06.936612+00:00
225,pilot,A,fiqa_sa-test-000153,fiqa_sa,deepseek,deepseek-v4-pro,1,success,200,,,82,0,82,1,83,987.29,3.654e-05,2026-07-20T16:41:07.249544+00:00,2026-07-20T16:41:08.237119+00:00
226,pilot,A,fiqa_sa-test-000154,fiqa_sa,deepseek,deepseek-v4-pro,1,success,200,,,69,0,69,1,70,735.62,3.088e-05,2026-07-20T16:41:08.550235+00:00,2026-07-20T16:41:09.286524+00:00
227,pilot,A,fiqa_sa-test-000159,fiqa_sa,deepseek,deepseek-v4-pro,1,success,200,,,79,0,79,1,80,605.38,3.523e-05,2026-07-20T16:41:09.600155+00:00,2026-07-20T16:41:10.204930+00:00
228,pilot,A,fiqa_sa-test-000169,fiqa_sa,deepseek,deepseek-v4-pro,1,success,200,,,87,0,87,1,88,1169.46,3.871e-05,2026-07-20T16:41:10.518444+00:00,2026-07-20T16:41:11.688308+00:00
229,pilot,A,fiqa_sa-test-000174,fiqa_sa,deepseek,deepseek-v4-pro,1,success,200,,,98,0,98,1,99,977.24,4.35e-05,2026-07-20T16:41:12.002344+00:00,2026-07-20T16:41:12.978903+00:00
230,pilot,A,fiqa_sa-test-000177,fiqa_sa,deepseek,deepseek-v4-pro,1,success,200,,,88,0,88,1,89,921.79,3.915e-05,2026-07-20T16:41:13.294702+00:00,2026-07-20T16:41:14.216197+00:00
231,pilot,A,fiqa_sa-test-000187,fiqa_sa,deepseek,deepseek-v4-pro,1,success,200,,,106,0,106,1,107,873.75,4.698e-05,2026-07-20T16:41:14.530445+00:00,2026-07-20T16:41:15.404415+00:00
232,pilot,A,fiqa_sa-test-000188,fiqa_sa,deepseek,deepseek-v4-pro,1,success,200,,,67,0,67,1,68,858.1,3.001e-05,2026-07-20T16:41:15.717698+00:00,2026-07-20T16:41:16.575288+00:00
233,pilot,A,fiqa_sa-test-000191,fiqa_sa,deepseek,deepseek-v4-pro,1,success,200,,,71,0,71,1,72,977.26,3.175e-05,2026-07-20T16:41:16.889470+00:00,2026-07-20T16:41:17.866930+00:00
234,pilot,A,fiqa_sa-test-000195,fiqa_sa,deepseek,deepseek-v4-pro,1,success,200,,,71,0,71,1,72,879.79,3.175e-05,2026-07-20T16:41:18.181512+00:00,2026-07-20T16:41:19.061449+00:00
235,pilot,A,fiqa_sa-test-000206,fiqa_sa,deepseek,deepseek-v4-pro,1,success,200,,,85,0,85,1,86,872.73,3.785e-05,2026-07-20T16:41:19.375193+00:00,2026-07-20T16:41:20.247929+00:00
236,pilot,A,fiqa_sa-test-000211,fiqa_sa,deepseek,deepseek-v4-pro,1,success,200,,,102,0,102,1,103,922.52,4.524e-05,2026-07-20T16:41:20.561140+00:00,2026-07-20T16:41:21.483843+00:00
237,pilot,A,fiqa_sa-test-000214,fiqa_sa,deepseek,deepseek-v4-pro,1,success,200,,,85,0,85,1,86,864.89,3.785e-05,2026-07-20T16:41:21.798175+00:00,2026-07-20T16:41:22.662425+00:00
238,pilot,A,fiqa_sa-test-000223,fiqa_sa,deepseek,deepseek-v4-pro,1,success,200,,,81,0,81,1,82,912.5,3.611e-05,2026-07-20T16:41:22.976397+00:00,2026-07-20T16:41:23.889414+00:00
239,pilot,A,fiqa_sa-test-000228,fiqa_sa,deepseek,deepseek-v4-pro,1,success,200,,,72,0,72,1,73,1171.57,3.219e-05,2026-07-20T16:41:24.202576+00:00,2026-07-20T16:41:25.373891+00:00
240,pilot,A,fiqa_sa-test-000233,fiqa_sa,deepseek,deepseek-v4-pro,1,success,200,,,112,0,112,1,113,859.26,4.959e-05,2026-07-20T16:41:25.687751+00:00,2026-07-20T16:41:26.547138+00:00
241,pilot,A,fiqa_sa-train-000014,fiqa_sa,deepseek,deepseek-v4-pro,1,success,200,,,78,0,78,1,79,896.54,3.48e-05,2026-07-20T16:41:26.861382+00:00,2026-07-20T16:41:27.757964+00:00
242,pilot,A,fiqa_sa-train-000015,fiqa_sa,deepseek,deepseek-v4-pro,1,success,200,,,76,0,76,1,77,1197.62,3.393e-05,2026-07-20T16:41:28.071174+00:00,2026-07-20T16:41:29.269085+00:00
243,pilot,A,fiqa_sa-train-000016,fiqa_sa,deepseek,deepseek-v4-pro,1,success,200,,,77,0,77,1,78,970.96,3.437e-05,2026-07-20T16:41:29.582034+00:00,2026-07-20T16:41:30.552307+00:00
244,pilot,A,fiqa_sa-train-000024,fiqa_sa,deepseek,deepseek-v4-pro,1,success,200,,,76,0,76,1,77,1038.44,3.393e-05,2026-07-20T16:41:30.867586+00:00,2026-07-20T16:41:31.905821+00:00
245,pilot,A,fiqa_sa-train-000027,fiqa_sa,deepseek,deepseek-v4-pro,1,success,200,,,80,0,80,1,81,802.15,3.567e-05,2026-07-20T16:41:32.220336+00:00,2026-07-20T16:41:33.022541+00:00
246,pilot,A,fiqa_sa-train-000030,fiqa_sa,deepseek,deepseek-v4-pro,1,success,200,,,80,0,80,1,81,924.43,3.567e-05,2026-07-20T16:41:33.337008+00:00,2026-07-20T16:41:34.261607+00:00
247,pilot,A,fiqa_sa-train-000031,fiqa_sa,deepseek,deepseek-v4-pro,1,success,200,,,70,0,70,1,71,865.54,3.132e-05,2026-07-20T16:41:34.576314+00:00,2026-07-20T16:41:35.442508+00:00
248,pilot,A,fiqa_sa-train-000041,fiqa_sa,deepseek,deepseek-v4-pro,1,success,200,,,80,0,80,1,81,950.55,3.567e-05,2026-07-20T16:41:35.757131+00:00,2026-07-20T16:41:36.707478+00:00
249,pilot,A,fiqa_sa-train-000048,fiqa_sa,deepseek,deepseek-v4-pro,1,success,200,,,80,0,80,1,81,1170.81,3.567e-05,2026-07-20T16:41:37.020842+00:00,2026-07-20T16:41:38.191532+00:00
250,pilot,A,fiqa_sa-train-000050,fiqa_sa,deepseek,deepseek-v4-pro,1,success,200,,,72,0,72,1,73,1026.09,3.219e-05,2026-07-20T16:41:38.507457+00:00,2026-07-20T16:41:39.533256+00:00
251,pilot,A,fiqa_sa-train-000051,fiqa_sa,deepseek,deepseek-v4-pro,1,success,200,,,72,0,72,1,73,848.8,3.219e-05,2026-07-20T16:41:39.847913+00:00,2026-07-20T16:41:40.696132+00:00
252,pilot,A,fiqa_sa-train-000054,fiqa_sa,deepseek,deepseek-v4-pro,1,success,200,,,82,0,82,1,83,829.3,3.654e-05,2026-07-20T16:41:41.011096+00:00,2026-07-20T16:41:41.839870+00:00
253,pilot,A,fiqa_sa-train-000059,fiqa_sa,deepseek,deepseek-v4-pro,1,success,200,,,72,0,72,1,73,860.42,3.219e-05,2026-07-20T16:41:42.156005+00:00,2026-07-20T16:41:43.016388+00:00
254,pilot,A,fiqa_sa-train-000061,fiqa_sa,deepseek,deepseek-v4-pro,1,success,200,,,75,0,75,1,76,978.45,3.349e-05,2026-07-20T16:41:43.330126+00:00,2026-07-20T16:41:44.308659+00:00
255,pilot,A,fiqa_sa-train-000063,fiqa_sa,deepseek,deepseek-v4-pro,1,success,200,,,75,0,75,1,76,897.5,3.349e-05,2026-07-20T16:41:44.621536+00:00,2026-07-20T16:41:45.519187+00:00
256,pilot,A,fiqa_sa-train-000070,fiqa_sa,deepseek,deepseek-v4-pro,1,success,200,,,83,0,83,1,84,1054.66,3.697e-05,2026-07-20T16:41:45.833696+00:00,2026-07-20T16:41:46.889386+00:00
257,pilot,A,fiqa_sa-train-000075,fiqa_sa,deepseek,deepseek-v4-pro,1,success,200,,,74,0,74,1,75,1104.58,3.306e-05,2026-07-20T16:41:47.202621+00:00,2026-07-20T16:41:48.307124+00:00
258,pilot,A,fiqa_sa-train-000089,fiqa_sa,deepseek,deepseek-v4-pro,1,success,200,,,71,0,71,1,72,902.82,3.175e-05,2026-07-20T16:41:48.620917+00:00,2026-07-20T16:41:49.523859+00:00
259,pilot,A,fiqa_sa-train-000092,fiqa_sa,deepseek,deepseek-v4-pro,1,success,200,,,82,0,82,1,83,622.03,3.654e-05,2026-07-20T16:41:49.837937+00:00,2026-07-20T16:41:50.459863+00:00
260,pilot,A,fiqa_sa-train-000097,fiqa_sa,deepseek,deepseek-v4-pro,1,success,200,,,74,0,74,1,75,1054.28,3.306e-05,2026-07-20T16:41:50.773577+00:00,2026-07-20T16:41:51.827798+00:00
261,pilot,A,fiqa_sa-train-000099,fiqa_sa,deepseek,deepseek-v4-pro,1,success,200,,,73,0,73,1,74,866.47,3.262e-05,2026-07-20T16:41:52.142320+00:00,2026-07-20T16:41:53.008375+00:00
262,pilot,A,fiqa_sa-train-000100,fiqa_sa,deepseek,deepseek-v4-pro,1,success,200,,,72,0,72,1,73,819.2,3.219e-05,2026-07-20T16:41:53.322053+00:00,2026-07-20T16:41:54.140723+00:00
263,pilot,A,fiqa_sa-train-000118,fiqa_sa,deepseek,deepseek-v4-pro,1,success,200,,,86,0,86,1,87,963.38,3.828e-05,2026-07-20T16:41:54.454925+00:00,2026-07-20T16:41:55.417779+00:00
264,pilot,A,fiqa_sa-train-000123,fiqa_sa,deepseek,deepseek-v4-pro,1,success,200,,,70,0,70,1,71,944.23,3.132e-05,2026-07-20T16:41:55.732211+00:00,2026-07-20T16:41:56.675427+00:00
265,pilot,A,fiqa_sa-train-000124,fiqa_sa,deepseek,deepseek-v4-pro,1,success,200,,,79,0,79,1,80,831.99,3.523e-05,2026-07-20T16:41:56.990052+00:00,2026-07-20T16:41:57.821842+00:00
266,pilot,A,fiqa_sa-train-000129,fiqa_sa,deepseek,deepseek-v4-pro,1,success,200,,,79,0,79,1,80,888.93,3.523e-05,2026-07-20T16:41:58.136222+00:00,2026-07-20T16:41:59.024687+00:00
267,pilot,A,fiqa_sa-train-000140,fiqa_sa,deepseek,deepseek-v4-pro,1,success,200,,,70,0,70,1,71,840.61,3.132e-05,2026-07-20T16:41:59.339109+00:00,2026-07-20T16:42:00.179030+00:00
268,pilot,A,fiqa_sa-train-000144,fiqa_sa,deepseek,deepseek-v4-pro,1,success,200,,,76,0,76,1,77,819.52,3.393e-05,2026-07-20T16:42:00.493674+00:00,2026-07-20T16:42:01.313505+00:00
269,pilot,A,fiqa_sa-train-000145,fiqa_sa,deepseek,deepseek-v4-pro,1,success,200,,,70,0,70,1,71,833.44,3.132e-05,2026-07-20T16:42:01.627454+00:00,2026-07-20T16:42:02.461137+00:00
270,pilot,A,fiqa_sa-train-000155,fiqa_sa,deepseek,deepseek-v4-pro,1,success,200,,,81,0,81,1,82,1030.56,3.611e-05,2026-07-20T16:42:02.775547+00:00,2026-07-20T16:42:03.805516+00:00
271,pilot,A,fiqa_sa-train-000174,fiqa_sa,deepseek,deepseek-v4-pro,1,success,200,,,79,0,79,1,80,845.43,3.523e-05,2026-07-20T16:42:04.119869+00:00,2026-07-20T16:42:04.965741+00:00
272,pilot,A,fiqa_sa-train-000176,fiqa_sa,deepseek,deepseek-v4-pro,1,success,200,,,73,0,73,1,74,658.17,3.262e-05,2026-07-20T16:42:05.281611+00:00,2026-07-20T16:42:05.939426+00:00
273,pilot,A,fiqa_sa-train-000181,fiqa_sa,deepseek,deepseek-v4-pro,1,success,200,,,77,0,77,1,78,793.93,3.437e-05,2026-07-20T16:42:06.254039+00:00,2026-07-20T16:42:07.047608+00:00
274,pilot,A,fiqa_sa-train-000183,fiqa_sa,deepseek,deepseek-v4-pro,1,success,200,,,70,0,70,1,71,820.47,3.132e-05,2026-07-20T16:42:07.393525+00:00,2026-07-20T16:42:08.213797+00:00
275,pilot,A,fiqa_sa-train-000203,fiqa_sa,deepseek,deepseek-v4-pro,1,success,200,,,72,0,72,1,73,951.47,3.219e-05,2026-07-20T16:42:08.529246+00:00,2026-07-20T16:42:09.480520+00:00
276,pilot,A,fiqa_sa-train-000205,fiqa_sa,deepseek,deepseek-v4-pro,1,success,200,,,69,0,69,1,70,970.8,3.088e-05,2026-07-20T16:42:09.795154+00:00,2026-07-20T16:42:10.765970+00:00
277,pilot,A,fiqa_sa-train-000206,fiqa_sa,deepseek,deepseek-v4-pro,1,success,200,,,83,0,83,1,84,955.38,3.697e-05,2026-07-20T16:42:11.081196+00:00,2026-07-20T16:42:12.036497+00:00
278,pilot,A,fiqa_sa-train-000210,fiqa_sa,deepseek,deepseek-v4-pro,1,success,200,,,76,0,76,1,77,778.98,3.393e-05,2026-07-20T16:42:12.350160+00:00,2026-07-20T16:42:13.128640+00:00
279,pilot,A,fiqa_sa-train-000234,fiqa_sa,deepseek,deepseek-v4-pro,1,success,200,,,73,0,73,1,74,1078.46,3.262e-05,2026-07-20T16:42:13.443562+00:00,2026-07-20T16:42:14.523001+00:00
280,pilot,A,fiqa_sa-train-000239,fiqa_sa,deepseek,deepseek-v4-pro,1,success,200,,,71,0,71,1,72,884.53,3.175e-05,2026-07-20T16:42:14.836535+00:00,2026-07-20T16:42:15.721276+00:00
281,pilot,A,fiqa_sa-train-000247,fiqa_sa,deepseek,deepseek-v4-pro,1,success,200,,,76,0,76,1,77,818.51,3.393e-05,2026-07-20T16:42:16.035072+00:00,2026-07-20T16:42:16.853206+00:00
282,pilot,A,fiqa_sa-train-000254,fiqa_sa,deepseek,deepseek-v4-pro,1,success,200,,,80,0,80,1,81,843.07,3.567e-05,2026-07-20T16:42:17.167401+00:00,2026-07-20T16:42:18.010726+00:00
283,pilot,A,fiqa_sa-train-000259,fiqa_sa,deepseek,deepseek-v4-pro,1,success,200,,,76,0,76,1,77,667.92,3.393e-05,2026-07-20T16:42:18.324612+00:00,2026-07-20T16:42:18.992642+00:00
284,pilot,A,fiqa_sa-train-000262,fiqa_sa,deepseek,deepseek-v4-pro,1,success,200,,,81,0,81,1,82,782.83,3.611e-05,2026-07-20T16:42:19.306078+00:00,2026-07-20T16:42:20.089180+00:00
285,pilot,A,fiqa_sa-train-000263,fiqa_sa,deepseek,deepseek-v4-pro,1,success,200,,,80,0,80,1,81,717.55,3.567e-05,2026-07-20T16:42:20.403289+00:00,2026-07-20T16:42:21.120973+00:00
286,pilot,A,fiqa_sa-train-000272,fiqa_sa,deepseek,deepseek-v4-pro,1,success,200,,,75,0,75,1,76,903.6,3.349e-05,2026-07-20T16:42:21.434461+00:00,2026-07-20T16:42:22.337915+00:00
287,pilot,A,fiqa_sa-train-000274,fiqa_sa,deepseek,deepseek-v4-pro,1,success,200,,,81,0,81,1,82,878.47,3.611e-05,2026-07-20T16:42:22.652294+00:00,2026-07-20T16:42:23.531054+00:00
288,pilot,A,fiqa_sa-train-000276,fiqa_sa,deepseek,deepseek-v4-pro,1,success,200,,,77,0,77,1,78,1169.3,3.437e-05,2026-07-20T16:42:23.845376+00:00,2026-07-20T16:42:25.013916+00:00
289,pilot,A,fiqa_sa-train-000280,fiqa_sa,deepseek,deepseek-v4-pro,1,success,200,,,75,0,75,1,76,1117.73,3.349e-05,2026-07-20T16:42:25.328517+00:00,2026-07-20T16:42:26.446306+00:00
290,pilot,A,fiqa_sa-train-000282,fiqa_sa,deepseek,deepseek-v4-pro,1,success,200,,,75,0,75,1,76,836.33,3.349e-05,2026-07-20T16:42:26.760777+00:00,2026-07-20T16:42:27.597370+00:00
291,pilot,A,fiqa_sa-train-000284,fiqa_sa,deepseek,deepseek-v4-pro,1,success,200,,,72,0,72,1,73,791.55,3.219e-05,2026-07-20T16:42:27.910752+00:00,2026-07-20T16:42:28.701964+00:00
292,pilot,A,fiqa_sa-train-000289,fiqa_sa,deepseek,deepseek-v4-pro,1,success,200,,,73,0,73,1,74,900.99,3.262e-05,2026-07-20T16:42:29.017341+00:00,2026-07-20T16:42:29.918710+00:00
293,pilot,A,fiqa_sa-train-000291,fiqa_sa,deepseek,deepseek-v4-pro,1,success,200,,,74,0,74,1,75,883.41,3.306e-05,2026-07-20T16:42:30.232763+00:00,2026-07-20T16:42:31.115372+00:00
294,pilot,A,fiqa_sa-train-000303,fiqa_sa,deepseek,deepseek-v4-pro,1,success,200,,,77,0,77,1,78,848.76,3.437e-05,2026-07-20T16:42:31.430910+00:00,2026-07-20T16:42:32.279741+00:00
295,pilot,A,fiqa_sa-train-000307,fiqa_sa,deepseek,deepseek-v4-pro,1,success,200,,,73,0,73,1,74,828.73,3.262e-05,2026-07-20T16:42:32.593831+00:00,2026-07-20T16:42:33.423058+00:00
296,pilot,A,fiqa_sa-train-000310,fiqa_sa,deepseek,deepseek-v4-pro,1,success,200,,,80,0,80,1,81,903.21,3.567e-05,2026-07-20T16:42:33.737074+00:00,2026-07-20T16:42:34.640226+00:00
297,pilot,A,fiqa_sa-train-000312,fiqa_sa,deepseek,deepseek-v4-pro,1,success,200,,,70,0,70,1,71,777.53,3.132e-05,2026-07-20T16:42:34.955533+00:00,2026-07-20T16:42:35.733160+00:00
298,pilot,A,fiqa_sa-train-000317,fiqa_sa,deepseek,deepseek-v4-pro,1,success,200,,,76,0,76,1,77,738.96,3.393e-05,2026-07-20T16:42:36.047831+00:00,2026-07-20T16:42:36.786639+00:00
299,pilot,A,fiqa_sa-train-000318,fiqa_sa,deepseek,deepseek-v4-pro,1,success,200,,,77,0,77,1,78,1002.55,3.437e-05,2026-07-20T16:42:37.099803+00:00,2026-07-20T16:42:38.102341+00:00
300,pilot,A,fiqa_sa-train-000325,fiqa_sa,deepseek,deepseek-v4-pro,1,success,200,,,79,0,79,1,80,931.2,3.523e-05,2026-07-20T16:42:38.416319+00:00,2026-07-20T16:42:39.347100+00:00
301,pilot,A,fiqa_sa-train-000339,fiqa_sa,deepseek,deepseek-v4-pro,1,success,200,,,77,0,77,1,78,599.8,3.437e-05,2026-07-20T16:42:39.661695+00:00,2026-07-20T16:42:40.261720+00:00
302,pilot,A,fiqa_sa-train-000342,fiqa_sa,deepseek,deepseek-v4-pro,1,success,200,,,72,0,72,1,73,867.43,3.219e-05,2026-07-20T16:42:40.574626+00:00,2026-07-20T16:42:41.442077+00:00
303,pilot,A,fiqa_sa-train-000343,fiqa_sa,deepseek,deepseek-v4-pro,1,success,200,,,72,0,72,1,73,862.89,3.219e-05,2026-07-20T16:42:41.757858+00:00,2026-07-20T16:42:42.620190+00:00
304,pilot,A,fiqa_sa-train-000345,fiqa_sa,deepseek,deepseek-v4-pro,1,success,200,,,75,0,75,1,76,739.11,3.349e-05,2026-07-20T16:42:42.935746+00:00,2026-07-20T16:42:43.674727+00:00
305,pilot,A,fiqa_sa-train-000351,fiqa_sa,deepseek,deepseek-v4-pro,1,success,200,,,81,0,81,1,82,826.52,3.611e-05,2026-07-20T16:42:43.990952+00:00,2026-07-20T16:42:44.817827+00:00
306,pilot,A,fiqa_sa-train-000356,fiqa_sa,deepseek,deepseek-v4-pro,1,success,200,,,99,0,99,1,100,900.48,4.393e-05,2026-07-20T16:42:45.131576+00:00,2026-07-20T16:42:46.032068+00:00
307,pilot,A,fiqa_sa-train-000357,fiqa_sa,deepseek,deepseek-v4-pro,1,success,200,,,91,0,91,1,92,857.57,4.045e-05,2026-07-20T16:42:46.345847+00:00,2026-07-20T16:42:47.203205+00:00
308,pilot,A,fiqa_sa-train-000367,fiqa_sa,deepseek,deepseek-v4-pro,1,success,200,,,83,0,83,1,84,644.48,3.697e-05,2026-07-20T16:42:47.517686+00:00,2026-07-20T16:42:48.162838+00:00
309,pilot,A,fiqa_sa-train-000373,fiqa_sa,deepseek,deepseek-v4-pro,1,success,200,,,89,0,89,1,90,998.01,3.958e-05,2026-07-20T16:42:48.476717+00:00,2026-07-20T16:42:49.474871+00:00
310,pilot,A,fiqa_sa-train-000374,fiqa_sa,deepseek,deepseek-v4-pro,1,success,200,,,93,0,93,1,94,869.81,4.132e-05,2026-07-20T16:42:49.788730+00:00,2026-07-20T16:42:50.658584+00:00
311,pilot,A,fiqa_sa-train-000386,fiqa_sa,deepseek,deepseek-v4-pro,1,success,200,,,78,0,78,1,79,858.28,3.48e-05,2026-07-20T16:42:51.003108+00:00,2026-07-20T16:42:51.861618+00:00
312,pilot,A,fiqa_sa-train-000399,fiqa_sa,deepseek,deepseek-v4-pro,1,success,200,,,110,0,110,1,111,659.92,4.872e-05,2026-07-20T16:42:52.175543+00:00,2026-07-20T16:42:52.835562+00:00
313,pilot,A,fiqa_sa-train-000414,fiqa_sa,deepseek,deepseek-v4-pro,1,success,200,,,90,0,90,1,91,710.16,4.002e-05,2026-07-20T16:42:53.150093+00:00,2026-07-20T16:42:53.859803+00:00
314,pilot,A,fiqa_sa-train-000419,fiqa_sa,deepseek,deepseek-v4-pro,1,success,200,,,83,0,83,1,84,680.99,3.697e-05,2026-07-20T16:42:54.174224+00:00,2026-07-20T16:42:54.855439+00:00
315,pilot,A,fiqa_sa-train-000428,fiqa_sa,deepseek,deepseek-v4-pro,1,success,200,,,90,0,90,1,91,675.91,4.002e-05,2026-07-20T16:42:55.170553+00:00,2026-07-20T16:42:55.846712+00:00
316,pilot,A,fiqa_sa-train-000429,fiqa_sa,deepseek,deepseek-v4-pro,1,success,200,,,95,0,95,1,96,864.52,4.219e-05,2026-07-20T16:42:56.161748+00:00,2026-07-20T16:42:57.025545+00:00
317,pilot,A,fiqa_sa-train-000436,fiqa_sa,deepseek,deepseek-v4-pro,1,success,200,,,89,0,89,1,90,743.89,3.958e-05,2026-07-20T16:42:57.340621+00:00,2026-07-20T16:42:58.084882+00:00
318,pilot,A,fiqa_sa-train-000452,fiqa_sa,deepseek,deepseek-v4-pro,1,success,200,,,94,0,94,1,95,826.86,4.176e-05,2026-07-20T16:42:58.398934+00:00,2026-07-20T16:42:59.225463+00:00
319,pilot,A,fiqa_sa-train-000454,fiqa_sa,deepseek,deepseek-v4-pro,1,success,200,,,86,0,86,1,87,861.6,3.828e-05,2026-07-20T16:42:59.540834+00:00,2026-07-20T16:43:00.402499+00:00
320,pilot,A,fiqa_sa-train-000458,fiqa_sa,deepseek,deepseek-v4-pro,1,success,200,,,90,0,90,1,91,616.77,4.002e-05,2026-07-20T16:43:00.717921+00:00,2026-07-20T16:43:01.334379+00:00
321,pilot,A,fiqa_sa-train-000461,fiqa_sa,deepseek,deepseek-v4-pro,1,success,200,,,76,0,76,1,77,664.62,3.393e-05,2026-07-20T16:43:01.648096+00:00,2026-07-20T16:43:02.312613+00:00
322,pilot,A,fiqa_sa-train-000463,fiqa_sa,deepseek,deepseek-v4-pro,1,success,200,,,73,0,73,1,74,824.49,3.262e-05,2026-07-20T16:43:02.628112+00:00,2026-07-20T16:43:03.452887+00:00
323,pilot,A,fiqa_sa-train-000464,fiqa_sa,deepseek,deepseek-v4-pro,1,success,200,,,76,0,76,1,77,826.53,3.393e-05,2026-07-20T16:43:03.767290+00:00,2026-07-20T16:43:04.594595+00:00
324,pilot,A,fiqa_sa-train-000467,fiqa_sa,deepseek,deepseek-v4-pro,1,success,200,,,98,0,98,1,99,889.32,4.35e-05,2026-07-20T16:43:04.908530+00:00,2026-07-20T16:43:05.797131+00:00
325,pilot,A,fiqa_sa-train-000475,fiqa_sa,deepseek,deepseek-v4-pro,1,success,200,,,95,0,95,1,96,879.51,4.219e-05,2026-07-20T16:43:06.112041+00:00,2026-07-20T16:43:06.991093+00:00
326,pilot,A,fiqa_sa-train-000477,fiqa_sa,deepseek,deepseek-v4-pro,1,success,200,,,76,0,76,1,77,853.74,3.393e-05,2026-07-20T16:43:07.306270+00:00,2026-07-20T16:43:08.159940+00:00
327,pilot,A,fiqa_sa-train-000478,fiqa_sa,deepseek,deepseek-v4-pro,1,success,200,,,98,0,98,1,99,930.47,4.35e-05,2026-07-20T16:43:08.474263+00:00,2026-07-20T16:43:09.404053+00:00
328,pilot,A,fiqa_sa-train-000486,fiqa_sa,deepseek,deepseek-v4-pro,1,success,200,,,88,0,88,1,89,868.01,3.915e-05,2026-07-20T16:43:09.719346+00:00,2026-07-20T16:43:10.587377+00:00
329,pilot,A,fiqa_sa-train-000495,fiqa_sa,deepseek,deepseek-v4-pro,1,success,200,,,105,0,105,1,106,855.55,4.654e-05,2026-07-20T16:43:10.902515+00:00,2026-07-20T16:43:11.757961+00:00
330,pilot,A,fiqa_sa-train-000500,fiqa_sa,deepseek,deepseek-v4-pro,1,success,200,,,72,0,72,1,73,906.55,3.219e-05,2026-07-20T16:43:12.073479+00:00,2026-07-20T16:43:12.979191+00:00
331,pilot,A,fiqa_sa-train-000504,fiqa_sa,deepseek,deepseek-v4-pro,1,success,200,,,66,0,66,1,67,966.84,2.958e-05,2026-07-20T16:43:13.293871+00:00,2026-07-20T16:43:14.260284+00:00
332,pilot,A,fiqa_sa-train-000506,fiqa_sa,deepseek,deepseek-v4-pro,1,success,200,,,89,0,89,1,90,1194.3,3.958e-05,2026-07-20T16:43:14.574705+00:00,2026-07-20T16:43:15.769093+00:00
333,pilot,A,fiqa_sa-train-000513,fiqa_sa,deepseek,deepseek-v4-pro,1,success,200,,,65,0,65,1,66,989.26,2.914e-05,2026-07-20T16:43:16.083961+00:00,2026-07-20T16:43:17.072642+00:00
334,pilot,A,fiqa_sa-train-000514,fiqa_sa,deepseek,deepseek-v4-pro,1,success,200,,,88,0,88,1,89,699.93,3.915e-05,2026-07-20T16:43:17.387289+00:00,2026-07-20T16:43:18.087578+00:00
335,pilot,A,fiqa_sa-train-000515,fiqa_sa,deepseek,deepseek-v4-pro,1,success,200,,,93,0,93,1,94,1173.5,4.132e-05,2026-07-20T16:43:18.402542+00:00,2026-07-20T16:43:19.573889+00:00
336,pilot,A,fiqa_sa-train-000519,fiqa_sa,deepseek,deepseek-v4-pro,1,success,200,,,91,0,91,1,92,967.84,4.045e-05,2026-07-20T16:43:19.890704+00:00,2026-07-20T16:43:20.858717+00:00
337,pilot,A,fiqa_sa-train-000523,fiqa_sa,deepseek,deepseek-v4-pro,1,success,200,,,74,0,74,1,75,1064.12,3.306e-05,2026-07-20T16:43:21.173051+00:00,2026-07-20T16:43:22.237071+00:00
338,pilot,A,fiqa_sa-train-000526,fiqa_sa,deepseek,deepseek-v4-pro,1,success,200,,,88,0,88,1,89,898.44,3.915e-05,2026-07-20T16:43:22.551675+00:00,2026-07-20T16:43:23.450016+00:00
339,pilot,A,fiqa_sa-train-000530,fiqa_sa,deepseek,deepseek-v4-pro,1,success,200,,,71,0,71,1,72,774.01,3.175e-05,2026-07-20T16:43:23.765116+00:00,2026-07-20T16:43:24.539060+00:00
340,pilot,A,fiqa_sa-train-000542,fiqa_sa,deepseek,deepseek-v4-pro,1,success,200,,,80,0,80,1,81,733.42,3.567e-05,2026-07-20T16:43:24.853965+00:00,2026-07-20T16:43:25.587037+00:00
341,pilot,A,fiqa_sa-train-000552,fiqa_sa,deepseek,deepseek-v4-pro,1,success,200,,,90,0,90,1,91,662.03,4.002e-05,2026-07-20T16:43:25.901703+00:00,2026-07-20T16:43:26.563926+00:00
342,pilot,A,fiqa_sa-train-000553,fiqa_sa,deepseek,deepseek-v4-pro,1,success,200,,,73,0,73,1,74,787.75,3.262e-05,2026-07-20T16:43:26.906956+00:00,2026-07-20T16:43:27.694682+00:00
343,pilot,A,fiqa_sa-train-000556,fiqa_sa,deepseek,deepseek-v4-pro,1,success,200,,,103,0,103,1,104,857.94,4.567e-05,2026-07-20T16:43:28.009544+00:00,2026-07-20T16:43:28.867548+00:00
344,pilot,A,fiqa_sa-train-000574,fiqa_sa,deepseek,deepseek-v4-pro,1,success,200,,,85,0,85,1,86,818.02,3.785e-05,2026-07-20T16:43:29.190277+00:00,2026-07-20T16:43:30.008097+00:00
345,pilot,A,fiqa_sa-train-000578,fiqa_sa,deepseek,deepseek-v4-pro,1,success,200,,,78,0,78,1,79,766.01,3.48e-05,2026-07-20T16:43:30.322107+00:00,2026-07-20T16:43:31.088385+00:00
346,pilot,A,fiqa_sa-train-000579,fiqa_sa,deepseek,deepseek-v4-pro,1,success,200,,,81,0,81,1,82,807.73,3.611e-05,2026-07-20T16:43:31.402668+00:00,2026-07-20T16:43:32.210653+00:00
347,pilot,A,fiqa_sa-train-000593,fiqa_sa,deepseek,deepseek-v4-pro,1,success,200,,,88,0,88,1,89,895.42,3.915e-05,2026-07-20T16:43:32.525070+00:00,2026-07-20T16:43:33.420342+00:00
348,pilot,A,fiqa_sa-train-000598,fiqa_sa,deepseek,deepseek-v4-pro,1,success,200,,,91,0,91,1,92,857.65,4.045e-05,2026-07-20T16:43:33.734470+00:00,2026-07-20T16:43:34.592822+00:00
349,pilot,A,fiqa_sa-train-000615,fiqa_sa,deepseek,deepseek-v4-pro,1,success,200,,,69,0,69,1,70,798.21,3.088e-05,2026-07-20T16:43:34.907076+00:00,2026-07-20T16:43:35.705300+00:00
350,pilot,A,fiqa_sa-train-000634,fiqa_sa,deepseek,deepseek-v4-pro,1,success,200,,,69,0,69,1,70,1129.65,3.088e-05,2026-07-20T16:43:36.019241+00:00,2026-07-20T16:43:37.149124+00:00
351,pilot,A,fiqa_sa-train-000637,fiqa_sa,deepseek,deepseek-v4-pro,1,success,200,,,88,0,88,1,89,863.75,3.915e-05,2026-07-20T16:43:37.464017+00:00,2026-07-20T16:43:38.327732+00:00
352,pilot,A,fiqa_sa-train-000646,fiqa_sa,deepseek,deepseek-v4-pro,1,success,200,,,95,0,95,1,96,845.01,4.219e-05,2026-07-20T16:43:38.642684+00:00,2026-07-20T16:43:39.488468+00:00
353,pilot,A,fiqa_sa-train-000648,fiqa_sa,deepseek,deepseek-v4-pro,1,success,200,,,94,0,94,1,95,832.9,4.176e-05,2026-07-20T16:43:39.802032+00:00,2026-07-20T16:43:40.635072+00:00
354,pilot,A,fiqa_sa-train-000664,fiqa_sa,deepseek,deepseek-v4-pro,1,success,200,,,85,0,85,1,86,817.35,3.785e-05,2026-07-20T16:43:40.950070+00:00,2026-07-20T16:43:41.767838+00:00
355,pilot,A,fiqa_sa-train-000674,fiqa_sa,deepseek,deepseek-v4-pro,1,success,200,,,92,0,92,1,93,673.83,4.089e-05,2026-07-20T16:43:42.083426+00:00,2026-07-20T16:43:42.757046+00:00
356,pilot,A,fiqa_sa-train-000683,fiqa_sa,deepseek,deepseek-v4-pro,1,success,200,,,90,0,90,1,91,830.13,4.002e-05,2026-07-20T16:43:43.070902+00:00,2026-07-20T16:43:43.900936+00:00
357,pilot,A,fiqa_sa-train-000685,fiqa_sa,deepseek,deepseek-v4-pro,1,success,200,,,74,0,74,1,75,779.47,3.306e-05,2026-07-20T16:43:44.214948+00:00,2026-07-20T16:43:44.994080+00:00
358,pilot,A,fiqa_sa-train-000688,fiqa_sa,deepseek,deepseek-v4-pro,1,success,200,,,91,0,91,1,92,743.55,4.045e-05,2026-07-20T16:43:45.308598+00:00,2026-07-20T16:43:46.051602+00:00
359,pilot,A,fiqa_sa-train-000691,fiqa_sa,deepseek,deepseek-v4-pro,1,success,200,,,82,0,82,1,83,613.15,3.654e-05,2026-07-20T16:43:46.366972+00:00,2026-07-20T16:43:46.978977+00:00
360,pilot,A,fiqa_sa-train-000693,fiqa_sa,deepseek,deepseek-v4-pro,1,success,200,,,106,0,106,1,107,832.03,4.698e-05,2026-07-20T16:43:47.293286+00:00,2026-07-20T16:43:48.124930+00:00
361,pilot,A,fiqa_sa-train-000695,fiqa_sa,deepseek,deepseek-v4-pro,1,success,200,,,94,0,94,1,95,802.21,4.176e-05,2026-07-20T16:43:48.439203+00:00,2026-07-20T16:43:49.242057+00:00
362,pilot,A,fiqa_sa-train-000705,fiqa_sa,deepseek,deepseek-v4-pro,1,success,200,,,91,0,91,1,92,828.92,4.045e-05,2026-07-20T16:43:49.555675+00:00,2026-07-20T16:43:50.384107+00:00
363,pilot,A,fiqa_sa-train-000707,fiqa_sa,deepseek,deepseek-v4-pro,1,success,200,,,72,0,72,1,73,833.47,3.219e-05,2026-07-20T16:43:50.698321+00:00,2026-07-20T16:43:51.532152+00:00
364,pilot,A,fiqa_sa-train-000714,fiqa_sa,deepseek,deepseek-v4-pro,1,success,200,,,70,0,70,1,71,831.91,3.132e-05,2026-07-20T16:43:51.847438+00:00,2026-07-20T16:43:52.680178+00:00
365,pilot,A,fiqa_sa-train-000727,fiqa_sa,deepseek,deepseek-v4-pro,1,success,200,,,83,0,83,1,84,826.7,3.697e-05,2026-07-20T16:43:52.993654+00:00,2026-07-20T16:43:53.820505+00:00
366,pilot,A,fiqa_sa-train-000735,fiqa_sa,deepseek,deepseek-v4-pro,1,success,200,,,74,0,74,1,75,993.73,3.306e-05,2026-07-20T16:43:54.135730+00:00,2026-07-20T16:43:55.129609+00:00
367,pilot,A,fiqa_sa-train-000744,fiqa_sa,deepseek,deepseek-v4-pro,1,success,200,,,82,0,82,1,83,1100.69,3.654e-05,2026-07-20T16:43:55.443883+00:00,2026-07-20T16:43:56.543912+00:00
368,pilot,A,fiqa_sa-train-000751,fiqa_sa,deepseek,deepseek-v4-pro,1,success,200,,,103,0,103,1,104,1002.26,4.567e-05,2026-07-20T16:43:56.858797+00:00,2026-07-20T16:43:57.860936+00:00
369,pilot,A,fiqa_sa-train-000752,fiqa_sa,deepseek,deepseek-v4-pro,1,success,200,,,83,0,83,1,84,947.38,3.697e-05,2026-07-20T16:43:58.176147+00:00,2026-07-20T16:43:59.122830+00:00
370,pilot,A,fiqa_sa-train-000761,fiqa_sa,deepseek,deepseek-v4-pro,1,success,200,,,76,0,76,1,77,767.28,3.393e-05,2026-07-20T16:43:59.437537+00:00,2026-07-20T16:44:00.204988+00:00
371,pilot,A,fiqa_sa-train-000768,fiqa_sa,deepseek,deepseek-v4-pro,1,success,200,,,85,0,85,1,86,851.51,3.785e-05,2026-07-20T16:44:00.538479+00:00,2026-07-20T16:44:01.388890+00:00
372,pilot,A,fiqa_sa-train-000769,fiqa_sa,deepseek,deepseek-v4-pro,1,success,200,,,83,0,83,1,84,785.84,3.697e-05,2026-07-20T16:44:01.704026+00:00,2026-07-20T16:44:02.489322+00:00
373,pilot,A,fiqa_sa-train-000781,fiqa_sa,deepseek,deepseek-v4-pro,1,success,200,,,91,0,91,1,92,822.8,4.045e-05,2026-07-20T16:44:02.804260+00:00,2026-07-20T16:44:03.626514+00:00
374,pilot,A,fiqa_sa-train-000783,fiqa_sa,deepseek,deepseek-v4-pro,1,success,200,,,92,0,92,1,93,851.38,4.089e-05,2026-07-20T16:44:03.941913+00:00,2026-07-20T16:44:04.793100+00:00
375,pilot,A,fiqa_sa-train-000787,fiqa_sa,deepseek,deepseek-v4-pro,1,success,200,,,82,0,82,1,83,694.85,3.654e-05,2026-07-20T16:44:05.107293+00:00,2026-07-20T16:44:05.801553+00:00
376,pilot,A,fiqa_sa-train-000791,fiqa_sa,deepseek,deepseek-v4-pro,1,success,200,,,81,0,81,1,82,901.66,3.611e-05,2026-07-20T16:44:06.116314+00:00,2026-07-20T16:44:07.018197+00:00
377,pilot,A,fiqa_sa-train-000799,fiqa_sa,deepseek,deepseek-v4-pro,1,success,200,,,76,0,76,1,77,865.07,3.393e-05,2026-07-20T16:44:07.345294+00:00,2026-07-20T16:44:08.210498+00:00
378,pilot,A,fiqa_sa-train-000804,fiqa_sa,deepseek,deepseek-v4-pro,1,success,200,,,96,0,96,1,97,918.23,4.263e-05,2026-07-20T16:44:08.876722+00:00,2026-07-20T16:44:09.794296+00:00
379,pilot,A,fiqa_sa-train-000806,fiqa_sa,deepseek,deepseek-v4-pro,1,success,200,,,99,0,99,1,100,829.27,4.393e-05,2026-07-20T16:44:10.111944+00:00,2026-07-20T16:44:10.941167+00:00
380,pilot,A,fiqa_sa-train-000811,fiqa_sa,deepseek,deepseek-v4-pro,1,success,200,,,100,0,100,1,101,843.49,4.437e-05,2026-07-20T16:44:11.256027+00:00,2026-07-20T16:44:12.100140+00:00
381,pilot,A,fiqa_sa-valid-000003,fiqa_sa,deepseek,deepseek-v4-pro,1,success,200,,,68,0,68,1,69,790.65,3.045e-05,2026-07-20T16:44:12.413574+00:00,2026-07-20T16:44:13.203917+00:00
382,pilot,A,fiqa_sa-valid-000007,fiqa_sa,deepseek,deepseek-v4-pro,1,success,200,,,70,0,70,1,71,844.4,3.132e-05,2026-07-20T16:44:13.517942+00:00,2026-07-20T16:44:14.362572+00:00
383,pilot,A,fiqa_sa-valid-000008,fiqa_sa,deepseek,deepseek-v4-pro,1,success,200,,,78,0,78,1,79,970.21,3.48e-05,2026-07-20T16:44:14.676802+00:00,2026-07-20T16:44:15.647125+00:00
384,pilot,A,fiqa_sa-valid-000013,fiqa_sa,deepseek,deepseek-v4-pro,1,success,200,,,71,0,71,1,72,919.16,3.175e-05,2026-07-20T16:44:15.961735+00:00,2026-07-20T16:44:16.880526+00:00
385,pilot,A,fiqa_sa-valid-000015,fiqa_sa,deepseek,deepseek-v4-pro,1,success,200,,,72,0,72,1,73,892.47,3.219e-05,2026-07-20T16:44:17.196404+00:00,2026-07-20T16:44:18.088307+00:00
386,pilot,A,fiqa_sa-valid-000018,fiqa_sa,deepseek,deepseek-v4-pro,1,success,200,,,78,0,78,1,79,895.55,3.48e-05,2026-07-20T16:44:18.426874+00:00,2026-07-20T16:44:19.322320+00:00
387,pilot,A,fiqa_sa-valid-000027,fiqa_sa,deepseek,deepseek-v4-pro,1,success,200,,,73,0,73,1,74,739.95,3.262e-05,2026-07-20T16:44:19.636141+00:00,2026-07-20T16:44:20.375671+00:00
388,pilot,A,fiqa_sa-valid-000028,fiqa_sa,deepseek,deepseek-v4-pro,1,success,200,,,73,0,73,1,74,881.99,3.262e-05,2026-07-20T16:44:20.690525+00:00,2026-07-20T16:44:21.572833+00:00
389,pilot,A,fiqa_sa-valid-000029,fiqa_sa,deepseek,deepseek-v4-pro,1,success,200,,,73,0,73,1,74,686.98,3.262e-05,2026-07-20T16:44:21.886272+00:00,2026-07-20T16:44:22.573189+00:00
390,pilot,A,fiqa_sa-valid-000041,fiqa_sa,deepseek,deepseek-v4-pro,1,success,200,,,71,0,71,1,72,1026.59,3.175e-05,2026-07-20T16:44:22.887011+00:00,2026-07-20T16:44:23.913997+00:00
391,pilot,A,fiqa_sa-valid-000047,fiqa_sa,deepseek,deepseek-v4-pro,1,success,200,,,82,0,82,1,83,953.67,3.654e-05,2026-07-20T16:44:24.227474+00:00,2026-07-20T16:44:25.181321+00:00
392,pilot,A,fiqa_sa-valid-000051,fiqa_sa,deepseek,deepseek-v4-pro,1,success,200,,,90,0,90,1,91,852.38,4.002e-05,2026-07-20T16:44:25.495437+00:00,2026-07-20T16:44:26.348150+00:00
393,pilot,A,fiqa_sa-valid-000054,fiqa_sa,deepseek,deepseek-v4-pro,1,success,200,,,98,0,98,1,99,865.19,4.35e-05,2026-07-20T16:44:26.662394+00:00,2026-07-20T16:44:27.527403+00:00
394,pilot,A,fiqa_sa-valid-000064,fiqa_sa,deepseek,deepseek-v4-pro,1,success,200,,,106,0,106,1,107,876.05,4.698e-05,2026-07-20T16:44:27.842389+00:00,2026-07-20T16:44:28.718070+00:00
395,pilot,A,fiqa_sa-valid-000066,fiqa_sa,deepseek,deepseek-v4-pro,1,success,200,,,99,0,99,1,100,837.53,4.393e-05,2026-07-20T16:44:29.032552+00:00,2026-07-20T16:44:29.869534+00:00
396,pilot,A,fiqa_sa-valid-000074,fiqa_sa,deepseek,deepseek-v4-pro,1,success,200,,,76,0,76,1,77,1001.54,3.393e-05,2026-07-20T16:44:30.184809+00:00,2026-07-20T16:44:31.186517+00:00
397,pilot,A,fiqa_sa-valid-000077,fiqa_sa,deepseek,deepseek-v4-pro,1,success,200,,,84,0,84,1,85,875.41,3.741e-05,2026-07-20T16:44:31.499850+00:00,2026-07-20T16:44:32.375262+00:00
398,pilot,A,fiqa_sa-valid-000086,fiqa_sa,deepseek,deepseek-v4-pro,1,success,200,,,99,0,99,1,100,846.1,4.393e-05,2026-07-20T16:44:32.689680+00:00,2026-07-20T16:44:33.535450+00:00
399,pilot,A,fiqa_sa-valid-000099,fiqa_sa,deepseek,deepseek-v4-pro,1,success,200,,,99,0,99,1,100,695.82,4.393e-05,2026-07-20T16:44:33.850573+00:00,2026-07-20T16:44:34.545852+00:00
400,pilot,A,fiqa_sa-valid-000107,fiqa_sa,deepseek,deepseek-v4-pro,1,success,200,,,84,0,84,1,85,944.66,3.741e-05,2026-07-20T16:44:34.861557+00:00,2026-07-20T16:44:35.806494+00:00
401,pilot,A,finqa-test-000036,finqa,deepseek,deepseek-v4-pro,1,success,200,,,1111,0,1111,4,1115,1184.79,0.00048677,2026-07-20T16:44:36.120810+00:00,2026-07-20T16:44:37.305154+00:00
402,pilot,A,finqa-test-000042,finqa,deepseek,deepseek-v4-pro,1,success,200,,,637,0,637,112,749,1860.72,0.00037454,2026-07-20T16:44:37.620028+00:00,2026-07-20T16:44:39.481138+00:00
403,pilot,A,finqa-test-000096,finqa,deepseek,deepseek-v4-pro,1,success,200,,,987,0,987,2,989,864.86,0.00043109,2026-07-20T16:44:39.794755+00:00,2026-07-20T16:44:40.659374+00:00
404,pilot,A,finqa-test-000263,finqa,deepseek,deepseek-v4-pro,1,success,200,,,1102,0,1102,5,1107,931.62,0.00048372,2026-07-20T16:44:40.973836+00:00,2026-07-20T16:44:41.905771+00:00
405,pilot,A,finqa-test-000273,finqa,deepseek,deepseek-v4-pro,1,success,200,,,970,896,74,25,995,1240.94,5.719e-05,2026-07-20T16:44:42.220415+00:00,2026-07-20T16:44:43.461965+00:00
406,pilot,A,finqa-test-000413,finqa,deepseek,deepseek-v4-pro,1,success,200,,,930,0,930,4,934,997.57,0.00040803,2026-07-20T16:44:43.776903+00:00,2026-07-20T16:44:44.774045+00:00
407,pilot,A,finqa-test-000430,finqa,deepseek,deepseek-v4-pro,1,success,200,,,949,0,949,5,954,949.17,0.00041716,2026-07-20T16:44:45.089874+00:00,2026-07-20T16:44:46.039633+00:00
408,pilot,A,finqa-test-000483,finqa,deepseek,deepseek-v4-pro,1,success,200,,,633,0,633,24,657,1115.64,0.00029623,2026-07-20T16:44:46.352880+00:00,2026-07-20T16:44:47.468489+00:00
409,pilot,A,finqa-test-000490,finqa,deepseek,deepseek-v4-pro,1,success,200,,,963,0,963,85,1048,1524.64,0.00049286,2026-07-20T16:44:47.784039+00:00,2026-07-20T16:44:49.308306+00:00
410,pilot,A,finqa-test-000535,finqa,deepseek,deepseek-v4-pro,1,success,200,,,886,768,118,22,908,1035.77,7.325e-05,2026-07-20T16:44:49.622923+00:00,2026-07-20T16:44:50.658790+00:00
411,pilot,A,finqa-test-000562,finqa,deepseek,deepseek-v4-pro,1,success,200,,,819,0,819,42,861,1441.68,0.0003928,2026-07-20T16:44:50.973491+00:00,2026-07-20T16:44:52.414945+00:00
412,pilot,A,finqa-test-000577,finqa,deepseek,deepseek-v4-pro,1,success,200,,,973,0,973,8,981,792.77,0.00043021,2026-07-20T16:44:52.730174+00:00,2026-07-20T16:44:53.522251+00:00
413,pilot,A,finqa-test-000581,finqa,deepseek,deepseek-v4-pro,1,success,200,,,974,0,974,5,979,797.8,0.00042804,2026-07-20T16:44:53.836763+00:00,2026-07-20T16:44:54.635211+00:00
414,pilot,A,finqa-test-000592,finqa,deepseek,deepseek-v4-pro,1,success,200,,,959,0,959,26,985,1212.42,0.00043978,2026-07-20T16:44:54.948368+00:00,2026-07-20T16:44:56.160439+00:00
415,pilot,A,finqa-test-000599,finqa,deepseek,deepseek-v4-pro,1,success,200,,,495,0,495,30,525,1097.38,0.00024143,2026-07-20T16:44:56.476370+00:00,2026-07-20T16:44:57.573520+00:00
416,pilot,A,finqa-test-000609,finqa,deepseek,deepseek-v4-pro,1,success,200,,,402,0,402,24,426,1140.02,0.00019575,2026-07-20T16:44:57.889601+00:00,2026-07-20T16:44:59.030291+00:00
417,pilot,A,finqa-test-000683,finqa,deepseek,deepseek-v4-pro,1,success,200,,,806,0,806,24,830,1162.8,0.00037149,2026-07-20T16:44:59.344557+00:00,2026-07-20T16:45:00.507322+00:00
418,pilot,A,finqa-test-000721,finqa,deepseek,deepseek-v4-pro,1,success,200,,,1014,0,1014,3,1017,1133.73,0.0004437,2026-07-20T16:45:00.824226+00:00,2026-07-20T16:45:01.958096+00:00
419,pilot,A,finqa-test-000825,finqa,deepseek,deepseek-v4-pro,1,success,200,,,1254,0,1254,4,1258,934.65,0.00054897,2026-07-20T16:45:02.272141+00:00,2026-07-20T16:45:03.207371+00:00
420,pilot,A,finqa-test-000850,finqa,deepseek,deepseek-v4-pro,1,success,200,,,1091,0,1091,5,1096,1163.14,0.00047893,2026-07-20T16:45:03.521316+00:00,2026-07-20T16:45:04.685158+00:00
421,pilot,A,finqa-test-000869,finqa,deepseek,deepseek-v4-pro,1,success,200,,,1157,0,1157,22,1179,1232.3,0.00052244,2026-07-20T16:45:04.999160+00:00,2026-07-20T16:45:06.231881+00:00
422,pilot,A,finqa-test-000930,finqa,deepseek,deepseek-v4-pro,1,success,200,,,1076,0,1076,4,1080,994.25,0.00047154,2026-07-20T16:45:06.545907+00:00,2026-07-20T16:45:07.539791+00:00
423,pilot,A,finqa-test-000932,finqa,deepseek,deepseek-v4-pro,1,success,200,,,511,384,127,10,521,1301.98,6.534e-05,2026-07-20T16:45:07.856179+00:00,2026-07-20T16:45:09.158291+00:00
424,pilot,A,finqa-test-000934,finqa,deepseek,deepseek-v4-pro,1,success,200,,,754,0,754,37,791,1244.28,0.00036018,2026-07-20T16:45:09.472415+00:00,2026-07-20T16:45:10.716274+00:00
425,pilot,A,finqa-test-001089,finqa,deepseek,deepseek-v4-pro,1,success,200,,,968,896,72,22,990,1136.24,5.371e-05,2026-07-20T16:45:11.030821+00:00,2026-07-20T16:45:12.167262+00:00
426,pilot,A,finqa-test-001091,finqa,deepseek,deepseek-v4-pro,1,success,200,,,1274,1152,122,22,1296,1061.2,7.639e-05,2026-07-20T16:45:12.482840+00:00,2026-07-20T16:45:13.543637+00:00
427,pilot,A,finqa-test-001121,finqa,deepseek,deepseek-v4-pro,1,success,200,,,1613,0,1613,4,1617,955.24,0.00070514,2026-07-20T16:45:13.859177+00:00,2026-07-20T16:45:14.813641+00:00
428,pilot,A,finqa-test-001139,finqa,deepseek,deepseek-v4-pro,1,success,200,,,647,0,647,26,673,1353.41,0.00030407,2026-07-20T16:45:15.128804+00:00,2026-07-20T16:45:16.482234+00:00
429,pilot,A,finqa-train-000021,finqa,deepseek,deepseek-v4-pro,1,success,200,,,789,0,789,4,793,879.93,0.0003467,2026-07-20T16:45:16.797413+00:00,2026-07-20T16:45:17.677415+00:00
430,pilot,A,finqa-train-000091,finqa,deepseek,deepseek-v4-pro,1,success,200,,,961,0,961,5,966,979.21,0.00042239,2026-07-20T16:45:17.992865+00:00,2026-07-20T16:45:18.972259+00:00
431,pilot,A,finqa-train-000094,finqa,deepseek,deepseek-v4-pro,1,success,200,,,1426,0,1426,57,1483,1522.63,0.0006699,2026-07-20T16:45:19.287180+00:00,2026-07-20T16:45:20.809409+00:00
432,pilot,A,finqa-train-000124,finqa,deepseek,deepseek-v4-pro,1,success,200,,,888,0,888,24,912,1273.09,0.00040716,2026-07-20T16:45:21.124905+00:00,2026-07-20T16:45:22.398124+00:00
433,pilot,A,finqa-train-000146,finqa,deepseek,deepseek-v4-pro,1,success,200,,,1086,0,1086,4,1090,930.68,0.00047589,2026-07-20T16:45:22.711660+00:00,2026-07-20T16:45:23.642659+00:00
434,pilot,A,finqa-train-000230,finqa,deepseek,deepseek-v4-pro,1,success,200,,,1260,0,1260,5,1265,855.56,0.00055245,2026-07-20T16:45:23.956284+00:00,2026-07-20T16:45:24.812254+00:00
435,pilot,A,finqa-train-000233,finqa,deepseek,deepseek-v4-pro,1,success,200,,,825,0,825,3,828,1080.16,0.00036148,2026-07-20T16:45:25.126855+00:00,2026-07-20T16:45:26.207626+00:00
436,pilot,A,finqa-train-000240,finqa,deepseek,deepseek-v4-pro,1,success,200,,,1071,0,1071,4,1075,771.29,0.00046936,2026-07-20T16:45:26.522357+00:00,2026-07-20T16:45:27.294076+00:00
437,pilot,A,finqa-train-000301,finqa,deepseek,deepseek-v4-pro,1,success,200,,,1047,0,1047,4,1051,1017.96,0.00045892,2026-07-20T16:45:27.607857+00:00,2026-07-20T16:45:28.626528+00:00
438,pilot,A,finqa-train-000409,finqa,deepseek,deepseek-v4-pro,1,success,200,,,944,0,944,27,971,919.33,0.00043413,2026-07-20T16:45:28.940093+00:00,2026-07-20T16:45:29.859490+00:00
439,pilot,A,finqa-train-000521,finqa,deepseek,deepseek-v4-pro,1,success,200,,,626,0,626,17,643,1093.87,0.0002871,2026-07-20T16:45:30.173980+00:00,2026-07-20T16:45:31.267765+00:00
440,pilot,A,finqa-train-000538,finqa,deepseek,deepseek-v4-pro,1,success,200,,,534,0,534,1,535,865.77,0.00023316,2026-07-20T16:45:31.583935+00:00,2026-07-20T16:45:32.449439+00:00
441,pilot,A,finqa-train-000556,finqa,deepseek,deepseek-v4-pro,1,success,200,,,1428,0,1428,42,1470,1678.35,0.00065772,2026-07-20T16:45:32.764302+00:00,2026-07-20T16:45:34.442326+00:00
442,pilot,A,finqa-train-000557,finqa,deepseek,deepseek-v4-pro,1,success,200,,,572,0,572,5,577,965.33,0.00025317,2026-07-20T16:45:34.757242+00:00,2026-07-20T16:45:35.722967+00:00
443,pilot,A,finqa-train-000641,finqa,deepseek,deepseek-v4-pro,1,success,200,,,726,0,726,55,781,1551.66,0.00036366,2026-07-20T16:45:36.037380+00:00,2026-07-20T16:45:37.588883+00:00
444,pilot,A,finqa-train-000665,finqa,deepseek,deepseek-v4-pro,1,success,200,,,788,0,788,4,792,864.17,0.00034626,2026-07-20T16:45:37.903989+00:00,2026-07-20T16:45:38.768264+00:00
445,pilot,A,finqa-train-000749,finqa,deepseek,deepseek-v4-pro,1,success,200,,,886,0,886,28,914,1261.59,0.00040977,2026-07-20T16:45:39.082598+00:00,2026-07-20T16:45:40.343211+00:00
446,pilot,A,finqa-train-000759,finqa,deepseek,deepseek-v4-pro,1,success,200,,,817,0,817,72,889,1819.31,0.00041803,2026-07-20T16:45:40.657827+00:00,2026-07-20T16:45:42.477197+00:00
447,pilot,A,finqa-train-000766,finqa,deepseek,deepseek-v4-pro,1,success,200,,,813,0,813,26,839,1062.23,0.00037628,2026-07-20T16:45:42.791081+00:00,2026-07-20T16:45:43.853363+00:00
448,pilot,A,finqa-train-000809,finqa,deepseek,deepseek-v4-pro,1,success,200,,,791,0,791,42,833,1321.97,0.00038062,2026-07-20T16:45:44.168027+00:00,2026-07-20T16:45:45.490111+00:00
449,pilot,A,finqa-train-000857,finqa,deepseek,deepseek-v4-pro,1,success,200,,,893,0,893,20,913,1246.39,0.00040585,2026-07-20T16:45:45.804725+00:00,2026-07-20T16:45:47.050381+00:00
450,pilot,A,finqa-train-000898,finqa,deepseek,deepseek-v4-pro,1,success,200,,,1408,0,1408,85,1493,2091.86,0.00068643,2026-07-20T16:45:47.365198+00:00,2026-07-20T16:45:49.456770+00:00
451,pilot,A,finqa-train-000942,finqa,deepseek,deepseek-v4-pro,1,success,200,,,1158,0,1158,3,1161,899.51,0.00050634,2026-07-20T16:45:49.771445+00:00,2026-07-20T16:45:50.670751+00:00
452,pilot,A,finqa-train-000973,finqa,deepseek,deepseek-v4-pro,1,success,200,,,552,0,552,5,557,832.73,0.00024447,2026-07-20T16:45:50.986205+00:00,2026-07-20T16:45:51.819279+00:00
453,pilot,A,finqa-train-000975,finqa,deepseek,deepseek-v4-pro,1,success,200,,,1148,0,1148,2,1150,935.73,0.00050112,2026-07-20T16:45:52.133728+00:00,2026-07-20T16:45:53.069569+00:00
454,pilot,A,finqa-train-000981,finqa,deepseek,deepseek-v4-pro,1,success,200,,,620,0,620,22,642,945.83,0.00028884,2026-07-20T16:45:53.383751+00:00,2026-07-20T16:45:54.329326+00:00
455,pilot,A,finqa-train-001018,finqa,deepseek,deepseek-v4-pro,1,success,200,,,1106,0,1106,21,1127,988.0,0.00049938,2026-07-20T16:45:54.644190+00:00,2026-07-20T16:45:55.631750+00:00
456,pilot,A,finqa-train-001048,finqa,deepseek,deepseek-v4-pro,1,success,200,,,509,384,125,15,524,1039.08,6.882e-05,2026-07-20T16:45:55.946239+00:00,2026-07-20T16:45:56.985335+00:00
457,pilot,A,finqa-train-001148,finqa,deepseek,deepseek-v4-pro,1,success,200,,,829,0,829,29,858,1152.55,0.00038585,2026-07-20T16:45:57.300109+00:00,2026-07-20T16:45:58.452554+00:00
458,pilot,A,finqa-train-001241,finqa,deepseek,deepseek-v4-pro,1,success,200,,,1279,0,1279,15,1294,1148.38,0.00056941,2026-07-20T16:45:58.767631+00:00,2026-07-20T16:45:59.915113+00:00
459,pilot,A,finqa-train-001246,finqa,deepseek,deepseek-v4-pro,1,success,200,,,1205,0,1205,4,1209,1186.98,0.00052766,2026-07-20T16:46:00.230660+00:00,2026-07-20T16:46:01.418251+00:00
460,pilot,A,finqa-train-001304,finqa,deepseek,deepseek-v4-pro,1,success,200,,,1581,0,1581,4,1585,979.2,0.00069122,2026-07-20T16:46:01.733631+00:00,2026-07-20T16:46:02.712647+00:00
461,pilot,A,finqa-train-001347,finqa,deepseek,deepseek-v4-pro,1,success,200,,,769,0,769,40,809,1592.05,0.00036932,2026-07-20T16:46:03.026898+00:00,2026-07-20T16:46:04.619976+00:00
462,pilot,A,finqa-train-001356,finqa,deepseek,deepseek-v4-pro,1,success,200,,,235,0,235,5,240,846.74,0.00010657,2026-07-20T16:46:04.934253+00:00,2026-07-20T16:46:05.780653+00:00
463,pilot,A,finqa-train-001404,finqa,deepseek,deepseek-v4-pro,1,success,200,,,1340,0,1340,20,1360,1341.7,0.0006003,2026-07-20T16:46:06.124459+00:00,2026-07-20T16:46:07.465953+00:00
464,pilot,A,finqa-train-001416,finqa,deepseek,deepseek-v4-pro,1,success,200,,,864,0,864,4,868,774.33,0.00037932,2026-07-20T16:46:07.780957+00:00,2026-07-20T16:46:08.554982+00:00
465,pilot,A,finqa-train-001442,finqa,deepseek,deepseek-v4-pro,1,success,200,,,1215,0,1215,19,1234,1051.99,0.00054505,2026-07-20T16:46:08.869386+00:00,2026-07-20T16:46:09.922091+00:00
466,pilot,A,finqa-train-001455,finqa,deepseek,deepseek-v4-pro,1,success,200,,,567,0,567,3,570,877.37,0.00024925,2026-07-20T16:46:10.236452+00:00,2026-07-20T16:46:11.113849+00:00
467,pilot,A,finqa-train-001554,finqa,deepseek,deepseek-v4-pro,1,success,200,,,513,0,513,25,538,1113.16,0.00024491,2026-07-20T16:46:11.428345+00:00,2026-07-20T16:46:12.541425+00:00
468,pilot,A,finqa-train-001573,finqa,deepseek,deepseek-v4-pro,1,success,200,,,1043,0,1043,4,1047,1167.91,0.00045719,2026-07-20T16:46:12.857905+00:00,2026-07-20T16:46:14.026072+00:00
469,pilot,A,finqa-train-001680,finqa,deepseek,deepseek-v4-pro,1,success,200,,,1295,0,1295,4,1299,765.79,0.0005668,2026-07-20T16:46:14.341297+00:00,2026-07-20T16:46:15.107566+00:00
470,pilot,A,finqa-train-001696,finqa,deepseek,deepseek-v4-pro,1,success,200,,,811,0,811,3,814,972.51,0.00035539,2026-07-20T16:46:15.454861+00:00,2026-07-20T16:46:16.427693+00:00
471,pilot,A,finqa-train-001740,finqa,deepseek,deepseek-v4-pro,1,success,200,,,505,0,505,23,528,1446.0,0.00023969,2026-07-20T16:46:16.742046+00:00,2026-07-20T16:46:18.188570+00:00
472,pilot,A,finqa-train-001772,finqa,deepseek,deepseek-v4-pro,1,success,200,,,858,0,858,18,876,1177.95,0.00038889,2026-07-20T16:46:18.504224+00:00,2026-07-20T16:46:19.682118+00:00
473,pilot,A,finqa-train-001794,finqa,deepseek,deepseek-v4-pro,1,success,200,,,1119,1024,95,21,1140,1112.79,6.331e-05,2026-07-20T16:46:19.996407+00:00,2026-07-20T16:46:21.108918+00:00
474,pilot,A,finqa-train-001902,finqa,deepseek,deepseek-v4-pro,1,success,200,,,623,512,111,4,627,1085.65,5.362e-05,2026-07-20T16:46:21.423315+00:00,2026-07-20T16:46:22.508839+00:00
475,pilot,A,finqa-train-001925,finqa,deepseek,deepseek-v4-pro,1,success,200,,,1330,0,1330,5,1335,980.67,0.0005829,2026-07-20T16:46:22.825052+00:00,2026-07-20T16:46:23.805669+00:00
476,pilot,A,finqa-train-001955,finqa,deepseek,deepseek-v4-pro,1,success,200,,,1328,0,1328,44,1372,1398.74,0.00061596,2026-07-20T16:46:24.121731+00:00,2026-07-20T16:46:25.520939+00:00
477,pilot,A,finqa-train-001979,finqa,deepseek,deepseek-v4-pro,1,success,200,,,727,0,727,28,755,1291.37,0.00034061,2026-07-20T16:46:25.835656+00:00,2026-07-20T16:46:27.126638+00:00
478,pilot,A,finqa-train-002123,finqa,deepseek,deepseek-v4-pro,1,success,200,,,1424,0,1424,29,1453,1268.99,0.00064467,2026-07-20T16:46:27.441472+00:00,2026-07-20T16:46:28.710624+00:00
479,pilot,A,finqa-train-002159,finqa,deepseek,deepseek-v4-pro,1,success,200,,,828,0,828,4,832,916.95,0.00036366,2026-07-20T16:46:29.025846+00:00,2026-07-20T16:46:29.943027+00:00
480,pilot,A,finqa-train-002163,finqa,deepseek,deepseek-v4-pro,1,success,200,,,1087,1024,63,5,1092,832.71,3.547e-05,2026-07-20T16:46:30.258255+00:00,2026-07-20T16:46:31.091731+00:00
481,pilot,A,finqa-train-002181,finqa,deepseek,deepseek-v4-pro,1,success,200,,,869,0,869,5,874,937.55,0.00038237,2026-07-20T16:46:31.405946+00:00,2026-07-20T16:46:32.343887+00:00
482,pilot,A,finqa-train-002189,finqa,deepseek,deepseek-v4-pro,1,success,200,,,539,512,27,5,544,1017.32,1.795e-05,2026-07-20T16:46:32.658902+00:00,2026-07-20T16:46:33.676104+00:00
483,pilot,A,finqa-train-002260,finqa,deepseek,deepseek-v4-pro,1,success,200,,,802,0,802,4,806,902.95,0.00035235,2026-07-20T16:46:33.992037+00:00,2026-07-20T16:46:34.894677+00:00
484,pilot,A,finqa-train-002276,finqa,deepseek,deepseek-v4-pro,1,success,200,,,855,0,855,22,877,1183.21,0.00039107,2026-07-20T16:46:35.210119+00:00,2026-07-20T16:46:36.393474+00:00
485,pilot,A,finqa-train-002410,finqa,deepseek,deepseek-v4-pro,1,success,200,,,936,0,936,4,940,898.54,0.00041064,2026-07-20T16:46:36.708080+00:00,2026-07-20T16:46:37.606541+00:00
486,pilot,A,finqa-train-002417,finqa,deepseek,deepseek-v4-pro,1,success,200,,,897,0,897,4,901,968.85,0.00039368,2026-07-20T16:46:37.925743+00:00,2026-07-20T16:46:38.895350+00:00
487,pilot,A,finqa-train-002428,finqa,deepseek,deepseek-v4-pro,1,success,200,,,897,0,897,3,900,899.47,0.00039281,2026-07-20T16:46:39.211541+00:00,2026-07-20T16:46:40.110926+00:00
488,pilot,A,finqa-train-002431,finqa,deepseek,deepseek-v4-pro,1,success,200,,,1108,0,1108,5,1113,996.62,0.00048633,2026-07-20T16:46:40.425689+00:00,2026-07-20T16:46:41.421383+00:00
489,pilot,A,finqa-train-002437,finqa,deepseek,deepseek-v4-pro,1,success,200,,,1035,0,1035,31,1066,1216.53,0.00047719,2026-07-20T16:46:41.736111+00:00,2026-07-20T16:46:42.953367+00:00
490,pilot,A,finqa-train-002449,finqa,deepseek,deepseek-v4-pro,1,success,200,,,762,0,762,2,764,1024.81,0.00033321,2026-07-20T16:46:43.268373+00:00,2026-07-20T16:46:44.292948+00:00
491,pilot,A,finqa-train-002506,finqa,deepseek,deepseek-v4-pro,1,success,200,,,986,896,90,6,992,967.28,4.762e-05,2026-07-20T16:46:44.608249+00:00,2026-07-20T16:46:45.576110+00:00
492,pilot,A,finqa-train-002527,finqa,deepseek,deepseek-v4-pro,1,success,200,,,772,0,772,21,793,1216.65,0.00035409,2026-07-20T16:46:45.890042+00:00,2026-07-20T16:46:47.106613+00:00
493,pilot,A,finqa-train-002546,finqa,deepseek,deepseek-v4-pro,1,success,200,,,1160,0,1160,18,1178,1186.88,0.00052026,2026-07-20T16:46:47.421311+00:00,2026-07-20T16:46:48.607903+00:00
494,pilot,A,finqa-train-002649,finqa,deepseek,deepseek-v4-pro,1,success,200,,,978,0,978,4,982,964.68,0.00042891,2026-07-20T16:46:48.923439+00:00,2026-07-20T16:46:49.888013+00:00
495,pilot,A,finqa-train-002689,finqa,deepseek,deepseek-v4-pro,1,success,200,,,1260,1152,108,5,1265,996.59,5.551e-05,2026-07-20T16:46:50.203354+00:00,2026-07-20T16:46:51.200466+00:00
496,pilot,A,finqa-train-002747,finqa,deepseek,deepseek-v4-pro,1,success,200,,,1318,0,1318,4,1322,772.76,0.00057681,2026-07-20T16:46:51.515390+00:00,2026-07-20T16:46:52.288556+00:00
497,pilot,A,finqa-train-002771,finqa,deepseek,deepseek-v4-pro,1,success,200,,,1252,0,1252,22,1274,1219.35,0.00056376,2026-07-20T16:46:52.604236+00:00,2026-07-20T16:46:53.823745+00:00
498,pilot,A,finqa-train-002799,finqa,deepseek,deepseek-v4-pro,1,success,200,,,567,0,567,65,632,1648.74,0.00030319,2026-07-20T16:46:54.139164+00:00,2026-07-20T16:46:55.788262+00:00
499,pilot,A,finqa-train-002812,finqa,deepseek,deepseek-v4-pro,1,success,200,,,1096,0,1096,5,1101,940.93,0.00048111,2026-07-20T16:46:56.103330+00:00,2026-07-20T16:46:57.044466+00:00
500,pilot,A,finqa-train-002880,finqa,deepseek,deepseek-v4-pro,1,success,200,,,695,0,695,4,699,930.3,0.0003058,2026-07-20T16:46:57.359174+00:00,2026-07-20T16:46:58.289240+00:00
501,pilot,A,finqa-train-002884,finqa,deepseek,deepseek-v4-pro,1,success,200,,,956,896,60,24,980,1033.55,5.023e-05,2026-07-20T16:46:58.604907+00:00,2026-07-20T16:46:59.637820+00:00
502,pilot,A,finqa-train-003143,finqa,deepseek,deepseek-v4-pro,1,success,200,,,1542,0,1542,27,1569,970.3,0.00069426,2026-07-20T16:46:59.952722+00:00,2026-07-20T16:47:00.923853+00:00
503,pilot,A,finqa-train-003289,finqa,deepseek,deepseek-v4-pro,1,success,200,,,1312,0,1312,5,1317,961.01,0.00057507,2026-07-20T16:47:01.238900+00:00,2026-07-20T16:47:02.199988+00:00
504,pilot,A,finqa-train-003319,finqa,deepseek,deepseek-v4-pro,1,success,200,,,658,0,658,4,662,658.76,0.00028971,2026-07-20T16:47:02.516078+00:00,2026-07-20T16:47:03.175147+00:00
505,pilot,A,finqa-train-003383,finqa,deepseek,deepseek-v4-pro,1,success,200,,,1493,0,1493,96,1589,2482.25,0.00073297,2026-07-20T16:47:03.489339+00:00,2026-07-20T16:47:05.971952+00:00
506,pilot,A,finqa-train-003386,finqa,deepseek,deepseek-v4-pro,1,success,200,,,944,0,944,1,945,1093.18,0.00041151,2026-07-20T16:47:06.286499+00:00,2026-07-20T16:47:07.379966+00:00
507,pilot,A,finqa-train-003428,finqa,deepseek,deepseek-v4-pro,1,success,200,,,972,0,972,53,1025,1499.07,0.00046893,2026-07-20T16:47:07.694167+00:00,2026-07-20T16:47:09.193070+00:00
508,pilot,A,finqa-train-003474,finqa,deepseek,deepseek-v4-pro,1,success,200,,,678,0,678,83,761,1819.67,0.00036714,2026-07-20T16:47:09.508897+00:00,2026-07-20T16:47:11.327916+00:00
509,pilot,A,finqa-train-003520,finqa,deepseek,deepseek-v4-pro,1,success,200,,,1070,1024,46,3,1073,907.56,2.633e-05,2026-07-20T16:47:11.643873+00:00,2026-07-20T16:47:12.551061+00:00
510,pilot,A,finqa-train-003581,finqa,deepseek,deepseek-v4-pro,1,success,200,,,1010,0,1010,20,1030,941.04,0.00045675,2026-07-20T16:47:12.865317+00:00,2026-07-20T16:47:13.806162+00:00
511,pilot,A,finqa-train-003625,finqa,deepseek,deepseek-v4-pro,1,success,200,,,1156,0,1156,3,1159,781.0,0.00050547,2026-07-20T16:47:14.121249+00:00,2026-07-20T16:47:14.901541+00:00
512,pilot,A,finqa-train-003652,finqa,deepseek,deepseek-v4-pro,1,success,200,,,1719,0,1719,58,1777,1455.68,0.00079823,2026-07-20T16:47:15.218770+00:00,2026-07-20T16:47:16.675133+00:00
513,pilot,A,finqa-train-003656,finqa,deepseek,deepseek-v4-pro,1,success,200,,,1152,0,1152,4,1156,974.88,0.0005046,2026-07-20T16:47:16.989294+00:00,2026-07-20T16:47:17.964038+00:00
514,pilot,A,finqa-train-003817,finqa,deepseek,deepseek-v4-pro,1,success,200,,,734,0,734,3,737,1170.11,0.0003219,2026-07-20T16:47:18.279979+00:00,2026-07-20T16:47:19.450034+00:00
515,pilot,A,finqa-train-003938,finqa,deepseek,deepseek-v4-pro,1,success,200,,,1230,0,1230,5,1235,943.04,0.0005394,2026-07-20T16:47:19.765480+00:00,2026-07-20T16:47:20.709501+00:00
516,pilot,A,finqa-train-003940,finqa,deepseek,deepseek-v4-pro,1,success,200,,,916,0,916,54,970,1535.13,0.00044544,2026-07-20T16:47:21.024567+00:00,2026-07-20T16:47:22.560129+00:00
517,pilot,A,finqa-train-003942,finqa,deepseek,deepseek-v4-pro,1,success,200,,,734,0,734,67,801,1756.65,0.00037758,2026-07-20T16:47:22.874645+00:00,2026-07-20T16:47:24.630940+00:00
518,pilot,A,finqa-train-003943,finqa,deepseek,deepseek-v4-pro,1,success,200,,,1207,0,1207,4,1211,905.98,0.00052853,2026-07-20T16:47:24.946018+00:00,2026-07-20T16:47:25.852004+00:00
519,pilot,A,finqa-train-003949,finqa,deepseek,deepseek-v4-pro,1,success,200,,,806,0,806,4,810,783.84,0.00035409,2026-07-20T16:47:26.167589+00:00,2026-07-20T16:47:26.951832+00:00
520,pilot,A,finqa-train-003954,finqa,deepseek,deepseek-v4-pro,1,success,200,,,862,0,862,56,918,1407.6,0.00042369,2026-07-20T16:47:27.266881+00:00,2026-07-20T16:47:28.674846+00:00
521,pilot,A,finqa-train-003968,finqa,deepseek,deepseek-v4-pro,1,success,200,,,573,0,573,1,574,876.77,0.00025013,2026-07-20T16:47:28.989919+00:00,2026-07-20T16:47:29.867513+00:00
522,pilot,A,finqa-train-004007,finqa,deepseek,deepseek-v4-pro,1,success,200,,,678,0,678,48,726,1457.96,0.00033669,2026-07-20T16:47:30.182050+00:00,2026-07-20T16:47:31.639893+00:00
523,pilot,A,finqa-train-004036,finqa,deepseek,deepseek-v4-pro,1,success,200,,,1266,0,1266,18,1284,873.58,0.00056637,2026-07-20T16:47:31.954367+00:00,2026-07-20T16:47:32.828576+00:00
524,pilot,A,finqa-train-004101,finqa,deepseek,deepseek-v4-pro,1,success,200,,,947,896,51,48,995,1468.99,6.719e-05,2026-07-20T16:47:33.143306+00:00,2026-07-20T16:47:34.612082+00:00
525,pilot,A,finqa-train-004135,finqa,deepseek,deepseek-v4-pro,1,success,200,,,1015,0,1015,120,1135,2505.4,0.00054593,2026-07-20T16:47:34.928015+00:00,2026-07-20T16:47:37.433401+00:00
526,pilot,A,finqa-train-004137,finqa,deepseek,deepseek-v4-pro,1,success,200,,,1637,0,1637,21,1658,1035.07,0.00073037,2026-07-20T16:47:37.748297+00:00,2026-07-20T16:47:38.783138+00:00
527,pilot,A,finqa-train-004145,finqa,deepseek,deepseek-v4-pro,1,success,200,,,1061,0,1061,3,1064,941.58,0.00046415,2026-07-20T16:47:39.098188+00:00,2026-07-20T16:47:40.040642+00:00
528,pilot,A,finqa-train-004151,finqa,deepseek,deepseek-v4-pro,1,success,200,,,935,0,935,32,967,1272.65,0.00043456,2026-07-20T16:47:40.355778+00:00,2026-07-20T16:47:41.628132+00:00
529,pilot,A,finqa-train-004176,finqa,deepseek,deepseek-v4-pro,1,success,200,,,1026,1024,2,1,1027,714.06,5.45e-06,2026-07-20T16:47:41.943471+00:00,2026-07-20T16:47:42.657506+00:00
530,pilot,A,finqa-train-004304,finqa,deepseek,deepseek-v4-pro,1,success,200,,,1087,0,1087,27,1114,947.61,0.00049633,2026-07-20T16:47:42.972250+00:00,2026-07-20T16:47:43.919782+00:00
531,pilot,A,finqa-train-004390,finqa,deepseek,deepseek-v4-pro,1,success,200,,,997,0,997,53,1050,1658.62,0.0004798,2026-07-20T16:47:44.234466+00:00,2026-07-20T16:47:45.892936+00:00
532,pilot,A,finqa-train-004393,finqa,deepseek,deepseek-v4-pro,1,success,200,,,1396,1280,116,5,1401,953.66,5.945e-05,2026-07-20T16:47:46.207399+00:00,2026-07-20T16:47:47.161167+00:00
533,pilot,A,finqa-train-004407,finqa,deepseek,deepseek-v4-pro,1,success,200,,,1722,0,1722,29,1751,1243.74,0.0007743,2026-07-20T16:47:47.475601+00:00,2026-07-20T16:47:48.718605+00:00
534,pilot,A,finqa-train-004417,finqa,deepseek,deepseek-v4-pro,1,success,200,,,1140,0,1140,27,1167,1151.26,0.00051939,2026-07-20T16:47:49.034538+00:00,2026-07-20T16:47:50.186269+00:00
535,pilot,A,finqa-train-004448,finqa,deepseek,deepseek-v4-pro,1,success,200,,,819,0,819,17,836,949.54,0.00037105,2026-07-20T16:47:50.501874+00:00,2026-07-20T16:47:51.451070+00:00
536,pilot,A,finqa-train-004513,finqa,deepseek,deepseek-v4-pro,1,success,200,,,630,0,630,104,734,1860.77,0.00036453,2026-07-20T16:47:51.765580+00:00,2026-07-20T16:47:53.626318+00:00
537,pilot,A,finqa-train-004545,finqa,deepseek,deepseek-v4-pro,1,success,200,,,1087,1024,63,2,1089,889.63,3.286e-05,2026-07-20T16:47:53.941112+00:00,2026-07-20T16:47:54.830606+00:00
538,pilot,A,finqa-train-004562,finqa,deepseek,deepseek-v4-pro,1,success,200,,,1019,0,1019,4,1023,893.99,0.00044674,2026-07-20T16:47:55.169756+00:00,2026-07-20T16:47:56.064151+00:00
539,pilot,A,finqa-train-004590,finqa,deepseek,deepseek-v4-pro,1,success,200,,,551,0,551,230,781,4319.82,0.00043978,2026-07-20T16:47:56.378970+00:00,2026-07-20T16:48:00.699206+00:00
540,pilot,A,finqa-train-004680,finqa,deepseek,deepseek-v4-pro,1,success,200,,,594,0,594,11,605,1008.02,0.00026796,2026-07-20T16:48:01.014253+00:00,2026-07-20T16:48:02.022485+00:00
541,pilot,A,finqa-train-004725,finqa,deepseek,deepseek-v4-pro,1,success,200,,,836,0,836,34,870,1125.18,0.00039324,2026-07-20T16:48:02.336958+00:00,2026-07-20T16:48:03.462537+00:00
542,pilot,A,finqa-train-004799,finqa,deepseek,deepseek-v4-pro,1,success,200,,,699,0,699,104,803,1956.9,0.00039454,2026-07-20T16:48:03.779864+00:00,2026-07-20T16:48:05.736899+00:00
543,pilot,A,finqa-train-004800,finqa,deepseek,deepseek-v4-pro,1,success,200,,,1005,0,1005,4,1009,897.81,0.00044065,2026-07-20T16:48:06.051152+00:00,2026-07-20T16:48:06.949298+00:00
544,pilot,A,finqa-train-004860,finqa,deepseek,deepseek-v4-pro,1,success,200,,,575,0,575,2,577,966.3,0.00025186,2026-07-20T16:48:07.263808+00:00,2026-07-20T16:48:08.230448+00:00
545,pilot,A,finqa-train-004871,finqa,deepseek,deepseek-v4-pro,1,success,200,,,1254,0,1254,15,1269,979.76,0.00055854,2026-07-20T16:48:08.544983+00:00,2026-07-20T16:48:09.524475+00:00
546,pilot,A,finqa-train-004894,finqa,deepseek,deepseek-v4-pro,1,success,200,,,1030,1024,6,25,1055,1232.22,2.807e-05,2026-07-20T16:48:09.840380+00:00,2026-07-20T16:48:11.072427+00:00
547,pilot,A,finqa-train-004899,finqa,deepseek,deepseek-v4-pro,1,success,200,,,1266,1152,114,61,1327,1583.41,0.00010684,2026-07-20T16:48:11.387180+00:00,2026-07-20T16:48:12.970189+00:00
548,pilot,A,finqa-train-004929,finqa,deepseek,deepseek-v4-pro,1,success,200,,,733,0,733,5,738,1014.03,0.00032321,2026-07-20T16:48:13.285385+00:00,2026-07-20T16:48:14.299957+00:00
549,pilot,A,finqa-train-004951,finqa,deepseek,deepseek-v4-pro,1,success,200,,,1301,0,1301,4,1305,961.76,0.00056942,2026-07-20T16:48:14.614159+00:00,2026-07-20T16:48:15.576585+00:00
550,pilot,A,finqa-train-005000,finqa,deepseek,deepseek-v4-pro,1,success,200,,,733,0,733,25,758,1039.19,0.00034061,2026-07-20T16:48:15.891380+00:00,2026-07-20T16:48:16.931110+00:00
551,pilot,A,finqa-train-005047,finqa,deepseek,deepseek-v4-pro,1,success,200,,,906,0,906,38,944,1718.59,0.00042717,2026-07-20T16:48:17.247716+00:00,2026-07-20T16:48:18.966256+00:00
552,pilot,A,finqa-train-005118,finqa,deepseek,deepseek-v4-pro,1,success,200,,,1202,0,1202,4,1206,1022.39,0.00052635,2026-07-20T16:48:19.281336+00:00,2026-07-20T16:48:20.304146+00:00
553,pilot,A,finqa-train-005161,finqa,deepseek,deepseek-v4-pro,1,success,200,,,737,0,737,18,755,850.57,0.00033626,2026-07-20T16:48:20.619188+00:00,2026-07-20T16:48:21.470551+00:00
554,pilot,A,finqa-train-005186,finqa,deepseek,deepseek-v4-pro,1,success,200,,,434,0,434,4,438,915.41,0.00019227,2026-07-20T16:48:21.785177+00:00,2026-07-20T16:48:22.701765+00:00
555,pilot,A,finqa-train-005214,finqa,deepseek,deepseek-v4-pro,1,success,200,,,1114,0,1114,4,1118,952.62,0.00048807,2026-07-20T16:48:23.016321+00:00,2026-07-20T16:48:23.969427+00:00
556,pilot,A,finqa-train-005259,finqa,deepseek,deepseek-v4-pro,1,success,200,,,917,0,917,82,999,1659.38,0.00047023,2026-07-20T16:48:24.284522+00:00,2026-07-20T16:48:25.944563+00:00
557,pilot,A,finqa-train-005286,finqa,deepseek,deepseek-v4-pro,1,success,200,,,1381,0,1381,44,1425,1514.64,0.00063902,2026-07-20T16:48:26.259059+00:00,2026-07-20T16:48:27.773634+00:00
558,pilot,A,finqa-train-005376,finqa,deepseek,deepseek-v4-pro,1,success,200,,,865,0,865,3,868,903.16,0.00037888,2026-07-20T16:48:28.089663+00:00,2026-07-20T16:48:28.992851+00:00
559,pilot,A,finqa-train-005462,finqa,deepseek,deepseek-v4-pro,1,success,200,,,469,0,469,5,474,1349.19,0.00020837,2026-07-20T16:48:29.308131+00:00,2026-07-20T16:48:30.657125+00:00
560,pilot,A,finqa-train-005468,finqa,deepseek,deepseek-v4-pro,1,success,200,,,900,896,4,17,917,1106.27,1.978e-05,2026-07-20T16:48:30.972313+00:00,2026-07-20T16:48:32.079249+00:00
561,pilot,A,finqa-train-005721,finqa,deepseek,deepseek-v4-pro,1,success,200,,,1103,0,1103,5,1108,1213.32,0.00048416,2026-07-20T16:48:32.394613+00:00,2026-07-20T16:48:33.607638+00:00
562,pilot,A,finqa-train-005743,finqa,deepseek,deepseek-v4-pro,1,success,200,,,1422,0,1422,18,1440,1110.35,0.00063423,2026-07-20T16:48:33.923203+00:00,2026-07-20T16:48:35.033673+00:00
563,pilot,A,finqa-train-005747,finqa,deepseek,deepseek-v4-pro,1,success,200,,,1009,0,1009,4,1013,918.08,0.00044239,2026-07-20T16:48:35.348034+00:00,2026-07-20T16:48:36.266677+00:00
564,pilot,A,finqa-train-005749,finqa,deepseek,deepseek-v4-pro,1,success,200,,,1129,1024,105,2,1131,922.63,5.113e-05,2026-07-20T16:48:36.581577+00:00,2026-07-20T16:48:37.504576+00:00
565,pilot,A,finqa-train-005757,finqa,deepseek,deepseek-v4-pro,1,success,200,,,1319,0,1319,4,1323,959.4,0.00057725,2026-07-20T16:48:37.819374+00:00,2026-07-20T16:48:38.779615+00:00
566,pilot,A,finqa-train-005765,finqa,deepseek,deepseek-v4-pro,1,success,200,,,1043,0,1043,22,1065,1095.2,0.00047285,2026-07-20T16:48:39.094070+00:00,2026-07-20T16:48:40.189235+00:00
567,pilot,A,finqa-train-005768,finqa,deepseek,deepseek-v4-pro,1,success,200,,,1103,0,1103,2,1105,810.33,0.00048155,2026-07-20T16:48:40.504735+00:00,2026-07-20T16:48:41.315227+00:00
568,pilot,A,finqa-train-005783,finqa,deepseek,deepseek-v4-pro,1,success,200,,,1505,0,1505,32,1537,1129.61,0.00068251,2026-07-20T16:48:41.630903+00:00,2026-07-20T16:48:42.760943+00:00
569,pilot,A,finqa-train-005793,finqa,deepseek,deepseek-v4-pro,1,success,200,,,1559,0,1559,2,1561,969.39,0.0006799,2026-07-20T16:48:43.075703+00:00,2026-07-20T16:48:44.045860+00:00
570,pilot,A,finqa-train-005815,finqa,deepseek,deepseek-v4-pro,1,success,200,,,1272,0,1272,47,1319,1399.17,0.00059421,2026-07-20T16:48:44.361832+00:00,2026-07-20T16:48:45.760947+00:00
571,pilot,A,finqa-train-005834,finqa,deepseek,deepseek-v4-pro,1,success,200,,,1325,0,1325,19,1344,1032.71,0.0005929,2026-07-20T16:48:46.075356+00:00,2026-07-20T16:48:47.108122+00:00
572,pilot,A,finqa-train-005958,finqa,deepseek,deepseek-v4-pro,1,success,200,,,1056,0,1056,17,1073,976.62,0.00047415,2026-07-20T16:48:47.424653+00:00,2026-07-20T16:48:48.401075+00:00
573,pilot,A,finqa-train-006024,finqa,deepseek,deepseek-v4-pro,1,success,200,,,896,0,896,82,978,1651.74,0.0004611,2026-07-20T16:48:48.716827+00:00,2026-07-20T16:48:50.368054+00:00
574,pilot,A,finqa-train-006042,finqa,deepseek,deepseek-v4-pro,1,success,200,,,689,0,689,5,694,781.0,0.00030407,2026-07-20T16:48:50.682976+00:00,2026-07-20T16:48:51.463594+00:00
575,pilot,A,finqa-train-006106,finqa,deepseek,deepseek-v4-pro,1,success,200,,,1564,0,1564,25,1589,1174.3,0.00070209,2026-07-20T16:48:51.780159+00:00,2026-07-20T16:48:52.955172+00:00
576,pilot,A,finqa-train-006150,finqa,deepseek,deepseek-v4-pro,1,success,200,,,971,896,75,2,973,997.3,3.761e-05,2026-07-20T16:48:53.269848+00:00,2026-07-20T16:48:54.266814+00:00
577,pilot,A,finqa-train-006159,finqa,deepseek,deepseek-v4-pro,1,success,200,,,1290,0,1290,33,1323,1395.2,0.00058986,2026-07-20T16:48:54.582491+00:00,2026-07-20T16:48:55.977797+00:00
578,pilot,A,finqa-train-006172,finqa,deepseek,deepseek-v4-pro,1,success,200,,,1062,0,1062,4,1066,857.65,0.00046545,2026-07-20T16:48:56.293359+00:00,2026-07-20T16:48:57.151102+00:00
579,pilot,A,finqa-train-006209,finqa,deepseek,deepseek-v4-pro,1,success,200,,,910,896,14,4,914,1031.68,1.282e-05,2026-07-20T16:48:57.467341+00:00,2026-07-20T16:48:58.498437+00:00
580,pilot,A,finqa-valid-000036,finqa,deepseek,deepseek-v4-pro,1,success,200,,,1007,0,1007,14,1021,1305.75,0.00045023,2026-07-20T16:48:58.813213+00:00,2026-07-20T16:49:00.120055+00:00
581,pilot,A,finqa-valid-000037,finqa,deepseek,deepseek-v4-pro,1,success,200,,,1968,0,1968,5,1973,1055.49,0.00086043,2026-07-20T16:49:00.434318+00:00,2026-07-20T16:49:01.489662+00:00
582,pilot,A,finqa-valid-000051,finqa,deepseek,deepseek-v4-pro,1,success,200,,,928,0,928,3,931,793.69,0.00040629,2026-07-20T16:49:01.805166+00:00,2026-07-20T16:49:02.598069+00:00
583,pilot,A,finqa-valid-000064,finqa,deepseek,deepseek-v4-pro,1,success,200,,,1184,0,1184,34,1218,1304.61,0.00054462,2026-07-20T16:49:02.915620+00:00,2026-07-20T16:49:04.219967+00:00
584,pilot,A,finqa-valid-000146,finqa,deepseek,deepseek-v4-pro,1,success,200,,,1337,0,1337,4,1341,749.05,0.00058508,2026-07-20T16:49:04.535756+00:00,2026-07-20T16:49:05.284946+00:00
585,pilot,A,finqa-valid-000154,finqa,deepseek,deepseek-v4-pro,1,success,200,,,1159,0,1159,27,1186,1203.43,0.00052766,2026-07-20T16:49:05.599905+00:00,2026-07-20T16:49:06.803409+00:00
586,pilot,A,finqa-valid-000273,finqa,deepseek,deepseek-v4-pro,1,success,200,,,911,0,911,23,934,1071.79,0.0004163,2026-07-20T16:49:07.117902+00:00,2026-07-20T16:49:08.189093+00:00
587,pilot,A,finqa-valid-000324,finqa,deepseek,deepseek-v4-pro,1,success,200,,,559,0,559,23,582,1152.09,0.00026318,2026-07-20T16:49:08.505274+00:00,2026-07-20T16:49:09.657775+00:00
588,pilot,A,finqa-valid-000340,finqa,deepseek,deepseek-v4-pro,1,success,200,,,633,0,633,10,643,1492.98,0.00028405,2026-07-20T16:49:09.973712+00:00,2026-07-20T16:49:11.466288+00:00
589,pilot,A,finqa-valid-000381,finqa,deepseek,deepseek-v4-pro,1,success,200,,,937,0,937,4,941,963.56,0.00041108,2026-07-20T16:49:11.782485+00:00,2026-07-20T16:49:12.746378+00:00
590,pilot,A,finqa-valid-000453,finqa,deepseek,deepseek-v4-pro,1,success,200,,,652,0,652,21,673,1196.97,0.00030189,2026-07-20T16:49:13.062041+00:00,2026-07-20T16:49:14.258821+00:00
591,pilot,A,finqa-valid-000458,finqa,deepseek,deepseek-v4-pro,1,success,200,,,607,0,607,6,613,969.28,0.00026927,2026-07-20T16:49:14.574631+00:00,2026-07-20T16:49:15.544249+00:00
592,pilot,A,finqa-valid-000496,finqa,deepseek,deepseek-v4-pro,1,success,200,,,998,0,998,21,1019,1160.19,0.0004524,2026-07-20T16:49:15.861527+00:00,2026-07-20T16:49:17.021191+00:00
593,pilot,A,finqa-valid-000542,finqa,deepseek,deepseek-v4-pro,1,success,200,,,798,768,30,6,804,1073.99,2.105e-05,2026-07-20T16:49:17.336879+00:00,2026-07-20T16:49:18.410784+00:00
594,pilot,A,finqa-valid-000605,finqa,deepseek,deepseek-v4-pro,1,success,200,,,540,512,28,20,560,1216.39,3.144e-05,2026-07-20T16:49:18.725851+00:00,2026-07-20T16:49:19.942443+00:00
595,pilot,A,finqa-valid-000659,finqa,deepseek,deepseek-v4-pro,1,success,200,,,890,0,890,4,894,876.02,0.00039063,2026-07-20T16:49:20.259074+00:00,2026-07-20T16:49:21.134590+00:00
596,pilot,A,finqa-valid-000709,finqa,deepseek,deepseek-v4-pro,1,success,200,,,1046,0,1046,18,1064,1251.32,0.00047067,2026-07-20T16:49:21.451366+00:00,2026-07-20T16:49:22.702646+00:00
597,pilot,A,finqa-valid-000730,finqa,deepseek,deepseek-v4-pro,1,success,200,,,1137,0,1137,4,1141,969.67,0.00049808,2026-07-20T16:49:23.018153+00:00,2026-07-20T16:49:23.987035+00:00
598,pilot,A,finqa-valid-000813,finqa,deepseek,deepseek-v4-pro,1,success,200,,,1238,0,1238,31,1269,1180.23,0.0005655,2026-07-20T16:49:24.302383+00:00,2026-07-20T16:49:25.482719+00:00
599,pilot,A,finqa-valid-000817,finqa,deepseek,deepseek-v4-pro,1,success,200,,,1349,0,1349,4,1353,1109.65,0.0005903,2026-07-20T16:49:25.797480+00:00,2026-07-20T16:49:26.907749+00:00
600,pilot,A,finqa-valid-000877,finqa,deepseek,deepseek-v4-pro,1,success,200,,,910,0,910,28,938,1254.28,0.00042021,2026-07-20T16:49:27.222636+00:00,2026-07-20T16:49:28.476931+00:00
601,pilot,A,financial_mmlu_ko-test-000002,financial_mmlu_ko,deepseek,deepseek-v4-pro,1,success,200,,,243,0,243,1,244,904.61,0.00010658,2026-07-20T16:49:28.793030+00:00,2026-07-20T16:49:29.696899+00:00
602,pilot,A,financial_mmlu_ko-test-000004,financial_mmlu_ko,deepseek,deepseek-v4-pro,1,success,200,,,192,128,64,1,193,900.62,2.917e-05,2026-07-20T16:49:30.012593+00:00,2026-07-20T16:49:30.912960+00:00
603,pilot,A,financial_mmlu_ko-test-000007,financial_mmlu_ko,deepseek,deepseek-v4-pro,1,success,200,,,154,0,154,1,155,992.5,6.786e-05,2026-07-20T16:49:31.229122+00:00,2026-07-20T16:49:32.221433+00:00
604,pilot,A,financial_mmlu_ko-test-000009,financial_mmlu_ko,deepseek,deepseek-v4-pro,1,success,200,,,162,128,34,1,163,852.3,1.612e-05,2026-07-20T16:49:32.536942+00:00,2026-07-20T16:49:33.389827+00:00
605,pilot,A,financial_mmlu_ko-test-000010,financial_mmlu_ko,deepseek,deepseek-v4-pro,1,success,200,,,206,0,206,1,207,855.36,9.048e-05,2026-07-20T16:49:33.705822+00:00,2026-07-20T16:49:34.560681+00:00
606,pilot,A,financial_mmlu_ko-test-000012,financial_mmlu_ko,deepseek,deepseek-v4-pro,1,success,200,,,225,0,225,1,226,608.78,9.874e-05,2026-07-20T16:49:34.876482+00:00,2026-07-20T16:49:35.485794+00:00
607,pilot,A,financial_mmlu_ko-test-000013,financial_mmlu_ko,deepseek,deepseek-v4-pro,1,success,200,,,202,0,202,1,203,898.34,8.874e-05,2026-07-20T16:49:35.800766+00:00,2026-07-20T16:49:36.698910+00:00
608,pilot,A,financial_mmlu_ko-test-000015,financial_mmlu_ko,deepseek,deepseek-v4-pro,1,success,200,,,114,0,114,1,115,779.19,5.046e-05,2026-07-20T16:49:37.015156+00:00,2026-07-20T16:49:37.795257+00:00
609,pilot,A,financial_mmlu_ko-test-000020,financial_mmlu_ko,deepseek,deepseek-v4-pro,1,success,200,,,122,0,122,1,123,902.74,5.394e-05,2026-07-20T16:49:38.109931+00:00,2026-07-20T16:49:39.012512+00:00
610,pilot,A,financial_mmlu_ko-test-000024,financial_mmlu_ko,deepseek,deepseek-v4-pro,1,success,200,,,228,0,228,1,229,830.09,0.00010005,2026-07-20T16:49:39.328063+00:00,2026-07-20T16:49:40.158172+00:00
611,pilot,A,financial_mmlu_ko-test-000025,financial_mmlu_ko,deepseek,deepseek-v4-pro,1,success,200,,,224,0,224,1,225,869.43,9.831e-05,2026-07-20T16:49:40.474711+00:00,2026-07-20T16:49:41.344043+00:00
612,pilot,A,financial_mmlu_ko-test-000027,financial_mmlu_ko,deepseek,deepseek-v4-pro,1,success,200,,,224,0,224,1,225,855.62,9.831e-05,2026-07-20T16:49:41.658629+00:00,2026-07-20T16:49:42.514206+00:00
613,pilot,A,financial_mmlu_ko-test-000028,financial_mmlu_ko,deepseek,deepseek-v4-pro,1,success,200,,,228,0,228,1,229,823.95,0.00010005,2026-07-20T16:49:42.855807+00:00,2026-07-20T16:49:43.680521+00:00
614,pilot,A,financial_mmlu_ko-test-000030,financial_mmlu_ko,deepseek,deepseek-v4-pro,1,success,200,,,125,0,125,1,126,891.13,5.524e-05,2026-07-20T16:49:43.997477+00:00,2026-07-20T16:49:44.887949+00:00
615,pilot,A,financial_mmlu_ko-test-000031,financial_mmlu_ko,deepseek,deepseek-v4-pro,1,success,200,,,143,0,143,1,144,696.15,6.308e-05,2026-07-20T16:49:45.204500+00:00,2026-07-20T16:49:45.900355+00:00
616,pilot,A,financial_mmlu_ko-test-000032,financial_mmlu_ko,deepseek,deepseek-v4-pro,1,success,200,,,135,0,135,1,136,932.11,5.959e-05,2026-07-20T16:49:46.215795+00:00,2026-07-20T16:49:47.147718+00:00
617,pilot,A,financial_mmlu_ko-test-000033,financial_mmlu_ko,deepseek,deepseek-v4-pro,1,success,200,,,190,0,190,1,191,809.27,8.352e-05,2026-07-20T16:49:47.463495+00:00,2026-07-20T16:49:48.273722+00:00
618,pilot,A,financial_mmlu_ko-test-000035,financial_mmlu_ko,deepseek,deepseek-v4-pro,1,success,200,,,162,0,162,1,163,880.24,7.134e-05,2026-07-20T16:49:48.589474+00:00,2026-07-20T16:49:49.469537+00:00
619,pilot,A,financial_mmlu_ko-test-000036,financial_mmlu_ko,deepseek,deepseek-v4-pro,1,success,200,,,151,0,151,1,152,881.36,6.656e-05,2026-07-20T16:49:49.785191+00:00,2026-07-20T16:49:50.666879+00:00
620,pilot,A,financial_mmlu_ko-test-000038,financial_mmlu_ko,deepseek,deepseek-v4-pro,1,success,200,,,216,0,216,1,217,898.86,9.483e-05,2026-07-20T16:49:50.982271+00:00,2026-07-20T16:49:51.880940+00:00
621,pilot,A,financial_mmlu_ko-test-000040,financial_mmlu_ko,deepseek,deepseek-v4-pro,1,success,200,,,183,0,183,1,184,766.54,8.047e-05,2026-07-20T16:49:52.197219+00:00,2026-07-20T16:49:52.963783+00:00
622,pilot,A,financial_mmlu_ko-test-000041,financial_mmlu_ko,deepseek,deepseek-v4-pro,1,success,200,,,150,0,150,1,151,1091.45,6.612e-05,2026-07-20T16:49:53.278902+00:00,2026-07-20T16:49:54.371011+00:00
623,pilot,A,financial_mmlu_ko-test-000043,financial_mmlu_ko,deepseek,deepseek-v4-pro,1,success,200,,,184,0,184,1,185,768.84,8.091e-05,2026-07-20T16:49:54.686359+00:00,2026-07-20T16:49:55.455568+00:00
624,pilot,A,financial_mmlu_ko-test-000044,financial_mmlu_ko,deepseek,deepseek-v4-pro,1,success,200,,,191,0,191,1,192,750.55,8.396e-05,2026-07-20T16:49:55.769980+00:00,2026-07-20T16:49:56.519746+00:00
625,pilot,A,financial_mmlu_ko-test-000048,financial_mmlu_ko,deepseek,deepseek-v4-pro,1,success,200,,,138,128,10,1,139,1016.92,5.68e-06,2026-07-20T16:49:56.834985+00:00,2026-07-20T16:49:57.851821+00:00
626,pilot,A,financial_mmlu_ko-test-000052,financial_mmlu_ko,deepseek,deepseek-v4-pro,1,success,200,,,162,0,162,1,163,957.89,7.134e-05,2026-07-20T16:49:58.167118+00:00,2026-07-20T16:49:59.124827+00:00
627,pilot,A,financial_mmlu_ko-test-000054,financial_mmlu_ko,deepseek,deepseek-v4-pro,1,success,200,,,140,128,12,1,141,900.94,6.55e-06,2026-07-20T16:49:59.440720+00:00,2026-07-20T16:50:00.342246+00:00
628,pilot,A,financial_mmlu_ko-test-000057,financial_mmlu_ko,deepseek,deepseek-v4-pro,1,success,200,,,182,0,182,1,183,792.91,8.004e-05,2026-07-20T16:50:00.657511+00:00,2026-07-20T16:50:01.450677+00:00
629,pilot,A,financial_mmlu_ko-test-000059,financial_mmlu_ko,deepseek,deepseek-v4-pro,1,success,200,,,129,0,129,1,130,988.53,5.698e-05,2026-07-20T16:50:01.765816+00:00,2026-07-20T16:50:02.754649+00:00
630,pilot,A,financial_mmlu_ko-test-000065,financial_mmlu_ko,deepseek,deepseek-v4-pro,1,success,200,,,175,0,175,1,176,744.01,7.699e-05,2026-07-20T16:50:03.068941+00:00,2026-07-20T16:50:03.813260+00:00
631,pilot,A,financial_mmlu_ko-test-000068,financial_mmlu_ko,deepseek,deepseek-v4-pro,1,success,200,,,134,0,134,1,135,696.72,5.916e-05,2026-07-20T16:50:04.128646+00:00,2026-07-20T16:50:04.825126+00:00
632,pilot,A,financial_mmlu_ko-test-000070,financial_mmlu_ko,deepseek,deepseek-v4-pro,1,success,200,,,200,0,200,1,201,1000.05,8.787e-05,2026-07-20T16:50:05.140317+00:00,2026-07-20T16:50:06.140316+00:00
633,pilot,A,financial_mmlu_ko-test-000079,financial_mmlu_ko,deepseek,deepseek-v4-pro,1,success,200,,,116,0,116,1,117,931.45,5.133e-05,2026-07-20T16:50:06.455960+00:00,2026-07-20T16:50:07.388330+00:00
634,pilot,A,financial_mmlu_ko-test-000083,financial_mmlu_ko,deepseek,deepseek-v4-pro,1,success,200,,,177,0,177,1,178,824.55,7.786e-05,2026-07-20T16:50:07.703557+00:00,2026-07-20T16:50:08.528671+00:00
635,pilot,A,financial_mmlu_ko-test-000088,financial_mmlu_ko,deepseek,deepseek-v4-pro,1,success,200,,,103,0,103,1,104,921.7,4.567e-05,2026-07-20T16:50:08.843755+00:00,2026-07-20T16:50:09.765996+00:00
636,pilot,A,financial_mmlu_ko-test-000091,financial_mmlu_ko,deepseek,deepseek-v4-pro,1,success,200,,,143,0,143,1,144,836.1,6.308e-05,2026-07-20T16:50:10.081979+00:00,2026-07-20T16:50:10.917539+00:00
637,pilot,A,financial_mmlu_ko-test-000092,financial_mmlu_ko,deepseek,deepseek-v4-pro,1,success,200,,,144,0,144,1,145,1153.02,6.351e-05,2026-07-20T16:50:11.234217+00:00,2026-07-20T16:50:12.387291+00:00
638,pilot,A,financial_mmlu_ko-test-000095,financial_mmlu_ko,deepseek,deepseek-v4-pro,1,success,200,,,198,0,198,1,199,1165.22,8.7e-05,2026-07-20T16:50:12.701464+00:00,2026-07-20T16:50:13.866828+00:00
639,pilot,A,financial_mmlu_ko-test-000096,financial_mmlu_ko,deepseek,deepseek-v4-pro,1,success,200,,,150,0,150,1,151,872.15,6.612e-05,2026-07-20T16:50:14.204924+00:00,2026-07-20T16:50:15.076824+00:00
640,pilot,A,financial_mmlu_ko-test-000097,financial_mmlu_ko,deepseek,deepseek-v4-pro,1,success,200,,,128,0,128,1,129,900.56,5.655e-05,2026-07-20T16:50:15.392777+00:00,2026-07-20T16:50:16.292938+00:00
641,pilot,A,financial_mmlu_ko-test-000100,financial_mmlu_ko,deepseek,deepseek-v4-pro,1,success,200,,,104,0,104,1,105,800.07,4.611e-05,2026-07-20T16:50:16.609755+00:00,2026-07-20T16:50:17.409291+00:00
642,pilot,A,financial_mmlu_ko-test-000102,financial_mmlu_ko,deepseek,deepseek-v4-pro,1,success,200,,,111,0,111,1,112,1096.78,4.915e-05,2026-07-20T16:50:17.726092+00:00,2026-07-20T16:50:18.822898+00:00
643,pilot,A,financial_mmlu_ko-test-000104,financial_mmlu_ko,deepseek,deepseek-v4-pro,1,success,200,,,171,0,171,1,172,1438.32,7.525e-05,2026-07-20T16:50:19.139810+00:00,2026-07-20T16:50:20.577450+00:00
644,pilot,A,financial_mmlu_ko-test-000105,financial_mmlu_ko,deepseek,deepseek-v4-pro,1,success,200,,,145,0,145,1,146,1029.24,6.394e-05,2026-07-20T16:50:20.893469+00:00,2026-07-20T16:50:21.922586+00:00
645,pilot,A,financial_mmlu_ko-test-000106,financial_mmlu_ko,deepseek,deepseek-v4-pro,1,success,200,,,186,128,58,1,187,913.18,2.656e-05,2026-07-20T16:50:22.238377+00:00,2026-07-20T16:50:23.152698+00:00
646,pilot,A,financial_mmlu_ko-test-000108,financial_mmlu_ko,deepseek,deepseek-v4-pro,1,success,200,,,272,0,272,1,273,840.84,0.00011919,2026-07-20T16:50:23.467043+00:00,2026-07-20T16:50:24.308230+00:00
647,pilot,A,financial_mmlu_ko-test-000109,financial_mmlu_ko,deepseek,deepseek-v4-pro,1,success,200,,,159,0,159,1,160,866.86,7.003e-05,2026-07-20T16:50:24.623738+00:00,2026-07-20T16:50:25.491725+00:00
648,pilot,A,financial_mmlu_ko-test-000113,financial_mmlu_ko,deepseek,deepseek-v4-pro,1,success,200,,,191,0,191,1,192,1162.88,8.396e-05,2026-07-20T16:50:25.807578+00:00,2026-07-20T16:50:26.970905+00:00
649,pilot,A,financial_mmlu_ko-test-000116,financial_mmlu_ko,deepseek,deepseek-v4-pro,1,success,200,,,189,0,189,1,190,1091.09,8.309e-05,2026-07-20T16:50:27.287673+00:00,2026-07-20T16:50:28.378165+00:00
650,pilot,A,financial_mmlu_ko-test-000117,financial_mmlu_ko,deepseek,deepseek-v4-pro,1,success,200,,,192,0,192,1,193,993.33,8.439e-05,2026-07-20T16:50:28.693526+00:00,2026-07-20T16:50:29.686781+00:00
651,pilot,A,financial_mmlu_ko-test-000118,financial_mmlu_ko,deepseek,deepseek-v4-pro,1,success,200,,,203,0,203,1,204,805.47,8.917e-05,2026-07-20T16:50:30.002947+00:00,2026-07-20T16:50:30.807566+00:00
652,pilot,A,financial_mmlu_ko-test-000120,financial_mmlu_ko,deepseek,deepseek-v4-pro,1,success,200,,,215,128,87,1,216,869.61,3.918e-05,2026-07-20T16:50:31.125731+00:00,2026-07-20T16:50:31.995744+00:00
653,pilot,A,financial_mmlu_ko-test-000121,financial_mmlu_ko,deepseek,deepseek-v4-pro,1,success,200,,,105,0,105,1,106,914.72,4.654e-05,2026-07-20T16:50:32.310084+00:00,2026-07-20T16:50:33.224226+00:00
654,pilot,A,financial_mmlu_ko-test-000124,financial_mmlu_ko,deepseek,deepseek-v4-pro,1,success,200,,,208,0,208,1,209,860.98,9.135e-05,2026-07-20T16:50:33.540433+00:00,2026-07-20T16:50:34.401277+00:00
655,pilot,A,financial_mmlu_ko-test-000126,financial_mmlu_ko,deepseek,deepseek-v4-pro,1,success,200,,,129,128,1,1,130,1035.01,1.77e-06,2026-07-20T16:50:34.718225+00:00,2026-07-20T16:50:35.753165+00:00
656,pilot,A,financial_mmlu_ko-test-000128,financial_mmlu_ko,deepseek,deepseek-v4-pro,1,success,200,,,227,0,227,1,228,924.87,9.961e-05,2026-07-20T16:50:36.069304+00:00,2026-07-20T16:50:36.994162+00:00
657,pilot,A,financial_mmlu_ko-test-000130,financial_mmlu_ko,deepseek,deepseek-v4-pro,1,success,200,,,157,0,157,1,158,1029.0,6.916e-05,2026-07-20T16:50:37.308872+00:00,2026-07-20T16:50:38.338008+00:00
658,pilot,A,financial_mmlu_ko-test-000131,financial_mmlu_ko,deepseek,deepseek-v4-pro,1,success,200,,,212,0,212,1,213,814.85,9.309e-05,2026-07-20T16:50:38.652638+00:00,2026-07-20T16:50:39.467486+00:00
659,pilot,A,financial_mmlu_ko-test-000134,financial_mmlu_ko,deepseek,deepseek-v4-pro,1,success,200,,,209,0,209,1,210,875.98,9.179e-05,2026-07-20T16:50:39.783905+00:00,2026-07-20T16:50:40.659826+00:00
660,pilot,A,financial_mmlu_ko-test-000136,financial_mmlu_ko,deepseek,deepseek-v4-pro,1,success,200,,,215,0,215,1,216,960.2,9.439e-05,2026-07-20T16:50:40.975604+00:00,2026-07-20T16:50:41.934933+00:00
661,pilot,A,financial_mmlu_ko-test-000138,financial_mmlu_ko,deepseek,deepseek-v4-pro,1,success,200,,,197,0,197,1,198,751.62,8.656e-05,2026-07-20T16:50:42.251444+00:00,2026-07-20T16:50:43.002666+00:00
662,pilot,A,financial_mmlu_ko-test-000141,financial_mmlu_ko,deepseek,deepseek-v4-pro,1,success,200,,,173,0,173,1,174,840.71,7.612e-05,2026-07-20T16:50:43.322219+00:00,2026-07-20T16:50:44.162200+00:00
663,pilot,A,financial_mmlu_ko-test-000143,financial_mmlu_ko,deepseek,deepseek-v4-pro,1,success,200,,,194,128,66,1,195,769.3,3.004e-05,2026-07-20T16:50:44.481331+00:00,2026-07-20T16:50:45.250559+00:00
664,pilot,A,financial_mmlu_ko-test-000145,financial_mmlu_ko,deepseek,deepseek-v4-pro,1,success,200,,,170,0,170,1,171,665.29,7.482e-05,2026-07-20T16:50:45.582197+00:00,2026-07-20T16:50:46.247292+00:00
665,pilot,A,financial_mmlu_ko-test-000147,financial_mmlu_ko,deepseek,deepseek-v4-pro,1,success,200,,,235,0,235,1,236,920.92,0.00010309,2026-07-20T16:50:46.563341+00:00,2026-07-20T16:50:47.484081+00:00
666,pilot,A,financial_mmlu_ko-test-000151,financial_mmlu_ko,deepseek,deepseek-v4-pro,1,success,200,,,123,0,123,1,124,834.14,5.438e-05,2026-07-20T16:50:47.799189+00:00,2026-07-20T16:50:48.633377+00:00
667,pilot,A,financial_mmlu_ko-test-000152,financial_mmlu_ko,deepseek,deepseek-v4-pro,1,success,200,,,215,0,215,1,216,913.61,9.439e-05,2026-07-20T16:50:48.950526+00:00,2026-07-20T16:50:49.863541+00:00
668,pilot,A,financial_mmlu_ko-test-000153,financial_mmlu_ko,deepseek,deepseek-v4-pro,1,success,200,,,233,0,233,1,234,962.25,0.00010222,2026-07-20T16:50:50.178651+00:00,2026-07-20T16:50:51.141255+00:00
669,pilot,A,financial_mmlu_ko-test-000156,financial_mmlu_ko,deepseek,deepseek-v4-pro,1,success,200,,,278,0,278,1,279,1144.15,0.0001218,2026-07-20T16:50:51.457215+00:00,2026-07-20T16:50:52.601270+00:00
670,pilot,A,financial_mmlu_ko-test-000158,financial_mmlu_ko,deepseek,deepseek-v4-pro,1,success,200,,,202,0,202,1,203,766.66,8.874e-05,2026-07-20T16:50:52.917999+00:00,2026-07-20T16:50:53.685395+00:00
671,pilot,A,financial_mmlu_ko-test-000160,financial_mmlu_ko,deepseek,deepseek-v4-pro,1,success,200,,,188,0,188,1,189,875.1,8.265e-05,2026-07-20T16:50:54.001318+00:00,2026-07-20T16:50:54.876025+00:00
672,pilot,A,financial_mmlu_ko-test-000161,financial_mmlu_ko,deepseek,deepseek-v4-pro,1,success,200,,,192,0,192,1,193,827.2,8.439e-05,2026-07-20T16:50:55.193250+00:00,2026-07-20T16:50:56.020725+00:00
673,pilot,A,financial_mmlu_ko-test-000162,financial_mmlu_ko,deepseek,deepseek-v4-pro,1,success,200,,,206,0,206,1,207,850.03,9.048e-05,2026-07-20T16:50:56.337141+00:00,2026-07-20T16:50:57.187537+00:00
674,pilot,A,financial_mmlu_ko-test-000164,financial_mmlu_ko,deepseek,deepseek-v4-pro,1,success,200,,,265,0,265,1,266,794.67,0.00011614,2026-07-20T16:50:57.504475+00:00,2026-07-20T16:50:58.299069+00:00
675,pilot,A,financial_mmlu_ko-test-000167,financial_mmlu_ko,deepseek,deepseek-v4-pro,1,success,200,,,156,128,28,1,157,858.14,1.351e-05,2026-07-20T16:50:58.614462+00:00,2026-07-20T16:50:59.473551+00:00
676,pilot,A,financial_mmlu_ko-test-000169,financial_mmlu_ko,deepseek,deepseek-v4-pro,1,success,200,,,191,0,191,1,192,832.42,8.396e-05,2026-07-20T16:50:59.788699+00:00,2026-07-20T16:51:00.621255+00:00
677,pilot,A,financial_mmlu_ko-test-000172,financial_mmlu_ko,deepseek,deepseek-v4-pro,1,success,200,,,254,0,254,1,255,1010.92,0.00011136,2026-07-20T16:51:00.937430+00:00,2026-07-20T16:51:01.948232+00:00
678,pilot,A,financial_mmlu_ko-test-000173,financial_mmlu_ko,deepseek,deepseek-v4-pro,1,success,200,,,234,0,234,1,235,873.24,0.00010266,2026-07-20T16:51:02.263517+00:00,2026-07-20T16:51:03.136642+00:00
679,pilot,A,financial_mmlu_ko-test-000175,financial_mmlu_ko,deepseek,deepseek-v4-pro,1,success,200,,,203,128,75,1,204,819.11,3.396e-05,2026-07-20T16:51:03.452997+00:00,2026-07-20T16:51:04.271847+00:00
680,pilot,A,financial_mmlu_ko-test-000177,financial_mmlu_ko,deepseek,deepseek-v4-pro,1,success,200,,,272,0,272,1,273,810.74,0.00011919,2026-07-20T16:51:04.586906+00:00,2026-07-20T16:51:05.398084+00:00
681,pilot,A,financial_mmlu_ko-test-000181,financial_mmlu_ko,deepseek,deepseek-v4-pro,1,success,200,,,268,0,268,1,269,994.75,0.00011745,2026-07-20T16:51:05.712580+00:00,2026-07-20T16:51:06.707739+00:00
682,pilot,A,financial_mmlu_ko-test-000182,financial_mmlu_ko,deepseek,deepseek-v4-pro,1,success,200,,,180,0,180,1,181,858.68,7.917e-05,2026-07-20T16:51:07.022787+00:00,2026-07-20T16:51:07.881650+00:00
683,pilot,A,financial_mmlu_ko-test-000188,financial_mmlu_ko,deepseek,deepseek-v4-pro,1,success,200,,,154,0,154,1,155,580.45,6.786e-05,2026-07-20T16:51:08.196756+00:00,2026-07-20T16:51:08.777045+00:00
684,pilot,A,financial_mmlu_ko-test-000192,financial_mmlu_ko,deepseek,deepseek-v4-pro,1,success,200,,,173,0,173,1,174,876.1,7.612e-05,2026-07-20T16:51:09.092925+00:00,2026-07-20T16:51:09.969410+00:00
685,pilot,A,financial_mmlu_ko-test-000193,financial_mmlu_ko,deepseek,deepseek-v4-pro,1,success,200,,,226,0,226,1,227,898.18,9.918e-05,2026-07-20T16:51:10.284546+00:00,2026-07-20T16:51:11.182565+00:00
686,pilot,A,financial_mmlu_ko-test-000194,financial_mmlu_ko,deepseek,deepseek-v4-pro,1,success,200,,,193,0,193,1,194,724.14,8.483e-05,2026-07-20T16:51:11.498409+00:00,2026-07-20T16:51:12.222737+00:00
687,pilot,A,financial_mmlu_ko-test-000197,financial_mmlu_ko,deepseek,deepseek-v4-pro,1,success,200,,,244,0,244,1,245,879.8,0.00010701,2026-07-20T16:51:12.538004+00:00,2026-07-20T16:51:13.418204+00:00
688,pilot,A,financial_mmlu_ko-test-000200,financial_mmlu_ko,deepseek,deepseek-v4-pro,1,success,200,,,183,0,183,1,184,855.78,8.047e-05,2026-07-20T16:51:13.734359+00:00,2026-07-20T16:51:14.589770+00:00
689,pilot,A,financial_mmlu_ko-test-000203,financial_mmlu_ko,deepseek,deepseek-v4-pro,1,success,200,,,193,0,193,1,194,756.58,8.483e-05,2026-07-20T16:51:14.904714+00:00,2026-07-20T16:51:15.661390+00:00
690,pilot,A,financial_mmlu_ko-test-000210,financial_mmlu_ko,deepseek,deepseek-v4-pro,1,success,200,,,211,0,211,1,212,1920.61,9.265e-05,2026-07-20T16:51:15.978034+00:00,2026-07-20T16:51:17.898767+00:00
691,pilot,A,financial_mmlu_ko-test-000214,financial_mmlu_ko,deepseek,deepseek-v4-pro,1,success,200,,,228,0,228,1,229,675.09,0.00010005,2026-07-20T16:51:18.214478+00:00,2026-07-20T16:51:18.890243+00:00
692,pilot,A,financial_mmlu_ko-test-000216,financial_mmlu_ko,deepseek,deepseek-v4-pro,1,success,200,,,240,0,240,1,241,757.09,0.00010527,2026-07-20T16:51:19.206246+00:00,2026-07-20T16:51:19.963391+00:00
693,pilot,A,financial_mmlu_ko-test-000219,financial_mmlu_ko,deepseek,deepseek-v4-pro,1,success,200,,,233,0,233,1,234,664.08,0.00010222,2026-07-20T16:51:20.279720+00:00,2026-07-20T16:51:20.944462+00:00
694,pilot,A,financial_mmlu_ko-test-000221,financial_mmlu_ko,deepseek,deepseek-v4-pro,1,success,200,,,142,128,14,1,143,865.04,7.42e-06,2026-07-20T16:51:21.260837+00:00,2026-07-20T16:51:22.125510+00:00
695,pilot,A,financial_mmlu_ko-test-000223,financial_mmlu_ko,deepseek,deepseek-v4-pro,1,success,200,,,231,0,231,1,232,854.87,0.00010135,2026-07-20T16:51:22.441761+00:00,2026-07-20T16:51:23.296267+00:00
696,pilot,A,financial_mmlu_ko-test-000224,financial_mmlu_ko,deepseek,deepseek-v4-pro,1,success,200,,,223,0,223,1,224,830.83,9.787e-05,2026-07-20T16:51:23.612113+00:00,2026-07-20T16:51:24.443199+00:00
697,pilot,A,financial_mmlu_ko-test-000225,financial_mmlu_ko,deepseek,deepseek-v4-pro,1,success,200,,,174,0,174,1,175,894.78,7.656e-05,2026-07-20T16:51:24.759335+00:00,2026-07-20T16:51:25.654342+00:00
698,pilot,A,financial_mmlu_ko-test-000227,financial_mmlu_ko,deepseek,deepseek-v4-pro,1,success,200,,,145,0,145,1,146,889.07,6.394e-05,2026-07-20T16:51:25.969149+00:00,2026-07-20T16:51:26.858197+00:00
699,pilot,A,financial_mmlu_ko-test-000229,financial_mmlu_ko,deepseek,deepseek-v4-pro,1,success,200,,,221,128,93,1,222,839.73,4.179e-05,2026-07-20T16:51:27.176575+00:00,2026-07-20T16:51:28.015907+00:00
700,pilot,A,financial_mmlu_ko-test-000230,financial_mmlu_ko,deepseek,deepseek-v4-pro,1,success,200,,,197,0,197,1,198,906.27,8.656e-05,2026-07-20T16:51:28.331755+00:00,2026-07-20T16:51:29.238020+00:00
701,pilot,A,financial_mmlu_ko-test-000234,financial_mmlu_ko,deepseek,deepseek-v4-pro,1,success,200,,,210,0,210,1,211,1112.91,9.222e-05,2026-07-20T16:51:29.553445+00:00,2026-07-20T16:51:30.666539+00:00
702,pilot,A,financial_mmlu_ko-test-000235,financial_mmlu_ko,deepseek,deepseek-v4-pro,1,success,200,,,269,0,269,1,270,889.95,0.00011788,2026-07-20T16:51:30.982728+00:00,2026-07-20T16:51:31.872442+00:00
703,pilot,A,financial_mmlu_ko-test-000236,financial_mmlu_ko,deepseek,deepseek-v4-pro,1,success,200,,,210,0,210,1,211,660.59,9.222e-05,2026-07-20T16:51:32.188731+00:00,2026-07-20T16:51:32.849060+00:00
704,pilot,A,financial_mmlu_ko-test-000237,financial_mmlu_ko,deepseek,deepseek-v4-pro,1,success,200,,,210,0,210,1,211,1163.72,9.222e-05,2026-07-20T16:51:33.169215+00:00,2026-07-20T16:51:34.333103+00:00
705,pilot,A,financial_mmlu_ko-test-000241,financial_mmlu_ko,deepseek,deepseek-v4-pro,1,success,200,,,114,0,114,1,115,847.81,5.046e-05,2026-07-20T16:51:34.648501+00:00,2026-07-20T16:51:35.496524+00:00
706,pilot,A,financial_mmlu_ko-test-000242,financial_mmlu_ko,deepseek,deepseek-v4-pro,1,success,200,,,155,0,155,1,156,797.51,6.829e-05,2026-07-20T16:51:35.813488+00:00,2026-07-20T16:51:36.611143+00:00
707,pilot,A,financial_mmlu_ko-test-000243,financial_mmlu_ko,deepseek,deepseek-v4-pro,1,success,200,,,206,0,206,1,207,894.24,9.048e-05,2026-07-20T16:51:36.926042+00:00,2026-07-20T16:51:37.820576+00:00
708,pilot,A,financial_mmlu_ko-test-000244,financial_mmlu_ko,deepseek,deepseek-v4-pro,1,success,200,,,221,0,221,1,222,845.59,9.7e-05,2026-07-20T16:51:38.136959+00:00,2026-07-20T16:51:38.982008+00:00
709,pilot,A,financial_mmlu_ko-test-000245,financial_mmlu_ko,deepseek,deepseek-v4-pro,1,success,200,,,218,0,218,1,219,645.54,9.57e-05,2026-07-20T16:51:39.300448+00:00,2026-07-20T16:51:39.945655+00:00
710,pilot,A,financial_mmlu_ko-test-000246,financial_mmlu_ko,deepseek,deepseek-v4-pro,1,success,200,,,198,0,198,1,199,1199.67,8.7e-05,2026-07-20T16:51:40.262170+00:00,2026-07-20T16:51:41.461815+00:00
711,pilot,A,financial_mmlu_ko-test-000247,financial_mmlu_ko,deepseek,deepseek-v4-pro,1,success,200,,,267,0,267,1,268,786.06,0.00011701,2026-07-20T16:51:41.777734+00:00,2026-07-20T16:51:42.563911+00:00
712,pilot,A,financial_mmlu_ko-test-000249,financial_mmlu_ko,deepseek,deepseek-v4-pro,1,success,200,,,122,0,122,1,123,989.25,5.394e-05,2026-07-20T16:51:42.879642+00:00,2026-07-20T16:51:43.870276+00:00
713,pilot,A,financial_mmlu_ko-test-000252,financial_mmlu_ko,deepseek,deepseek-v4-pro,1,success,200,,,216,0,216,1,217,889.62,9.483e-05,2026-07-20T16:51:44.190301+00:00,2026-07-20T16:51:45.080407+00:00
714,pilot,A,financial_mmlu_ko-test-000253,financial_mmlu_ko,deepseek,deepseek-v4-pro,1,success,200,,,206,128,78,1,207,598.01,3.526e-05,2026-07-20T16:51:45.395654+00:00,2026-07-20T16:51:45.994061+00:00
715,pilot,A,financial_mmlu_ko-test-000257,financial_mmlu_ko,deepseek,deepseek-v4-pro,1,success,200,,,264,0,264,1,265,1144.39,0.00011571,2026-07-20T16:51:46.310188+00:00,2026-07-20T16:51:47.454183+00:00
716,pilot,A,financial_mmlu_ko-test-000259,financial_mmlu_ko,deepseek,deepseek-v4-pro,1,success,200,,,216,0,216,1,217,833.08,9.483e-05,2026-07-20T16:51:47.770304+00:00,2026-07-20T16:51:48.603696+00:00
717,pilot,A,financial_mmlu_ko-test-000260,financial_mmlu_ko,deepseek,deepseek-v4-pro,1,success,200,,,155,0,155,1,156,796.92,6.829e-05,2026-07-20T16:51:48.918864+00:00,2026-07-20T16:51:49.716100+00:00
718,pilot,A,financial_mmlu_ko-test-000262,financial_mmlu_ko,deepseek,deepseek-v4-pro,1,success,200,,,182,0,182,1,183,1067.23,8.004e-05,2026-07-20T16:51:50.031171+00:00,2026-07-20T16:51:51.098590+00:00
719,pilot,A,financial_mmlu_ko-test-000264,financial_mmlu_ko,deepseek,deepseek-v4-pro,1,success,200,,,162,0,162,1,163,810.7,7.134e-05,2026-07-20T16:51:51.415252+00:00,2026-07-20T16:51:52.226166+00:00
720,pilot,A,financial_mmlu_ko-test-000268,financial_mmlu_ko,deepseek,deepseek-v4-pro,1,success,200,,,236,0,236,1,237,823.39,0.00010353,2026-07-20T16:51:52.541849+00:00,2026-07-20T16:51:53.364620+00:00
721,pilot,A,financial_mmlu_ko-test-000270,financial_mmlu_ko,deepseek,deepseek-v4-pro,1,success,200,,,207,0,207,1,208,924.07,9.091e-05,2026-07-20T16:51:53.681056+00:00,2026-07-20T16:51:54.604841+00:00
722,pilot,A,financial_mmlu_ko-test-000271,financial_mmlu_ko,deepseek,deepseek-v4-pro,1,success,200,,,182,0,182,1,183,732.6,8.004e-05,2026-07-20T16:51:54.923671+00:00,2026-07-20T16:51:55.657148+00:00
723,pilot,A,financial_mmlu_ko-test-000273,financial_mmlu_ko,deepseek,deepseek-v4-pro,1,success,200,,,151,0,151,1,152,821.7,6.656e-05,2026-07-20T16:51:55.972858+00:00,2026-07-20T16:51:56.794743+00:00
724,pilot,A,financial_mmlu_ko-test-000274,financial_mmlu_ko,deepseek,deepseek-v4-pro,1,success,200,,,232,0,232,1,233,929.89,0.00010179,2026-07-20T16:51:57.109698+00:00,2026-07-20T16:51:58.040035+00:00
725,pilot,A,financial_mmlu_ko-test-000275,financial_mmlu_ko,deepseek,deepseek-v4-pro,1,success,200,,,180,0,180,1,181,1002.47,7.917e-05,2026-07-20T16:51:58.354679+00:00,2026-07-20T16:51:59.357191+00:00
726,pilot,A,financial_mmlu_ko-test-000279,financial_mmlu_ko,deepseek,deepseek-v4-pro,1,success,200,,,152,0,152,1,153,960.6,6.699e-05,2026-07-20T16:51:59.672883+00:00,2026-07-20T16:52:00.632879+00:00
727,pilot,A,financial_mmlu_ko-test-000281,financial_mmlu_ko,deepseek,deepseek-v4-pro,1,success,200,,,197,0,197,1,198,933.83,8.656e-05,2026-07-20T16:52:00.949912+00:00,2026-07-20T16:52:01.883063+00:00
728,pilot,A,financial_mmlu_ko-test-000282,financial_mmlu_ko,deepseek,deepseek-v4-pro,1,success,200,,,260,0,260,1,261,894.42,0.00011397,2026-07-20T16:52:02.200607+00:00,2026-07-20T16:52:03.094764+00:00
729,pilot,A,financial_mmlu_ko-test-000283,financial_mmlu_ko,deepseek,deepseek-v4-pro,1,success,200,,,182,0,182,1,183,862.03,8.004e-05,2026-07-20T16:52:03.411001+00:00,2026-07-20T16:52:04.272805+00:00
730,pilot,A,financial_mmlu_ko-test-000284,financial_mmlu_ko,deepseek,deepseek-v4-pro,1,success,200,,,232,0,232,1,233,1254.14,0.00010179,2026-07-20T16:52:04.589588+00:00,2026-07-20T16:52:05.843952+00:00
731,pilot,A,financial_mmlu_ko-test-000285,financial_mmlu_ko,deepseek,deepseek-v4-pro,1,success,200,,,183,0,183,1,184,669.67,8.047e-05,2026-07-20T16:52:06.161088+00:00,2026-07-20T16:52:06.831045+00:00
732,pilot,A,financial_mmlu_ko-test-000288,financial_mmlu_ko,deepseek,deepseek-v4-pro,1,success,200,,,171,0,171,1,172,854.03,7.525e-05,2026-07-20T16:52:07.146935+00:00,2026-07-20T16:52:08.001470+00:00
733,pilot,A,financial_mmlu_ko-test-000291,financial_mmlu_ko,deepseek,deepseek-v4-pro,1,success,200,,,143,0,143,1,144,1147.45,6.308e-05,2026-07-20T16:52:08.317394+00:00,2026-07-20T16:52:09.464991+00:00
734,pilot,A,financial_mmlu_ko-test-000293,financial_mmlu_ko,deepseek,deepseek-v4-pro,1,success,200,,,148,0,148,1,149,1068.6,6.525e-05,2026-07-20T16:52:09.780128+00:00,2026-07-20T16:52:10.848433+00:00
735,pilot,A,financial_mmlu_ko-test-000301,financial_mmlu_ko,deepseek,deepseek-v4-pro,1,success,200,,,238,0,238,1,239,908.28,0.0001044,2026-07-20T16:52:11.164474+00:00,2026-07-20T16:52:12.072810+00:00
736,pilot,A,financial_mmlu_ko-test-000302,financial_mmlu_ko,deepseek,deepseek-v4-pro,1,success,200,,,133,128,5,1,134,808.11,3.51e-06,2026-07-20T16:52:12.389169+00:00,2026-07-20T16:52:13.198098+00:00
737,pilot,A,financial_mmlu_ko-test-000309,financial_mmlu_ko,deepseek,deepseek-v4-pro,1,success,200,,,213,0,213,1,214,888.42,9.352e-05,2026-07-20T16:52:13.514054+00:00,2026-07-20T16:52:14.403501+00:00
738,pilot,A,financial_mmlu_ko-test-000310,financial_mmlu_ko,deepseek,deepseek-v4-pro,1,success,200,,,255,0,255,1,256,856.92,0.0001118,2026-07-20T16:52:14.719161+00:00,2026-07-20T16:52:15.575592+00:00
739,pilot,A,financial_mmlu_ko-test-000312,financial_mmlu_ko,deepseek,deepseek-v4-pro,1,success,200,,,129,128,1,1,130,887.31,1.77e-06,2026-07-20T16:52:15.891457+00:00,2026-07-20T16:52:16.779368+00:00
740,pilot,A,financial_mmlu_ko-test-000313,financial_mmlu_ko,deepseek,deepseek-v4-pro,1,success,200,,,186,0,186,1,187,709.09,8.178e-05,2026-07-20T16:52:17.094547+00:00,2026-07-20T16:52:17.804187+00:00
741,pilot,A,financial_mmlu_ko-test-000316,financial_mmlu_ko,deepseek,deepseek-v4-pro,1,success,200,,,181,0,181,1,182,918.26,7.96e-05,2026-07-20T16:52:18.120053+00:00,2026-07-20T16:52:19.039190+00:00
742,pilot,A,financial_mmlu_ko-test-000319,financial_mmlu_ko,deepseek,deepseek-v4-pro,1,success,200,,,176,0,176,1,177,848.37,7.743e-05,2026-07-20T16:52:19.355758+00:00,2026-07-20T16:52:20.204651+00:00
743,pilot,A,financial_mmlu_ko-test-000320,financial_mmlu_ko,deepseek,deepseek-v4-pro,1,success,200,,,196,0,196,1,197,805.68,8.613e-05,2026-07-20T16:52:20.519934+00:00,2026-07-20T16:52:21.326137+00:00
744,pilot,A,financial_mmlu_ko-test-000322,financial_mmlu_ko,deepseek,deepseek-v4-pro,1,success,200,,,172,0,172,1,173,870.16,7.569e-05,2026-07-20T16:52:21.641238+00:00,2026-07-20T16:52:22.511689+00:00
745,pilot,A,financial_mmlu_ko-test-000323,financial_mmlu_ko,deepseek,deepseek-v4-pro,1,success,200,,,163,0,163,1,164,998.63,7.177e-05,2026-07-20T16:52:22.827182+00:00,2026-07-20T16:52:23.825625+00:00
746,pilot,A,financial_mmlu_ko-test-000325,financial_mmlu_ko,deepseek,deepseek-v4-pro,1,success,200,,,306,0,306,1,307,886.99,0.00013398,2026-07-20T16:52:24.141657+00:00,2026-07-20T16:52:25.028521+00:00
747,pilot,A,financial_mmlu_ko-test-000326,financial_mmlu_ko,deepseek,deepseek-v4-pro,1,success,200,,,220,0,220,1,221,860.21,9.657e-05,2026-07-20T16:52:25.345440+00:00,2026-07-20T16:52:26.205280+00:00
748,pilot,A,financial_mmlu_ko-test-000331,financial_mmlu_ko,deepseek,deepseek-v4-pro,1,success,200,,,179,0,179,1,180,895.8,7.873e-05,2026-07-20T16:52:26.522818+00:00,2026-07-20T16:52:27.417696+00:00
749,pilot,A,financial_mmlu_ko-test-000332,financial_mmlu_ko,deepseek,deepseek-v4-pro,1,success,200,,,157,0,157,1,158,825.53,6.916e-05,2026-07-20T16:52:27.733470+00:00,2026-07-20T16:52:28.559492+00:00
750,pilot,A,financial_mmlu_ko-test-000334,financial_mmlu_ko,deepseek,deepseek-v4-pro,1,success,200,,,124,0,124,1,125,864.47,5.481e-05,2026-07-20T16:52:28.875445+00:00,2026-07-20T16:52:29.739986+00:00
751,pilot,A,financial_mmlu_ko-test-000336,financial_mmlu_ko,deepseek,deepseek-v4-pro,1,success,200,,,202,0,202,1,203,848.9,8.874e-05,2026-07-20T16:52:30.055963+00:00,2026-07-20T16:52:30.905281+00:00
752,pilot,A,financial_mmlu_ko-test-000339,financial_mmlu_ko,deepseek,deepseek-v4-pro,1,success,200,,,154,0,154,1,155,655.43,6.786e-05,2026-07-20T16:52:31.220566+00:00,2026-07-20T16:52:31.876818+00:00
753,pilot,A,financial_mmlu_ko-test-000348,financial_mmlu_ko,deepseek,deepseek-v4-pro,1,success,200,,,201,0,201,1,202,852.24,8.831e-05,2026-07-20T16:52:32.191802+00:00,2026-07-20T16:52:33.044701+00:00
754,pilot,A,financial_mmlu_ko-test-000353,financial_mmlu_ko,deepseek,deepseek-v4-pro,1,success,200,,,180,128,52,1,181,634.69,2.395e-05,2026-07-20T16:52:33.359865+00:00,2026-07-20T16:52:33.995373+00:00
755,pilot,A,financial_mmlu_ko-test-000354,financial_mmlu_ko,deepseek,deepseek-v4-pro,1,success,200,,,152,0,152,1,153,775.77,6.699e-05,2026-07-20T16:52:34.310743+00:00,2026-07-20T16:52:35.086145+00:00
756,pilot,A,financial_mmlu_ko-test-000356,financial_mmlu_ko,deepseek,deepseek-v4-pro,1,success,200,,,201,0,201,1,202,940.06,8.831e-05,2026-07-20T16:52:35.403911+00:00,2026-07-20T16:52:36.343823+00:00
757,pilot,A,financial_mmlu_ko-test-000357,financial_mmlu_ko,deepseek,deepseek-v4-pro,1,success,200,,,266,0,266,1,267,863.16,0.00011658,2026-07-20T16:52:36.659259+00:00,2026-07-20T16:52:37.523018+00:00
758,pilot,A,financial_mmlu_ko-test-000358,financial_mmlu_ko,deepseek,deepseek-v4-pro,1,success,200,,,174,0,174,1,175,877.53,7.656e-05,2026-07-20T16:52:37.838973+00:00,2026-07-20T16:52:38.715575+00:00
759,pilot,A,financial_mmlu_ko-test-000362,financial_mmlu_ko,deepseek,deepseek-v4-pro,1,success,200,,,158,0,158,1,159,1015.24,6.96e-05,2026-07-20T16:52:39.033614+00:00,2026-07-20T16:52:40.049609+00:00
760,pilot,A,financial_mmlu_ko-test-000368,financial_mmlu_ko,deepseek,deepseek-v4-pro,1,success,200,,,131,0,131,1,132,643.3,5.786e-05,2026-07-20T16:52:40.365086+00:00,2026-07-20T16:52:41.009117+00:00
761,pilot,A,financial_mmlu_ko-test-000369,financial_mmlu_ko,deepseek,deepseek-v4-pro,1,success,200,,,271,0,271,1,272,856.03,0.00011875,2026-07-20T16:52:41.324782+00:00,2026-07-20T16:52:42.180807+00:00
762,pilot,A,financial_mmlu_ko-test-000370,financial_mmlu_ko,deepseek,deepseek-v4-pro,1,success,200,,,176,0,176,1,177,616.82,7.743e-05,2026-07-20T16:52:42.496312+00:00,2026-07-20T16:52:43.113421+00:00
763,pilot,A,financial_mmlu_ko-test-000371,financial_mmlu_ko,deepseek,deepseek-v4-pro,1,success,200,,,119,0,119,1,120,911.78,5.264e-05,2026-07-20T16:52:43.428145+00:00,2026-07-20T16:52:44.340367+00:00
764,pilot,A,financial_mmlu_ko-test-000372,financial_mmlu_ko,deepseek,deepseek-v4-pro,1,success,200,,,220,0,220,1,221,1071.75,9.657e-05,2026-07-20T16:52:44.655316+00:00,2026-07-20T16:52:45.727767+00:00
765,pilot,A,financial_mmlu_ko-test-000373,financial_mmlu_ko,deepseek,deepseek-v4-pro,1,success,200,,,229,0,229,1,230,899.65,0.00010048,2026-07-20T16:52:46.042090+00:00,2026-07-20T16:52:46.942531+00:00
766,pilot,A,financial_mmlu_ko-test-000374,financial_mmlu_ko,deepseek,deepseek-v4-pro,1,success,200,,,206,0,206,1,207,881.5,9.048e-05,2026-07-20T16:52:47.258005+00:00,2026-07-20T16:52:48.139917+00:00
767,pilot,A,financial_mmlu_ko-test-000380,financial_mmlu_ko,deepseek,deepseek-v4-pro,1,success,200,,,143,0,143,1,144,1033.95,6.308e-05,2026-07-20T16:52:48.455569+00:00,2026-07-20T16:52:49.489755+00:00
768,pilot,A,financial_mmlu_ko-test-000385,financial_mmlu_ko,deepseek,deepseek-v4-pro,1,success,200,,,263,0,263,1,264,754.58,0.00011527,2026-07-20T16:52:49.804873+00:00,2026-07-20T16:52:50.559611+00:00
769,pilot,A,financial_mmlu_ko-test-000387,financial_mmlu_ko,deepseek,deepseek-v4-pro,1,success,200,,,206,0,206,1,207,1130.48,9.048e-05,2026-07-20T16:52:50.875742+00:00,2026-07-20T16:52:52.007183+00:00
770,pilot,A,financial_mmlu_ko-test-000388,financial_mmlu_ko,deepseek,deepseek-v4-pro,1,success,200,,,235,0,235,1,236,647.19,0.00010309,2026-07-20T16:52:52.342166+00:00,2026-07-20T16:52:52.989008+00:00
771,pilot,A,financial_mmlu_ko-test-000390,financial_mmlu_ko,deepseek,deepseek-v4-pro,1,success,200,,,209,0,209,1,210,1123.39,9.179e-05,2026-07-20T16:52:53.304739+00:00,2026-07-20T16:52:54.427339+00:00
772,pilot,A,financial_mmlu_ko-test-000391,financial_mmlu_ko,deepseek,deepseek-v4-pro,1,success,200,,,182,0,182,1,183,836.13,8.004e-05,2026-07-20T16:52:54.743301+00:00,2026-07-20T16:52:55.579444+00:00
773,pilot,A,financial_mmlu_ko-test-000392,financial_mmlu_ko,deepseek,deepseek-v4-pro,1,success,200,,,188,0,188,1,189,702.4,8.265e-05,2026-07-20T16:52:55.894389+00:00,2026-07-20T16:52:56.596682+00:00
774,pilot,A,financial_mmlu_ko-test-000394,financial_mmlu_ko,deepseek,deepseek-v4-pro,1,success,200,,,254,0,254,1,255,626.43,0.00011136,2026-07-20T16:52:56.913764+00:00,2026-07-20T16:52:57.539888+00:00
775,pilot,A,financial_mmlu_ko-test-000395,financial_mmlu_ko,deepseek,deepseek-v4-pro,1,success,200,,,202,0,202,1,203,813.8,8.874e-05,2026-07-20T16:52:57.856029+00:00,2026-07-20T16:52:58.669571+00:00
776,pilot,A,financial_mmlu_ko-test-000397,financial_mmlu_ko,deepseek,deepseek-v4-pro,1,success,200,,,161,0,161,1,162,1071.08,7.09e-05,2026-07-20T16:52:58.985865+00:00,2026-07-20T16:53:00.057650+00:00
777,pilot,A,financial_mmlu_ko-test-000399,financial_mmlu_ko,deepseek,deepseek-v4-pro,1,success,200,,,172,0,172,1,173,837.78,7.569e-05,2026-07-20T16:53:00.372751+00:00,2026-07-20T16:53:01.210389+00:00
778,pilot,A,financial_mmlu_ko-test-000402,financial_mmlu_ko,deepseek,deepseek-v4-pro,1,success,200,,,141,0,141,1,142,830.19,6.221e-05,2026-07-20T16:53:01.527570+00:00,2026-07-20T16:53:02.356880+00:00
779,pilot,A,financial_mmlu_ko-test-000404,financial_mmlu_ko,deepseek,deepseek-v4-pro,1,success,200,,,215,0,215,1,216,909.97,9.439e-05,2026-07-20T16:53:02.674098+00:00,2026-07-20T16:53:03.584041+00:00
780,pilot,A,financial_mmlu_ko-test-000405,financial_mmlu_ko,deepseek,deepseek-v4-pro,1,success,200,,,211,128,83,1,212,1195.53,3.744e-05,2026-07-20T16:53:03.901459+00:00,2026-07-20T16:53:05.097083+00:00
781,pilot,A,financial_mmlu_ko-test-000406,financial_mmlu_ko,deepseek,deepseek-v4-pro,1,success,200,,,132,0,132,1,133,791.0,5.829e-05,2026-07-20T16:53:05.413705+00:00,2026-07-20T16:53:06.204243+00:00
782,pilot,A,financial_mmlu_ko-test-000413,financial_mmlu_ko,deepseek,deepseek-v4-pro,1,success,200,,,110,0,110,1,111,980.1,4.872e-05,2026-07-20T16:53:06.520105+00:00,2026-07-20T16:53:07.499779+00:00
783,pilot,A,financial_mmlu_ko-test-000417,financial_mmlu_ko,deepseek,deepseek-v4-pro,1,success,200,,,134,0,134,1,135,712.37,5.916e-05,2026-07-20T16:53:07.817238+00:00,2026-07-20T16:53:08.529437+00:00
784,pilot,A,financial_mmlu_ko-test-000419,financial_mmlu_ko,deepseek,deepseek-v4-pro,1,success,200,,,195,0,195,1,196,928.59,8.569e-05,2026-07-20T16:53:08.846276+00:00,2026-07-20T16:53:09.775700+00:00
785,pilot,A,financial_mmlu_ko-test-000423,financial_mmlu_ko,deepseek,deepseek-v4-pro,1,success,200,,,153,0,153,1,154,802.51,6.742e-05,2026-07-20T16:53:10.092577+00:00,2026-07-20T16:53:10.895135+00:00
786,pilot,A,financial_mmlu_ko-test-000429,financial_mmlu_ko,deepseek,deepseek-v4-pro,1,success,200,,,188,128,60,1,189,656.63,2.743e-05,2026-07-20T16:53:11.209425+00:00,2026-07-20T16:53:11.865806+00:00
787,pilot,A,financial_mmlu_ko-test-000430,financial_mmlu_ko,deepseek,deepseek-v4-pro,1,success,200,,,160,0,160,1,161,922.33,7.047e-05,2026-07-20T16:53:12.181831+00:00,2026-07-20T16:53:13.105038+00:00
788,pilot,A,financial_mmlu_ko-test-000432,financial_mmlu_ko,deepseek,deepseek-v4-pro,1,success,200,,,209,0,209,1,210,889.49,9.179e-05,2026-07-20T16:53:13.419892+00:00,2026-07-20T16:53:14.310230+00:00
789,pilot,A,financial_mmlu_ko-test-000436,financial_mmlu_ko,deepseek,deepseek-v4-pro,1,success,200,,,223,0,223,1,224,960.28,9.787e-05,2026-07-20T16:53:14.624665+00:00,2026-07-20T16:53:15.584724+00:00
790,pilot,A,financial_mmlu_ko-test-000438,financial_mmlu_ko,deepseek,deepseek-v4-pro,1,success,200,,,233,0,233,1,234,937.42,0.00010222,2026-07-20T16:53:15.902770+00:00,2026-07-20T16:53:16.840193+00:00
791,pilot,A,financial_mmlu_ko-test-000439,financial_mmlu_ko,deepseek,deepseek-v4-pro,1,success,200,,,198,0,198,1,199,1006.56,8.7e-05,2026-07-20T16:53:17.156035+00:00,2026-07-20T16:53:18.162230+00:00
792,pilot,A,financial_mmlu_ko-test-000442,financial_mmlu_ko,deepseek,deepseek-v4-pro,1,success,200,,,215,0,215,1,216,894.91,9.439e-05,2026-07-20T16:53:18.477781+00:00,2026-07-20T16:53:19.372953+00:00
793,pilot,A,financial_mmlu_ko-test-000444,financial_mmlu_ko,deepseek,deepseek-v4-pro,1,success,200,,,248,0,248,1,249,877.23,0.00010875,2026-07-20T16:53:19.690569+00:00,2026-07-20T16:53:20.568224+00:00
794,pilot,A,financial_mmlu_ko-test-000445,financial_mmlu_ko,deepseek,deepseek-v4-pro,1,success,200,,,164,0,164,1,165,831.31,7.221e-05,2026-07-20T16:53:20.884334+00:00,2026-07-20T16:53:21.715361+00:00
795,pilot,A,financial_mmlu_ko-test-000446,financial_mmlu_ko,deepseek,deepseek-v4-pro,1,success,200,,,205,0,205,1,206,971.85,9.004e-05,2026-07-20T16:53:22.031419+00:00,2026-07-20T16:53:23.004030+00:00
796,pilot,A,financial_mmlu_ko-test-000447,financial_mmlu_ko,deepseek,deepseek-v4-pro,1,success,200,,,198,0,198,1,199,898.42,8.7e-05,2026-07-20T16:53:23.319271+00:00,2026-07-20T16:53:24.218372+00:00
797,pilot,A,financial_mmlu_ko-test-000448,financial_mmlu_ko,deepseek,deepseek-v4-pro,1,success,200,,,273,0,273,1,274,947.3,0.00011963,2026-07-20T16:53:24.533807+00:00,2026-07-20T16:53:25.481159+00:00
798,pilot,A,financial_mmlu_ko-test-000450,financial_mmlu_ko,deepseek,deepseek-v4-pro,1,success,200,,,209,0,209,1,210,773.73,9.179e-05,2026-07-20T16:53:25.799088+00:00,2026-07-20T16:53:26.572535+00:00
799,pilot,A,financial_mmlu_ko-test-000452,financial_mmlu_ko,deepseek,deepseek-v4-pro,1,success,200,,,219,0,219,1,220,750.98,9.614e-05,2026-07-20T16:53:26.887088+00:00,2026-07-20T16:53:27.638475+00:00
800,pilot,A,financial_mmlu_ko-test-000455,financial_mmlu_ko,deepseek,deepseek-v4-pro,1,success,200,,,246,128,118,1,247,870.45,5.266e-05,2026-07-20T16:53:27.953717+00:00,2026-07-20T16:53:28.824561+00:00
