request_number,scope,variant,sample_id,dataset,provider,model,attempt,status,http_status,error_type,error_message,input_tokens,cache_hit_input_tokens,cache_miss_input_tokens,output_tokens,total_tokens,latency_ms,estimated_cost_usd,requested_at_utc,completed_at_utc
1,pilot,B,fpb-full-000025,fpb,upstage,solar-pro3,1,success,200,,,187,0,187,3,190,1388.67,2.985e-05,2026-07-21T02:50:50.819941+00:00,2026-07-21T02:50:52.208409+00:00
2,pilot,B,fpb-full-000040,fpb,upstage,solar-pro3,1,success,200,,,180,0,180,3,183,403.39,2.88e-05,2026-07-21T02:50:52.521592+00:00,2026-07-21T02:50:52.924778+00:00
3,pilot,B,fpb-full-000063,fpb,upstage,solar-pro3,1,success,200,,,211,0,211,3,214,407.06,3.345e-05,2026-07-21T02:50:53.238097+00:00,2026-07-21T02:50:53.644597+00:00
4,pilot,B,fpb-full-000080,fpb,upstage,solar-pro3,1,success,200,,,196,0,196,3,199,734.5,3.12e-05,2026-07-21T02:50:53.985717+00:00,2026-07-21T02:50:54.719457+00:00
5,pilot,B,fpb-full-000101,fpb,upstage,solar-pro3,1,success,200,,,179,0,179,3,182,388.62,2.865e-05,2026-07-21T02:50:55.032651+00:00,2026-07-21T02:50:55.420522+00:00
6,pilot,B,fpb-full-000126,fpb,upstage,solar-pro3,1,success,200,,,158,0,158,3,161,1552.12,2.55e-05,2026-07-21T02:52:45.051977+00:00,2026-07-21T02:52:46.604001+00:00
7,pilot,B,fpb-full-000142,fpb,upstage,solar-pro3,1,success,200,,,163,0,163,3,166,404.82,2.625e-05,2026-07-21T02:52:46.918474+00:00,2026-07-21T02:52:47.322660+00:00
8,pilot,B,fpb-full-000178,fpb,upstage,solar-pro3,1,success,200,,,149,0,149,3,152,404.85,2.415e-05,2026-07-21T02:52:47.636257+00:00,2026-07-21T02:52:48.040543+00:00
9,pilot,B,fpb-full-000235,fpb,upstage,solar-pro3,1,success,200,,,203,0,203,3,206,412.8,3.225e-05,2026-07-21T02:52:48.353926+00:00,2026-07-21T02:52:48.766698+00:00
10,pilot,B,fpb-full-000264,fpb,upstage,solar-pro3,1,success,200,,,175,0,175,3,178,401.81,2.805e-05,2026-07-21T02:52:49.079960+00:00,2026-07-21T02:52:49.482216+00:00
11,pilot,B,fpb-full-000271,fpb,upstage,solar-pro3,1,success,200,,,160,0,160,3,163,407.89,2.58e-05,2026-07-21T02:52:49.793887+00:00,2026-07-21T02:52:50.202578+00:00
12,pilot,B,fpb-full-000296,fpb,upstage,solar-pro3,1,success,200,,,159,0,159,3,162,398.73,2.565e-05,2026-07-21T02:52:50.514721+00:00,2026-07-21T02:52:50.913088+00:00
13,pilot,B,fpb-full-000298,fpb,upstage,solar-pro3,1,success,200,,,214,0,214,3,217,429.47,3.39e-05,2026-07-21T02:52:51.226443+00:00,2026-07-21T02:52:51.655454+00:00
14,pilot,B,fpb-full-000319,fpb,upstage,solar-pro3,1,success,200,,,197,0,197,3,200,394.42,3.135e-05,2026-07-21T02:52:51.967580+00:00,2026-07-21T02:52:52.361634+00:00
15,pilot,B,fpb-full-000347,fpb,upstage,solar-pro3,1,success,200,,,162,0,162,3,165,393.29,2.61e-05,2026-07-21T02:52:52.675236+00:00,2026-07-21T02:52:53.067792+00:00
16,pilot,B,fpb-full-000352,fpb,upstage,solar-pro3,1,success,200,,,165,0,165,3,168,535.95,2.655e-05,2026-07-21T02:52:53.381133+00:00,2026-07-21T02:52:53.917498+00:00
17,pilot,B,fpb-full-000396,fpb,upstage,solar-pro3,1,success,200,,,166,0,166,3,169,590.9,2.67e-05,2026-07-21T02:52:54.229502+00:00,2026-07-21T02:52:54.820229+00:00
18,pilot,B,fpb-full-000400,fpb,upstage,solar-pro3,1,success,200,,,193,0,193,3,196,501.78,3.075e-05,2026-07-21T02:52:55.138233+00:00,2026-07-21T02:52:55.639804+00:00
19,pilot,B,fpb-full-000427,fpb,upstage,solar-pro3,1,success,200,,,193,0,193,3,196,1471.71,3.075e-05,2026-07-21T02:52:55.952542+00:00,2026-07-21T02:52:57.423963+00:00
20,pilot,B,fpb-full-000442,fpb,upstage,solar-pro3,1,success,200,,,166,0,166,3,169,385.35,2.67e-05,2026-07-21T02:52:57.765789+00:00,2026-07-21T02:52:58.150803+00:00
21,pilot,B,fpb-full-000474,fpb,upstage,solar-pro3,1,success,200,,,176,0,176,3,179,413.04,2.82e-05,2026-07-21T02:52:58.464202+00:00,2026-07-21T02:52:58.876609+00:00
22,pilot,B,fpb-full-000479,fpb,upstage,solar-pro3,1,success,200,,,163,0,163,3,166,410.69,2.625e-05,2026-07-21T02:52:59.191010+00:00,2026-07-21T02:52:59.601250+00:00
23,pilot,B,fpb-full-000488,fpb,upstage,solar-pro3,1,success,200,,,160,0,160,3,163,387.13,2.58e-05,2026-07-21T02:52:59.914344+00:00,2026-07-21T02:53:00.300855+00:00
24,pilot,B,fpb-full-000494,fpb,upstage,solar-pro3,1,success,200,,,166,0,166,3,169,393.63,2.67e-05,2026-07-21T02:53:00.615257+00:00,2026-07-21T02:53:01.008637+00:00
25,pilot,B,fpb-full-000527,fpb,upstage,solar-pro3,1,success,200,,,160,0,160,3,163,428.32,2.58e-05,2026-07-21T02:53:01.321607+00:00,2026-07-21T02:53:01.749676+00:00
26,pilot,B,fpb-full-000540,fpb,upstage,solar-pro3,1,success,200,,,170,0,170,3,173,392.46,2.73e-05,2026-07-21T02:53:02.062924+00:00,2026-07-21T02:53:02.455600+00:00
27,pilot,B,fpb-full-000545,fpb,upstage,solar-pro3,1,success,200,,,153,0,153,3,156,384.07,2.475e-05,2026-07-21T02:53:02.768120+00:00,2026-07-21T02:53:03.151662+00:00
28,pilot,B,fpb-full-000546,fpb,upstage,solar-pro3,1,success,200,,,176,0,176,3,179,383.64,2.82e-05,2026-07-21T02:53:03.465175+00:00,2026-07-21T02:53:03.848133+00:00
29,pilot,B,fpb-full-000581,fpb,upstage,solar-pro3,1,success,200,,,181,0,181,3,184,403.56,2.895e-05,2026-07-21T02:53:04.161710+00:00,2026-07-21T02:53:04.564667+00:00
30,pilot,B,fpb-full-000582,fpb,upstage,solar-pro3,1,success,200,,,161,0,161,3,164,406.03,2.595e-05,2026-07-21T02:53:04.877785+00:00,2026-07-21T02:53:05.284295+00:00
31,pilot,B,fpb-full-000593,fpb,upstage,solar-pro3,1,success,200,,,184,0,184,3,187,377.6,2.94e-05,2026-07-21T02:53:05.596745+00:00,2026-07-21T02:53:05.974601+00:00
32,pilot,B,fpb-full-000634,fpb,upstage,solar-pro3,1,success,200,,,179,0,179,3,182,417.42,2.865e-05,2026-07-21T02:53:06.286689+00:00,2026-07-21T02:53:06.704581+00:00
33,pilot,B,fpb-full-000645,fpb,upstage,solar-pro3,1,success,200,,,208,0,208,3,211,389.56,3.3e-05,2026-07-21T02:53:07.016035+00:00,2026-07-21T02:53:07.405117+00:00
34,pilot,B,fpb-full-000681,fpb,upstage,solar-pro3,1,success,200,,,167,0,167,3,170,426.95,2.685e-05,2026-07-21T02:53:07.718737+00:00,2026-07-21T02:53:08.145044+00:00
35,pilot,B,fpb-full-000687,fpb,upstage,solar-pro3,1,success,200,,,185,0,185,3,188,393.94,2.955e-05,2026-07-21T02:53:08.458740+00:00,2026-07-21T02:53:08.852782+00:00
36,pilot,B,fpb-full-000692,fpb,upstage,solar-pro3,1,success,200,,,165,0,165,3,168,391.04,2.655e-05,2026-07-21T02:53:09.165934+00:00,2026-07-21T02:53:09.557296+00:00
37,pilot,B,fpb-full-000695,fpb,upstage,solar-pro3,1,success,200,,,182,0,182,3,185,401.04,2.91e-05,2026-07-21T02:53:09.869066+00:00,2026-07-21T02:53:10.270436+00:00
38,pilot,B,fpb-full-000696,fpb,upstage,solar-pro3,1,success,200,,,167,0,167,3,170,418.67,2.685e-05,2026-07-21T02:53:10.582314+00:00,2026-07-21T02:53:11.000266+00:00
39,pilot,B,fpb-full-000710,fpb,upstage,solar-pro3,1,success,200,,,187,0,187,3,190,412.48,2.985e-05,2026-07-21T02:53:11.314409+00:00,2026-07-21T02:53:11.726840+00:00
40,pilot,B,fpb-full-000712,fpb,upstage,solar-pro3,1,success,200,,,206,0,206,3,209,404.8,3.27e-05,2026-07-21T02:53:12.040159+00:00,2026-07-21T02:53:12.444580+00:00
41,pilot,B,fpb-full-000737,fpb,upstage,solar-pro3,1,success,200,,,165,0,165,3,168,386.63,2.655e-05,2026-07-21T02:53:12.765761+00:00,2026-07-21T02:53:13.152611+00:00
42,pilot,B,fpb-full-000796,fpb,upstage,solar-pro3,1,success,200,,,180,0,180,3,183,405.52,2.88e-05,2026-07-21T02:53:13.464949+00:00,2026-07-21T02:53:13.870469+00:00
43,pilot,B,fpb-full-000875,fpb,upstage,solar-pro3,1,success,200,,,187,0,187,3,190,391.08,2.985e-05,2026-07-21T02:53:14.183960+00:00,2026-07-21T02:53:14.574908+00:00
44,pilot,B,fpb-full-000900,fpb,upstage,solar-pro3,1,success,200,,,174,0,174,3,177,383.96,2.79e-05,2026-07-21T02:53:14.888513+00:00,2026-07-21T02:53:15.272651+00:00
45,pilot,B,fpb-full-000980,fpb,upstage,solar-pro3,1,success,200,,,156,0,156,3,159,401.5,2.52e-05,2026-07-21T02:53:15.585277+00:00,2026-07-21T02:53:15.986923+00:00
46,pilot,B,fpb-full-000990,fpb,upstage,solar-pro3,1,success,200,,,154,0,154,3,157,384.68,2.49e-05,2026-07-21T02:53:16.299173+00:00,2026-07-21T02:53:16.683313+00:00
47,pilot,B,fpb-full-000999,fpb,upstage,solar-pro3,1,success,200,,,151,0,151,3,154,401.87,2.445e-05,2026-07-21T02:53:16.996690+00:00,2026-07-21T02:53:17.397880+00:00
48,pilot,B,fpb-full-001040,fpb,upstage,solar-pro3,1,success,200,,,153,0,153,3,156,395.58,2.475e-05,2026-07-21T02:53:17.711288+00:00,2026-07-21T02:53:18.106443+00:00
49,pilot,B,fpb-full-001054,fpb,upstage,solar-pro3,1,success,200,,,189,0,189,3,192,390.74,3.015e-05,2026-07-21T02:53:18.419316+00:00,2026-07-21T02:53:18.810135+00:00
50,pilot,B,fpb-full-001062,fpb,upstage,solar-pro3,1,success,200,,,180,0,180,3,183,407.87,2.88e-05,2026-07-21T02:53:19.123461+00:00,2026-07-21T02:53:19.531223+00:00
51,pilot,B,fpb-full-001085,fpb,upstage,solar-pro3,1,success,200,,,152,0,152,3,155,387.94,2.46e-05,2026-07-21T02:53:19.843810+00:00,2026-07-21T02:53:20.232031+00:00
52,pilot,B,fpb-full-001087,fpb,upstage,solar-pro3,1,success,200,,,166,0,166,3,169,935.29,2.67e-05,2026-07-21T02:53:20.545131+00:00,2026-07-21T02:53:21.479933+00:00
53,pilot,B,fpb-full-001109,fpb,upstage,solar-pro3,1,success,200,,,165,0,165,3,168,382.33,2.655e-05,2026-07-21T02:53:21.793427+00:00,2026-07-21T02:53:22.175856+00:00
54,pilot,B,fpb-full-001122,fpb,upstage,solar-pro3,1,success,200,,,174,0,174,3,177,387.29,2.79e-05,2026-07-21T02:53:22.489852+00:00,2026-07-21T02:53:22.877211+00:00
55,pilot,B,fpb-full-001127,fpb,upstage,solar-pro3,1,success,200,,,171,0,171,3,174,406.69,2.745e-05,2026-07-21T02:53:23.190418+00:00,2026-07-21T02:53:23.597050+00:00
56,pilot,B,fpb-full-001131,fpb,upstage,solar-pro3,1,success,200,,,156,0,156,3,159,450.36,2.52e-05,2026-07-21T02:53:23.909758+00:00,2026-07-21T02:53:24.359407+00:00
57,pilot,B,fpb-full-001137,fpb,upstage,solar-pro3,1,success,200,,,165,0,165,3,168,410.03,2.655e-05,2026-07-21T02:53:24.673227+00:00,2026-07-21T02:53:25.082596+00:00
58,pilot,B,fpb-full-001186,fpb,upstage,solar-pro3,1,success,200,,,163,0,163,3,166,964.41,2.625e-05,2026-07-21T02:53:25.396377+00:00,2026-07-21T02:53:26.360547+00:00
59,pilot,B,fpb-full-001224,fpb,upstage,solar-pro3,1,success,200,,,211,0,211,3,214,991.32,3.345e-05,2026-07-21T02:53:26.673340+00:00,2026-07-21T02:53:27.664341+00:00
60,pilot,B,fpb-full-001262,fpb,upstage,solar-pro3,1,success,200,,,159,0,159,3,162,394.16,2.565e-05,2026-07-21T02:53:27.977353+00:00,2026-07-21T02:53:28.371450+00:00
61,pilot,B,fpb-full-001273,fpb,upstage,solar-pro3,1,success,200,,,161,0,161,3,164,392.11,2.595e-05,2026-07-21T02:53:28.684479+00:00,2026-07-21T02:53:29.076258+00:00
62,pilot,B,fpb-full-001290,fpb,upstage,solar-pro3,1,success,200,,,168,0,168,3,171,402.29,2.7e-05,2026-07-21T02:53:29.389694+00:00,2026-07-21T02:53:29.791838+00:00
63,pilot,B,fpb-full-001372,fpb,upstage,solar-pro3,1,success,200,,,161,0,161,3,164,399.34,2.595e-05,2026-07-21T02:53:30.104677+00:00,2026-07-21T02:53:30.503662+00:00
64,pilot,B,fpb-full-001401,fpb,upstage,solar-pro3,1,success,200,,,153,0,153,3,156,784.15,2.475e-05,2026-07-21T02:53:30.817410+00:00,2026-07-21T02:53:31.600847+00:00
65,pilot,B,fpb-full-001435,fpb,upstage,solar-pro3,1,success,200,,,156,0,156,3,159,390.04,2.52e-05,2026-07-21T02:53:31.914976+00:00,2026-07-21T02:53:32.305014+00:00
66,pilot,B,fpb-full-001439,fpb,upstage,solar-pro3,1,success,200,,,170,0,170,3,173,400.02,2.73e-05,2026-07-21T02:53:32.618686+00:00,2026-07-21T02:53:33.018470+00:00
67,pilot,B,fpb-full-001477,fpb,upstage,solar-pro3,1,success,200,,,164,0,164,3,167,391.23,2.64e-05,2026-07-21T02:53:33.332195+00:00,2026-07-21T02:53:33.723996+00:00
68,pilot,B,fpb-full-001493,fpb,upstage,solar-pro3,1,success,200,,,155,0,155,3,158,395.89,2.505e-05,2026-07-21T02:53:34.036076+00:00,2026-07-21T02:53:34.431124+00:00
69,pilot,B,fpb-full-001547,fpb,upstage,solar-pro3,1,success,200,,,167,0,167,3,170,471.95,2.685e-05,2026-07-21T02:53:34.743821+00:00,2026-07-21T02:53:35.215307+00:00
70,pilot,B,fpb-full-001559,fpb,upstage,solar-pro3,1,success,200,,,178,0,178,3,181,397.35,2.85e-05,2026-07-21T02:53:35.528197+00:00,2026-07-21T02:53:35.925166+00:00
71,pilot,B,fpb-full-001575,fpb,upstage,solar-pro3,1,success,200,,,174,0,174,3,177,405.0,2.79e-05,2026-07-21T02:53:36.238806+00:00,2026-07-21T02:53:36.643677+00:00
72,pilot,B,fpb-full-001613,fpb,upstage,solar-pro3,1,success,200,,,203,0,203,3,206,407.4,3.225e-05,2026-07-21T02:53:36.956685+00:00,2026-07-21T02:53:37.364565+00:00
73,pilot,B,fpb-full-001664,fpb,upstage,solar-pro3,1,success,200,,,188,0,188,3,191,392.09,3e-05,2026-07-21T02:53:37.678082+00:00,2026-07-21T02:53:38.070617+00:00
74,pilot,B,fpb-full-001667,fpb,upstage,solar-pro3,1,success,200,,,165,0,165,3,168,404.45,2.655e-05,2026-07-21T02:53:38.384085+00:00,2026-07-21T02:53:38.788762+00:00
75,pilot,B,fpb-full-001701,fpb,upstage,solar-pro3,1,success,200,,,172,0,172,3,175,405.61,2.76e-05,2026-07-21T02:53:39.103688+00:00,2026-07-21T02:53:39.509174+00:00
76,pilot,B,fpb-full-001794,fpb,upstage,solar-pro3,1,success,200,,,184,0,184,3,187,387.98,2.94e-05,2026-07-21T02:53:39.823026+00:00,2026-07-21T02:53:40.211249+00:00
77,pilot,B,fpb-full-001799,fpb,upstage,solar-pro3,1,success,200,,,156,0,156,3,159,397.56,2.52e-05,2026-07-21T02:53:40.523955+00:00,2026-07-21T02:53:40.921493+00:00
78,pilot,B,fpb-full-001862,fpb,upstage,solar-pro3,1,success,200,,,163,0,163,3,166,390.28,2.625e-05,2026-07-21T02:53:41.234339+00:00,2026-07-21T02:53:41.625347+00:00
79,pilot,B,fpb-full-001869,fpb,upstage,solar-pro3,1,success,200,,,179,0,179,3,182,411.44,2.865e-05,2026-07-21T02:53:41.938179+00:00,2026-07-21T02:53:42.349926+00:00
80,pilot,B,fpb-full-001870,fpb,upstage,solar-pro3,1,success,200,,,176,0,176,3,179,431.76,2.82e-05,2026-07-21T02:53:42.662861+00:00,2026-07-21T02:53:43.094858+00:00
81,pilot,B,fpb-full-001954,fpb,upstage,solar-pro3,1,success,200,,,199,0,199,3,202,407.6,3.165e-05,2026-07-21T02:53:43.406820+00:00,2026-07-21T02:53:43.814097+00:00
82,pilot,B,fpb-full-001989,fpb,upstage,solar-pro3,1,success,200,,,174,0,174,3,177,401.75,2.79e-05,2026-07-21T02:53:44.127431+00:00,2026-07-21T02:53:44.529863+00:00
83,pilot,B,fpb-full-001990,fpb,upstage,solar-pro3,1,success,200,,,165,0,165,3,168,429.93,2.655e-05,2026-07-21T02:53:44.843111+00:00,2026-07-21T02:53:45.273226+00:00
84,pilot,B,fpb-full-002017,fpb,upstage,solar-pro3,1,success,200,,,172,0,172,3,175,2068.1,2.76e-05,2026-07-21T02:53:45.587247+00:00,2026-07-21T02:53:47.655233+00:00
85,pilot,B,fpb-full-002018,fpb,upstage,solar-pro3,1,success,200,,,171,0,171,3,174,398.97,2.745e-05,2026-07-21T02:53:47.969115+00:00,2026-07-21T02:53:48.367901+00:00
86,pilot,B,fpb-full-002042,fpb,upstage,solar-pro3,1,success,200,,,175,0,175,3,178,390.87,2.805e-05,2026-07-21T02:53:48.681649+00:00,2026-07-21T02:53:49.072748+00:00
87,pilot,B,fpb-full-002046,fpb,upstage,solar-pro3,1,success,200,,,163,0,163,3,166,402.47,2.625e-05,2026-07-21T02:53:49.386810+00:00,2026-07-21T02:53:49.789435+00:00
88,pilot,B,fpb-full-002070,fpb,upstage,solar-pro3,1,success,200,,,184,0,184,3,187,396.53,2.94e-05,2026-07-21T02:53:50.102848+00:00,2026-07-21T02:53:50.499387+00:00
89,pilot,B,fpb-full-002071,fpb,upstage,solar-pro3,1,success,200,,,177,0,177,3,180,394.69,2.835e-05,2026-07-21T02:53:50.812008+00:00,2026-07-21T02:53:51.206562+00:00
90,pilot,B,fpb-full-002081,fpb,upstage,solar-pro3,1,success,200,,,194,0,194,3,197,407.72,3.09e-05,2026-07-21T02:53:51.520103+00:00,2026-07-21T02:53:51.928195+00:00
91,pilot,B,fpb-full-002097,fpb,upstage,solar-pro3,1,success,200,,,200,0,200,3,203,382.14,3.18e-05,2026-07-21T02:53:52.241388+00:00,2026-07-21T02:53:52.623071+00:00
92,pilot,B,fpb-full-002115,fpb,upstage,solar-pro3,1,success,200,,,160,0,160,3,163,401.48,2.58e-05,2026-07-21T02:53:52.936980+00:00,2026-07-21T02:53:53.339021+00:00
93,pilot,B,fpb-full-002135,fpb,upstage,solar-pro3,1,success,200,,,166,0,166,3,169,412.95,2.67e-05,2026-07-21T02:53:53.654473+00:00,2026-07-21T02:53:54.067395+00:00
94,pilot,B,fpb-full-002153,fpb,upstage,solar-pro3,1,success,200,,,176,0,176,3,179,394.27,2.82e-05,2026-07-21T02:53:54.381830+00:00,2026-07-21T02:53:54.776597+00:00
95,pilot,B,fpb-full-002171,fpb,upstage,solar-pro3,1,success,200,,,172,0,172,3,175,404.36,2.76e-05,2026-07-21T02:53:55.089405+00:00,2026-07-21T02:53:55.493308+00:00
96,pilot,B,fpb-full-002175,fpb,upstage,solar-pro3,1,success,200,,,173,0,173,3,176,410.24,2.775e-05,2026-07-21T02:53:55.807213+00:00,2026-07-21T02:53:56.216878+00:00
97,pilot,B,fpb-full-002196,fpb,upstage,solar-pro3,1,success,200,,,161,0,161,3,164,376.39,2.595e-05,2026-07-21T02:53:56.530282+00:00,2026-07-21T02:53:56.907517+00:00
98,pilot,B,fpb-full-002263,fpb,upstage,solar-pro3,1,success,200,,,174,0,174,3,177,399.81,2.79e-05,2026-07-21T02:53:57.220533+00:00,2026-07-21T02:53:57.620000+00:00
99,pilot,B,fpb-full-002268,fpb,upstage,solar-pro3,1,success,200,,,205,0,205,3,208,398.01,3.255e-05,2026-07-21T02:53:57.933119+00:00,2026-07-21T02:53:58.331727+00:00
100,pilot,B,fpb-full-002274,fpb,upstage,solar-pro3,1,success,200,,,173,0,173,3,176,398.13,2.775e-05,2026-07-21T02:53:58.645587+00:00,2026-07-21T02:53:59.044220+00:00
101,pilot,B,fpb-full-002275,fpb,upstage,solar-pro3,1,success,200,,,213,0,213,3,216,388.6,3.375e-05,2026-07-21T02:53:59.357165+00:00,2026-07-21T02:53:59.745458+00:00
102,pilot,B,fpb-full-002316,fpb,upstage,solar-pro3,1,success,200,,,157,0,157,3,160,396.73,2.535e-05,2026-07-21T02:54:00.058721+00:00,2026-07-21T02:54:00.454774+00:00
103,pilot,B,fpb-full-002364,fpb,upstage,solar-pro3,1,success,200,,,160,0,160,3,163,939.51,2.58e-05,2026-07-21T02:54:00.768136+00:00,2026-07-21T02:54:01.708181+00:00
104,pilot,B,fpb-full-002385,fpb,upstage,solar-pro3,1,success,200,,,171,0,171,3,174,399.91,2.745e-05,2026-07-21T02:54:02.020753+00:00,2026-07-21T02:54:02.420724+00:00
105,pilot,B,fpb-full-002393,fpb,upstage,solar-pro3,1,success,200,,,155,0,155,3,158,416.19,2.505e-05,2026-07-21T02:54:02.734003+00:00,2026-07-21T02:54:03.150449+00:00
106,pilot,B,fpb-full-002395,fpb,upstage,solar-pro3,1,success,200,,,171,0,171,3,174,477.89,2.745e-05,2026-07-21T02:54:03.464542+00:00,2026-07-21T02:54:03.942025+00:00
107,pilot,B,fpb-full-002412,fpb,upstage,solar-pro3,1,success,200,,,193,0,193,3,196,393.7,3.075e-05,2026-07-21T02:54:04.257278+00:00,2026-07-21T02:54:04.650712+00:00
108,pilot,B,fpb-full-002413,fpb,upstage,solar-pro3,1,success,200,,,218,0,218,3,221,389.2,3.45e-05,2026-07-21T02:54:04.963533+00:00,2026-07-21T02:54:05.352842+00:00
109,pilot,B,fpb-full-002457,fpb,upstage,solar-pro3,1,success,200,,,189,0,189,3,192,395.07,3.015e-05,2026-07-21T02:54:05.666217+00:00,2026-07-21T02:54:06.061341+00:00
110,pilot,B,fpb-full-002464,fpb,upstage,solar-pro3,1,success,200,,,160,0,160,3,163,414.71,2.58e-05,2026-07-21T02:54:06.373611+00:00,2026-07-21T02:54:06.788054+00:00
111,pilot,B,fpb-full-002513,fpb,upstage,solar-pro3,1,success,200,,,153,0,153,3,156,383.95,2.475e-05,2026-07-21T02:54:07.100855+00:00,2026-07-21T02:54:07.484699+00:00
112,pilot,B,fpb-full-002581,fpb,upstage,solar-pro3,1,success,200,,,160,0,160,3,163,398.46,2.58e-05,2026-07-21T02:54:07.797990+00:00,2026-07-21T02:54:08.196883+00:00
113,pilot,B,fpb-full-002587,fpb,upstage,solar-pro3,1,success,200,,,166,0,166,3,169,387.94,2.67e-05,2026-07-21T02:54:08.509681+00:00,2026-07-21T02:54:08.897106+00:00
114,pilot,B,fpb-full-002605,fpb,upstage,solar-pro3,1,success,200,,,187,0,187,3,190,398.19,2.985e-05,2026-07-21T02:54:09.210406+00:00,2026-07-21T02:54:09.608274+00:00
115,pilot,B,fpb-full-002657,fpb,upstage,solar-pro3,1,success,200,,,180,0,180,3,183,400.58,2.88e-05,2026-07-21T02:54:09.921265+00:00,2026-07-21T02:54:10.322012+00:00
116,pilot,B,fpb-full-002705,fpb,upstage,solar-pro3,1,success,200,,,151,0,151,3,154,400.57,2.445e-05,2026-07-21T02:54:10.636014+00:00,2026-07-21T02:54:11.035920+00:00
117,pilot,B,fpb-full-002798,fpb,upstage,solar-pro3,1,success,200,,,162,0,162,3,165,419.13,2.61e-05,2026-07-21T02:54:11.350110+00:00,2026-07-21T02:54:11.768747+00:00
118,pilot,B,fpb-full-002801,fpb,upstage,solar-pro3,1,success,200,,,210,0,210,3,213,400.57,3.33e-05,2026-07-21T02:54:12.083206+00:00,2026-07-21T02:54:12.483479+00:00
119,pilot,B,fpb-full-002807,fpb,upstage,solar-pro3,1,success,200,,,179,0,179,3,182,397.26,2.865e-05,2026-07-21T02:54:12.796062+00:00,2026-07-21T02:54:13.193817+00:00
120,pilot,B,fpb-full-002829,fpb,upstage,solar-pro3,1,success,200,,,150,0,150,3,153,375.41,2.43e-05,2026-07-21T02:54:13.506506+00:00,2026-07-21T02:54:13.882182+00:00
121,pilot,B,fpb-full-002851,fpb,upstage,solar-pro3,1,success,200,,,175,0,175,3,178,374.33,2.805e-05,2026-07-21T02:54:14.194731+00:00,2026-07-21T02:54:14.569338+00:00
122,pilot,B,fpb-full-002866,fpb,upstage,solar-pro3,1,success,200,,,151,0,151,3,154,389.0,2.445e-05,2026-07-21T02:54:14.882135+00:00,2026-07-21T02:54:15.270850+00:00
123,pilot,B,fpb-full-002868,fpb,upstage,solar-pro3,1,success,200,,,179,0,179,3,182,391.55,2.865e-05,2026-07-21T02:54:15.584763+00:00,2026-07-21T02:54:15.976492+00:00
124,pilot,B,fpb-full-002887,fpb,upstage,solar-pro3,1,success,200,,,188,0,188,3,191,931.45,3e-05,2026-07-21T02:54:16.288543+00:00,2026-07-21T02:54:17.220054+00:00
125,pilot,B,fpb-full-002895,fpb,upstage,solar-pro3,1,success,200,,,188,0,188,3,191,406.2,3e-05,2026-07-21T02:54:17.532981+00:00,2026-07-21T02:54:17.939255+00:00
126,pilot,B,fpb-full-002935,fpb,upstage,solar-pro3,1,success,200,,,193,0,193,3,196,403.81,3.075e-05,2026-07-21T02:54:18.252605+00:00,2026-07-21T02:54:18.656443+00:00
127,pilot,B,fpb-full-002976,fpb,upstage,solar-pro3,1,success,200,,,176,0,176,3,179,381.68,2.82e-05,2026-07-21T02:54:18.969704+00:00,2026-07-21T02:54:19.350931+00:00
128,pilot,B,fpb-full-003002,fpb,upstage,solar-pro3,1,success,200,,,168,0,168,3,171,402.61,2.7e-05,2026-07-21T02:54:19.664204+00:00,2026-07-21T02:54:20.066920+00:00
129,pilot,B,fpb-full-003043,fpb,upstage,solar-pro3,1,success,200,,,152,0,152,3,155,389.01,2.46e-05,2026-07-21T02:54:20.380239+00:00,2026-07-21T02:54:20.769508+00:00
130,pilot,B,fpb-full-003080,fpb,upstage,solar-pro3,1,success,200,,,150,0,150,3,153,388.96,2.43e-05,2026-07-21T02:54:21.082924+00:00,2026-07-21T02:54:21.472545+00:00
131,pilot,B,fpb-full-003085,fpb,upstage,solar-pro3,1,success,200,,,166,0,166,3,169,371.3,2.67e-05,2026-07-21T02:54:21.785736+00:00,2026-07-21T02:54:22.157021+00:00
132,pilot,B,fpb-full-003086,fpb,upstage,solar-pro3,1,success,200,,,156,0,156,3,159,370.6,2.52e-05,2026-07-21T02:54:22.471170+00:00,2026-07-21T02:54:22.841704+00:00
133,pilot,B,fpb-full-003104,fpb,upstage,solar-pro3,1,success,200,,,169,0,169,3,172,412.26,2.715e-05,2026-07-21T02:54:23.154586+00:00,2026-07-21T02:54:23.566586+00:00
134,pilot,B,fpb-full-003144,fpb,upstage,solar-pro3,1,success,200,,,166,0,166,3,169,397.48,2.67e-05,2026-07-21T02:54:23.880202+00:00,2026-07-21T02:54:24.277871+00:00
135,pilot,B,fpb-full-003168,fpb,upstage,solar-pro3,1,success,200,,,168,0,168,3,171,431.16,2.7e-05,2026-07-21T02:54:24.591037+00:00,2026-07-21T02:54:25.022224+00:00
136,pilot,B,fpb-full-003171,fpb,upstage,solar-pro3,1,success,200,,,157,0,157,3,160,394.45,2.535e-05,2026-07-21T02:54:25.335417+00:00,2026-07-21T02:54:25.729950+00:00
137,pilot,B,fpb-full-003235,fpb,upstage,solar-pro3,1,success,200,,,151,0,151,3,154,392.74,2.445e-05,2026-07-21T02:54:26.042991+00:00,2026-07-21T02:54:26.435468+00:00
138,pilot,B,fpb-full-003299,fpb,upstage,solar-pro3,1,success,200,,,191,0,191,3,194,376.24,3.045e-05,2026-07-21T02:54:26.748005+00:00,2026-07-21T02:54:27.124023+00:00
139,pilot,B,fpb-full-003311,fpb,upstage,solar-pro3,1,success,200,,,185,0,185,3,188,393.57,2.955e-05,2026-07-21T02:54:27.437835+00:00,2026-07-21T02:54:27.831288+00:00
140,pilot,B,fpb-full-003315,fpb,upstage,solar-pro3,1,success,200,,,154,0,154,3,157,390.33,2.49e-05,2026-07-21T02:54:28.144404+00:00,2026-07-21T02:54:28.534446+00:00
141,pilot,B,fpb-full-003332,fpb,upstage,solar-pro3,1,success,200,,,160,0,160,3,163,402.28,2.58e-05,2026-07-21T02:54:28.848192+00:00,2026-07-21T02:54:29.250620+00:00
142,pilot,B,fpb-full-003363,fpb,upstage,solar-pro3,1,success,200,,,166,0,166,3,169,410.73,2.67e-05,2026-07-21T02:54:29.564274+00:00,2026-07-21T02:54:29.975016+00:00
143,pilot,B,fpb-full-003381,fpb,upstage,solar-pro3,1,success,200,,,153,0,153,3,156,385.47,2.475e-05,2026-07-21T02:54:30.288445+00:00,2026-07-21T02:54:30.674194+00:00
144,pilot,B,fpb-full-003384,fpb,upstage,solar-pro3,1,success,200,,,201,0,201,3,204,407.41,3.195e-05,2026-07-21T02:54:30.987324+00:00,2026-07-21T02:54:31.394095+00:00
145,pilot,B,fpb-full-003432,fpb,upstage,solar-pro3,1,success,200,,,179,0,179,3,182,384.44,2.865e-05,2026-07-21T02:54:31.707487+00:00,2026-07-21T02:54:32.091940+00:00
146,pilot,B,fpb-full-003435,fpb,upstage,solar-pro3,1,success,200,,,179,0,179,3,182,406.2,2.865e-05,2026-07-21T02:54:32.405271+00:00,2026-07-21T02:54:32.810755+00:00
147,pilot,B,fpb-full-003451,fpb,upstage,solar-pro3,1,success,200,,,144,0,144,3,147,947.0,2.34e-05,2026-07-21T02:54:33.126459+00:00,2026-07-21T02:54:34.073731+00:00
148,pilot,B,fpb-full-003470,fpb,upstage,solar-pro3,1,success,200,,,159,0,159,3,162,386.02,2.565e-05,2026-07-21T02:54:34.385853+00:00,2026-07-21T02:54:34.771575+00:00
149,pilot,B,fpb-full-003487,fpb,upstage,solar-pro3,1,success,200,,,146,0,146,3,149,377.98,2.37e-05,2026-07-21T02:54:35.084256+00:00,2026-07-21T02:54:35.461952+00:00
150,pilot,B,fpb-full-003505,fpb,upstage,solar-pro3,1,success,200,,,190,0,190,3,193,402.04,3.03e-05,2026-07-21T02:54:35.775985+00:00,2026-07-21T02:54:36.177618+00:00
151,pilot,B,fpb-full-003519,fpb,upstage,solar-pro3,1,success,200,,,209,0,209,3,212,401.1,3.315e-05,2026-07-21T02:54:36.490971+00:00,2026-07-21T02:54:36.892239+00:00
152,pilot,B,fpb-full-003523,fpb,upstage,solar-pro3,1,success,200,,,155,0,155,3,158,951.8,2.505e-05,2026-07-21T02:54:37.205266+00:00,2026-07-21T02:54:38.157035+00:00
153,pilot,B,fpb-full-003605,fpb,upstage,solar-pro3,1,success,200,,,154,0,154,3,157,379.69,2.49e-05,2026-07-21T02:54:38.471081+00:00,2026-07-21T02:54:38.850642+00:00
154,pilot,B,fpb-full-003634,fpb,upstage,solar-pro3,1,success,200,,,181,0,181,3,184,383.54,2.895e-05,2026-07-21T02:54:39.163073+00:00,2026-07-21T02:54:39.546469+00:00
155,pilot,B,fpb-full-003667,fpb,upstage,solar-pro3,1,success,200,,,166,0,166,3,169,370.93,2.67e-05,2026-07-21T02:54:39.859992+00:00,2026-07-21T02:54:40.230270+00:00
156,pilot,B,fpb-full-003675,fpb,upstage,solar-pro3,1,success,200,,,158,0,158,3,161,396.22,2.55e-05,2026-07-21T02:54:40.544318+00:00,2026-07-21T02:54:40.940155+00:00
157,pilot,B,fpb-full-003702,fpb,upstage,solar-pro3,1,success,200,,,168,0,168,3,171,403.91,2.7e-05,2026-07-21T02:54:41.252861+00:00,2026-07-21T02:54:41.656811+00:00
158,pilot,B,fpb-full-003732,fpb,upstage,solar-pro3,1,success,200,,,172,0,172,3,175,387.42,2.76e-05,2026-07-21T02:54:41.968979+00:00,2026-07-21T02:54:42.355716+00:00
159,pilot,B,fpb-full-003745,fpb,upstage,solar-pro3,1,success,200,,,158,0,158,3,161,601.78,2.55e-05,2026-07-21T02:54:42.670183+00:00,2026-07-21T02:54:43.271383+00:00
160,pilot,B,fpb-full-003746,fpb,upstage,solar-pro3,1,success,200,,,177,0,177,3,180,396.34,2.835e-05,2026-07-21T02:54:43.584307+00:00,2026-07-21T02:54:43.980030+00:00
161,pilot,B,fpb-full-003752,fpb,upstage,solar-pro3,1,success,200,,,180,0,180,3,183,400.74,2.88e-05,2026-07-21T02:54:44.294527+00:00,2026-07-21T02:54:44.694619+00:00
162,pilot,B,fpb-full-003774,fpb,upstage,solar-pro3,1,success,200,,,150,0,150,3,153,938.2,2.43e-05,2026-07-21T02:54:45.008479+00:00,2026-07-21T02:54:45.946862+00:00
163,pilot,B,fpb-full-003787,fpb,upstage,solar-pro3,1,success,200,,,167,0,167,3,170,397.24,2.685e-05,2026-07-21T02:54:46.259218+00:00,2026-07-21T02:54:46.655858+00:00
164,pilot,B,fpb-full-003790,fpb,upstage,solar-pro3,1,success,200,,,175,0,175,3,178,408.52,2.805e-05,2026-07-21T02:54:46.972322+00:00,2026-07-21T02:54:47.381108+00:00
165,pilot,B,fpb-full-003802,fpb,upstage,solar-pro3,1,success,200,,,178,0,178,3,181,424.79,2.85e-05,2026-07-21T02:54:47.693431+00:00,2026-07-21T02:54:48.117532+00:00
166,pilot,B,fpb-full-003817,fpb,upstage,solar-pro3,1,success,200,,,172,0,172,3,175,961.56,2.76e-05,2026-07-21T02:54:48.431953+00:00,2026-07-21T02:54:49.393879+00:00
167,pilot,B,fpb-full-003821,fpb,upstage,solar-pro3,1,success,200,,,171,0,171,3,174,518.6,2.745e-05,2026-07-21T02:54:49.706376+00:00,2026-07-21T02:54:50.225270+00:00
168,pilot,B,fpb-full-003824,fpb,upstage,solar-pro3,1,success,200,,,161,0,161,3,164,408.52,2.595e-05,2026-07-21T02:54:50.538613+00:00,2026-07-21T02:54:50.947340+00:00
169,pilot,B,fpb-full-003837,fpb,upstage,solar-pro3,1,success,200,,,165,0,165,3,168,389.96,2.655e-05,2026-07-21T02:54:51.260389+00:00,2026-07-21T02:54:51.650215+00:00
170,pilot,B,fpb-full-003839,fpb,upstage,solar-pro3,1,success,200,,,186,0,186,3,189,389.15,2.97e-05,2026-07-21T02:54:51.997732+00:00,2026-07-21T02:54:52.386722+00:00
171,pilot,B,fpb-full-003865,fpb,upstage,solar-pro3,1,success,200,,,163,0,163,3,166,386.96,2.625e-05,2026-07-21T02:54:52.699867+00:00,2026-07-21T02:54:53.086868+00:00
172,pilot,B,fpb-full-003943,fpb,upstage,solar-pro3,1,success,200,,,167,0,167,3,170,403.05,2.685e-05,2026-07-21T02:54:53.400458+00:00,2026-07-21T02:54:53.804088+00:00
173,pilot,B,fpb-full-003948,fpb,upstage,solar-pro3,1,success,200,,,176,0,176,3,179,394.21,2.82e-05,2026-07-21T02:54:54.117330+00:00,2026-07-21T02:54:54.512153+00:00
174,pilot,B,fpb-full-004054,fpb,upstage,solar-pro3,1,success,200,,,167,0,167,3,170,399.85,2.685e-05,2026-07-21T02:54:54.825081+00:00,2026-07-21T02:54:55.224560+00:00
175,pilot,B,fpb-full-004160,fpb,upstage,solar-pro3,1,success,200,,,177,0,177,3,180,388.54,2.835e-05,2026-07-21T02:54:55.537240+00:00,2026-07-21T02:54:55.925740+00:00
176,pilot,B,fpb-full-004170,fpb,upstage,solar-pro3,1,success,200,,,179,0,179,3,182,385.53,2.865e-05,2026-07-21T02:54:56.239752+00:00,2026-07-21T02:54:56.625488+00:00
177,pilot,B,fpb-full-004175,fpb,upstage,solar-pro3,1,success,200,,,151,0,151,3,154,392.1,2.445e-05,2026-07-21T02:54:56.938854+00:00,2026-07-21T02:54:57.331341+00:00
178,pilot,B,fpb-full-004190,fpb,upstage,solar-pro3,1,success,200,,,166,0,166,3,169,425.25,2.67e-05,2026-07-21T02:54:57.644002+00:00,2026-07-21T02:54:58.069277+00:00
179,pilot,B,fpb-full-004197,fpb,upstage,solar-pro3,1,success,200,,,162,0,162,3,165,401.37,2.61e-05,2026-07-21T02:54:58.382510+00:00,2026-07-21T02:54:58.783601+00:00
180,pilot,B,fpb-full-004198,fpb,upstage,solar-pro3,1,success,200,,,147,0,147,3,150,393.0,2.385e-05,2026-07-21T02:54:59.097500+00:00,2026-07-21T02:54:59.489737+00:00
181,pilot,B,fpb-full-004211,fpb,upstage,solar-pro3,1,success,200,,,168,0,168,3,171,404.84,2.7e-05,2026-07-21T02:54:59.802931+00:00,2026-07-21T02:55:00.207295+00:00
182,pilot,B,fpb-full-004220,fpb,upstage,solar-pro3,1,success,200,,,155,0,155,3,158,386.68,2.505e-05,2026-07-21T02:55:00.520681+00:00,2026-07-21T02:55:00.907039+00:00
183,pilot,B,fpb-full-004288,fpb,upstage,solar-pro3,1,success,200,,,167,0,167,3,170,404.77,2.685e-05,2026-07-21T02:55:01.220626+00:00,2026-07-21T02:55:01.625549+00:00
184,pilot,B,fpb-full-004296,fpb,upstage,solar-pro3,1,success,200,,,156,0,156,3,159,563.11,2.52e-05,2026-07-21T02:55:01.939070+00:00,2026-07-21T02:55:02.502738+00:00
185,pilot,B,fpb-full-004322,fpb,upstage,solar-pro3,1,success,200,,,165,0,165,3,168,954.1,2.655e-05,2026-07-21T02:55:02.814899+00:00,2026-07-21T02:55:03.768825+00:00
186,pilot,B,fpb-full-004358,fpb,upstage,solar-pro3,1,success,200,,,151,0,151,3,154,401.4,2.445e-05,2026-07-21T02:55:04.082748+00:00,2026-07-21T02:55:04.484155+00:00
187,pilot,B,fpb-full-004401,fpb,upstage,solar-pro3,1,success,200,,,203,0,203,3,206,942.88,3.225e-05,2026-07-21T02:55:04.800208+00:00,2026-07-21T02:55:05.743055+00:00
188,pilot,B,fpb-full-004437,fpb,upstage,solar-pro3,1,success,200,,,177,0,177,3,180,390.75,2.835e-05,2026-07-21T02:55:06.056501+00:00,2026-07-21T02:55:06.447224+00:00
189,pilot,B,fpb-full-004444,fpb,upstage,solar-pro3,1,success,200,,,182,0,182,3,185,473.27,2.91e-05,2026-07-21T02:55:06.761412+00:00,2026-07-21T02:55:07.234428+00:00
190,pilot,B,fpb-full-004449,fpb,upstage,solar-pro3,1,success,200,,,169,0,169,3,172,396.76,2.715e-05,2026-07-21T02:55:07.547487+00:00,2026-07-21T02:55:07.943638+00:00
191,pilot,B,fpb-full-004460,fpb,upstage,solar-pro3,1,success,200,,,188,0,188,3,191,404.73,3e-05,2026-07-21T02:55:08.258532+00:00,2026-07-21T02:55:08.662918+00:00
192,pilot,B,fpb-full-004559,fpb,upstage,solar-pro3,1,success,200,,,180,0,180,3,183,417.62,2.88e-05,2026-07-21T02:55:08.976134+00:00,2026-07-21T02:55:09.393377+00:00
193,pilot,B,fpb-full-004565,fpb,upstage,solar-pro3,1,success,200,,,157,0,157,3,160,401.91,2.535e-05,2026-07-21T02:55:09.707038+00:00,2026-07-21T02:55:10.108426+00:00
194,pilot,B,fpb-full-004686,fpb,upstage,solar-pro3,1,success,200,,,217,0,217,3,220,401.83,3.435e-05,2026-07-21T02:55:10.422303+00:00,2026-07-21T02:55:10.824500+00:00
195,pilot,B,fpb-full-004698,fpb,upstage,solar-pro3,1,success,200,,,190,0,190,3,193,950.13,3.03e-05,2026-07-21T02:55:11.137088+00:00,2026-07-21T02:55:12.086875+00:00
196,pilot,B,fpb-full-004723,fpb,upstage,solar-pro3,1,success,200,,,161,0,161,3,164,396.91,2.595e-05,2026-07-21T02:55:12.406039+00:00,2026-07-21T02:55:12.802455+00:00
197,pilot,B,fpb-full-004739,fpb,upstage,solar-pro3,1,success,200,,,190,0,190,3,193,373.28,3.03e-05,2026-07-21T02:55:13.116317+00:00,2026-07-21T02:55:13.489628+00:00
198,pilot,B,fpb-full-004804,fpb,upstage,solar-pro3,1,success,200,,,182,0,182,3,185,398.11,2.91e-05,2026-07-21T02:55:13.802483+00:00,2026-07-21T02:55:14.201069+00:00
199,pilot,B,fpb-full-004835,fpb,upstage,solar-pro3,1,success,200,,,168,0,168,3,171,389.39,2.7e-05,2026-07-21T02:55:14.514272+00:00,2026-07-21T02:55:14.904185+00:00
200,pilot,B,fpb-full-004844,fpb,upstage,solar-pro3,1,success,200,,,179,0,179,3,182,391.47,2.865e-05,2026-07-21T02:55:15.217573+00:00,2026-07-21T02:55:15.608740+00:00
201,pilot,B,fiqa_sa-test-000014,fiqa_sa,upstage,solar-pro3,1,success,200,,,158,0,158,3,161,411.18,2.55e-05,2026-07-21T02:55:15.923863+00:00,2026-07-21T02:55:16.334504+00:00
202,pilot,B,fiqa_sa-test-000040,fiqa_sa,upstage,solar-pro3,1,success,200,,,154,0,154,3,157,386.75,2.49e-05,2026-07-21T02:55:16.648388+00:00,2026-07-21T02:55:17.035024+00:00
203,pilot,B,fiqa_sa-test-000041,fiqa_sa,upstage,solar-pro3,1,success,200,,,153,0,153,3,156,402.54,2.475e-05,2026-07-21T02:55:17.348665+00:00,2026-07-21T02:55:17.750590+00:00
204,pilot,B,fiqa_sa-test-000047,fiqa_sa,upstage,solar-pro3,1,success,200,,,149,0,149,3,152,387.24,2.415e-05,2026-07-21T02:55:18.064462+00:00,2026-07-21T02:55:18.451849+00:00
205,pilot,B,fiqa_sa-test-000055,fiqa_sa,upstage,solar-pro3,1,success,200,,,150,0,150,3,153,391.62,2.43e-05,2026-07-21T02:55:18.764471+00:00,2026-07-21T02:55:19.156440+00:00
206,pilot,B,fiqa_sa-test-000057,fiqa_sa,upstage,solar-pro3,1,success,200,,,158,0,158,3,161,407.02,2.55e-05,2026-07-21T02:55:19.469192+00:00,2026-07-21T02:55:19.876276+00:00
207,pilot,B,fiqa_sa-test-000064,fiqa_sa,upstage,solar-pro3,1,success,200,,,154,0,154,3,157,821.84,2.49e-05,2026-07-21T02:55:20.190051+00:00,2026-07-21T02:55:21.011636+00:00
208,pilot,B,fiqa_sa-test-000067,fiqa_sa,upstage,solar-pro3,1,success,200,,,159,0,159,3,162,385.5,2.565e-05,2026-07-21T02:55:21.325276+00:00,2026-07-21T02:55:21.710564+00:00
209,pilot,B,fiqa_sa-test-000069,fiqa_sa,upstage,solar-pro3,1,success,200,,,160,0,160,3,163,406.6,2.58e-05,2026-07-21T02:55:22.024656+00:00,2026-07-21T02:55:22.431603+00:00
210,pilot,B,fiqa_sa-test-000076,fiqa_sa,upstage,solar-pro3,1,success,200,,,159,0,159,3,162,411.2,2.565e-05,2026-07-21T02:55:22.744273+00:00,2026-07-21T02:55:23.155438+00:00
211,pilot,B,fiqa_sa-test-000079,fiqa_sa,upstage,solar-pro3,1,success,200,,,156,0,156,3,159,398.3,2.52e-05,2026-07-21T02:55:23.469770+00:00,2026-07-21T02:55:23.868215+00:00
212,pilot,B,fiqa_sa-test-000095,fiqa_sa,upstage,solar-pro3,1,success,200,,,148,0,148,3,151,391.18,2.4e-05,2026-07-21T02:55:24.182051+00:00,2026-07-21T02:55:24.573470+00:00
213,pilot,B,fiqa_sa-test-000097,fiqa_sa,upstage,solar-pro3,1,success,200,,,158,0,158,3,161,405.82,2.55e-05,2026-07-21T02:55:24.887312+00:00,2026-07-21T02:55:25.293128+00:00
214,pilot,B,fiqa_sa-test-000104,fiqa_sa,upstage,solar-pro3,1,success,200,,,166,0,166,3,169,379.51,2.67e-05,2026-07-21T02:55:25.606987+00:00,2026-07-21T02:55:25.986828+00:00
215,pilot,B,fiqa_sa-test-000106,fiqa_sa,upstage,solar-pro3,1,success,200,,,172,0,172,3,175,371.11,2.76e-05,2026-07-21T02:55:26.300865+00:00,2026-07-21T02:55:26.672027+00:00
216,pilot,B,fiqa_sa-test-000112,fiqa_sa,upstage,solar-pro3,1,success,200,,,157,0,157,3,160,394.49,2.535e-05,2026-07-21T02:55:26.985088+00:00,2026-07-21T02:55:27.379028+00:00
217,pilot,B,fiqa_sa-test-000117,fiqa_sa,upstage,solar-pro3,1,success,200,,,147,0,147,3,150,390.43,2.385e-05,2026-07-21T02:55:27.713241+00:00,2026-07-21T02:55:28.103381+00:00
218,pilot,B,fiqa_sa-test-000119,fiqa_sa,upstage,solar-pro3,1,success,200,,,180,0,180,3,183,400.88,2.88e-05,2026-07-21T02:55:28.417395+00:00,2026-07-21T02:55:28.817630+00:00
219,pilot,B,fiqa_sa-test-000125,fiqa_sa,upstage,solar-pro3,1,success,200,,,175,0,175,3,178,462.73,2.805e-05,2026-07-21T02:55:29.131184+00:00,2026-07-21T02:55:29.593820+00:00
220,pilot,B,fiqa_sa-test-000127,fiqa_sa,upstage,solar-pro3,1,success,200,,,180,0,180,3,183,426.65,2.88e-05,2026-07-21T02:55:29.907388+00:00,2026-07-21T02:55:30.334450+00:00
221,pilot,B,fiqa_sa-test-000140,fiqa_sa,upstage,solar-pro3,1,success,200,,,162,0,162,3,165,392.72,2.61e-05,2026-07-21T02:55:30.647757+00:00,2026-07-21T02:55:31.040335+00:00
222,pilot,B,fiqa_sa-test-000142,fiqa_sa,upstage,solar-pro3,1,success,200,,,161,0,161,3,164,383.63,2.595e-05,2026-07-21T02:55:31.355107+00:00,2026-07-21T02:55:31.739310+00:00
223,pilot,B,fiqa_sa-test-000146,fiqa_sa,upstage,solar-pro3,1,success,200,,,170,0,170,3,173,967.79,2.73e-05,2026-07-21T02:55:32.052889+00:00,2026-07-21T02:55:33.020480+00:00
224,pilot,B,fiqa_sa-test-000147,fiqa_sa,upstage,solar-pro3,1,success,200,,,172,0,172,3,175,396.36,2.76e-05,2026-07-21T02:55:33.333691+00:00,2026-07-21T02:55:33.729816+00:00
225,pilot,B,fiqa_sa-test-000153,fiqa_sa,upstage,solar-pro3,1,success,200,,,163,0,163,3,166,394.22,2.625e-05,2026-07-21T02:55:34.042665+00:00,2026-07-21T02:55:34.437366+00:00
226,pilot,B,fiqa_sa-test-000154,fiqa_sa,upstage,solar-pro3,1,success,200,,,146,0,146,3,149,462.74,2.37e-05,2026-07-21T02:55:34.750762+00:00,2026-07-21T02:55:35.213367+00:00
227,pilot,B,fiqa_sa-test-000159,fiqa_sa,upstage,solar-pro3,1,success,200,,,158,0,158,3,161,439.03,2.55e-05,2026-07-21T02:55:35.527035+00:00,2026-07-21T02:55:35.966634+00:00
228,pilot,B,fiqa_sa-test-000169,fiqa_sa,upstage,solar-pro3,1,success,200,,,167,0,167,3,170,396.11,2.685e-05,2026-07-21T02:55:36.278759+00:00,2026-07-21T02:55:36.674749+00:00
229,pilot,B,fiqa_sa-test-000174,fiqa_sa,upstage,solar-pro3,1,success,200,,,178,0,178,3,181,385.43,2.85e-05,2026-07-21T02:55:36.987757+00:00,2026-07-21T02:55:37.374123+00:00
230,pilot,B,fiqa_sa-test-000177,fiqa_sa,upstage,solar-pro3,1,success,200,,,169,0,169,3,172,398.16,2.715e-05,2026-07-21T02:55:37.687550+00:00,2026-07-21T02:55:38.085788+00:00
231,pilot,B,fiqa_sa-test-000187,fiqa_sa,upstage,solar-pro3,1,success,200,,,183,0,183,3,186,944.99,2.925e-05,2026-07-21T02:55:38.399088+00:00,2026-07-21T02:55:39.344081+00:00
232,pilot,B,fiqa_sa-test-000188,fiqa_sa,upstage,solar-pro3,1,success,200,,,146,0,146,3,149,394.17,2.37e-05,2026-07-21T02:55:39.658502+00:00,2026-07-21T02:55:40.052354+00:00
233,pilot,B,fiqa_sa-test-000191,fiqa_sa,upstage,solar-pro3,1,success,200,,,150,0,150,3,153,376.58,2.43e-05,2026-07-21T02:55:40.366768+00:00,2026-07-21T02:55:40.742909+00:00
234,pilot,B,fiqa_sa-test-000195,fiqa_sa,upstage,solar-pro3,1,success,200,,,149,0,149,3,152,389.18,2.415e-05,2026-07-21T02:55:41.056282+00:00,2026-07-21T02:55:41.445104+00:00
235,pilot,B,fiqa_sa-test-000206,fiqa_sa,upstage,solar-pro3,1,success,200,,,164,0,164,3,167,372.28,2.64e-05,2026-07-21T02:55:41.758829+00:00,2026-07-21T02:55:42.131447+00:00
236,pilot,B,fiqa_sa-test-000211,fiqa_sa,upstage,solar-pro3,1,success,200,,,180,0,180,3,183,395.65,2.88e-05,2026-07-21T02:55:42.445221+00:00,2026-07-21T02:55:42.840643+00:00
237,pilot,B,fiqa_sa-test-000214,fiqa_sa,upstage,solar-pro3,1,success,200,,,165,0,165,3,168,395.28,2.655e-05,2026-07-21T02:55:43.153509+00:00,2026-07-21T02:55:43.548283+00:00
238,pilot,B,fiqa_sa-test-000223,fiqa_sa,upstage,solar-pro3,1,success,200,,,161,0,161,3,164,403.08,2.595e-05,2026-07-21T02:55:43.863096+00:00,2026-07-21T02:55:44.265980+00:00
239,pilot,B,fiqa_sa-test-000228,fiqa_sa,upstage,solar-pro3,1,success,200,,,151,0,151,3,154,495.03,2.445e-05,2026-07-21T02:55:44.579434+00:00,2026-07-21T02:55:45.074689+00:00
240,pilot,B,fiqa_sa-test-000233,fiqa_sa,upstage,solar-pro3,1,success,200,,,189,0,189,3,192,388.99,3.015e-05,2026-07-21T02:55:45.388302+00:00,2026-07-21T02:55:45.777517+00:00
241,pilot,B,fiqa_sa-train-000014,fiqa_sa,upstage,solar-pro3,1,success,200,,,157,0,157,3,160,396.11,2.535e-05,2026-07-21T02:55:46.091431+00:00,2026-07-21T02:55:46.486973+00:00
242,pilot,B,fiqa_sa-train-000015,fiqa_sa,upstage,solar-pro3,1,success,200,,,155,0,155,3,158,401.0,2.505e-05,2026-07-21T02:55:46.812664+00:00,2026-07-21T02:55:47.214308+00:00
243,pilot,B,fiqa_sa-train-000016,fiqa_sa,upstage,solar-pro3,1,success,200,,,155,0,155,3,158,406.91,2.505e-05,2026-07-21T02:55:47.528362+00:00,2026-07-21T02:55:47.934971+00:00
244,pilot,B,fiqa_sa-train-000024,fiqa_sa,upstage,solar-pro3,1,success,200,,,154,0,154,3,157,407.04,2.49e-05,2026-07-21T02:55:48.248366+00:00,2026-07-21T02:55:48.655479+00:00
245,pilot,B,fiqa_sa-train-000027,fiqa_sa,upstage,solar-pro3,1,success,200,,,159,0,159,3,162,396.83,2.565e-05,2026-07-21T02:55:48.968879+00:00,2026-07-21T02:55:49.365569+00:00
246,pilot,B,fiqa_sa-train-000030,fiqa_sa,upstage,solar-pro3,1,success,200,,,159,0,159,3,162,401.28,2.565e-05,2026-07-21T02:55:49.680161+00:00,2026-07-21T02:55:50.081262+00:00
247,pilot,B,fiqa_sa-train-000031,fiqa_sa,upstage,solar-pro3,1,success,200,,,149,0,149,3,152,376.02,2.415e-05,2026-07-21T02:55:50.395660+00:00,2026-07-21T02:55:50.771802+00:00
248,pilot,B,fiqa_sa-train-000041,fiqa_sa,upstage,solar-pro3,1,success,200,,,155,0,155,3,158,404.25,2.505e-05,2026-07-21T02:55:51.084482+00:00,2026-07-21T02:55:51.488347+00:00
249,pilot,B,fiqa_sa-train-000048,fiqa_sa,upstage,solar-pro3,1,success,200,,,158,0,158,3,161,402.55,2.55e-05,2026-07-21T02:55:51.801984+00:00,2026-07-21T02:55:52.204089+00:00
250,pilot,B,fiqa_sa-train-000050,fiqa_sa,upstage,solar-pro3,1,success,200,,,150,0,150,3,153,406.37,2.43e-05,2026-07-21T02:55:52.517258+00:00,2026-07-21T02:55:52.923381+00:00
251,pilot,B,fiqa_sa-train-000051,fiqa_sa,upstage,solar-pro3,1,success,200,,,150,0,150,3,153,387.6,2.43e-05,2026-07-21T02:55:53.236999+00:00,2026-07-21T02:55:53.624697+00:00
252,pilot,B,fiqa_sa-train-000054,fiqa_sa,upstage,solar-pro3,1,success,200,,,162,0,162,3,165,405.34,2.61e-05,2026-07-21T02:55:53.937148+00:00,2026-07-21T02:55:54.341827+00:00
253,pilot,B,fiqa_sa-train-000059,fiqa_sa,upstage,solar-pro3,1,success,200,,,151,0,151,3,154,397.14,2.445e-05,2026-07-21T02:55:54.656668+00:00,2026-07-21T02:55:55.054200+00:00
254,pilot,B,fiqa_sa-train-000061,fiqa_sa,upstage,solar-pro3,1,success,200,,,153,0,153,3,156,396.22,2.475e-05,2026-07-21T02:55:55.368385+00:00,2026-07-21T02:55:55.764522+00:00
255,pilot,B,fiqa_sa-train-000063,fiqa_sa,upstage,solar-pro3,1,success,200,,,153,0,153,3,156,404.43,2.475e-05,2026-07-21T02:55:56.078118+00:00,2026-07-21T02:55:56.482510+00:00
256,pilot,B,fiqa_sa-train-000070,fiqa_sa,upstage,solar-pro3,1,success,200,,,162,0,162,3,165,410.13,2.61e-05,2026-07-21T02:55:56.796188+00:00,2026-07-21T02:55:57.206164+00:00
257,pilot,B,fiqa_sa-train-000075,fiqa_sa,upstage,solar-pro3,1,success,200,,,153,0,153,3,156,393.11,2.475e-05,2026-07-21T02:55:57.519659+00:00,2026-07-21T02:55:57.912752+00:00
258,pilot,B,fiqa_sa-train-000089,fiqa_sa,upstage,solar-pro3,1,success,200,,,150,0,150,3,153,424.33,2.43e-05,2026-07-21T02:55:58.225980+00:00,2026-07-21T02:55:58.649838+00:00
259,pilot,B,fiqa_sa-train-000092,fiqa_sa,upstage,solar-pro3,1,success,200,,,158,0,158,3,161,398.17,2.55e-05,2026-07-21T02:55:58.963379+00:00,2026-07-21T02:55:59.361620+00:00
260,pilot,B,fiqa_sa-train-000097,fiqa_sa,upstage,solar-pro3,1,success,200,,,152,0,152,3,155,469.15,2.46e-05,2026-07-21T02:55:59.674338+00:00,2026-07-21T02:56:00.143390+00:00
261,pilot,B,fiqa_sa-train-000099,fiqa_sa,upstage,solar-pro3,1,success,200,,,152,0,152,3,155,413.09,2.46e-05,2026-07-21T02:56:00.457127+00:00,2026-07-21T02:56:00.870254+00:00
262,pilot,B,fiqa_sa-train-000100,fiqa_sa,upstage,solar-pro3,1,success,200,,,151,0,151,3,154,398.0,2.445e-05,2026-07-21T02:56:01.183925+00:00,2026-07-21T02:56:01.581644+00:00
263,pilot,B,fiqa_sa-train-000118,fiqa_sa,upstage,solar-pro3,1,success,200,,,164,0,164,3,167,566.16,2.64e-05,2026-07-21T02:56:01.896211+00:00,2026-07-21T02:56:02.462598+00:00
264,pilot,B,fiqa_sa-train-000123,fiqa_sa,upstage,solar-pro3,1,success,200,,,149,0,149,3,152,410.25,2.415e-05,2026-07-21T02:56:02.775427+00:00,2026-07-21T02:56:03.185322+00:00
265,pilot,B,fiqa_sa-train-000124,fiqa_sa,upstage,solar-pro3,1,success,200,,,159,0,159,3,162,387.58,2.565e-05,2026-07-21T02:56:03.500822+00:00,2026-07-21T02:56:03.888267+00:00
266,pilot,B,fiqa_sa-train-000129,fiqa_sa,upstage,solar-pro3,1,success,200,,,157,0,157,3,160,481.74,2.535e-05,2026-07-21T02:56:04.233038+00:00,2026-07-21T02:56:04.714445+00:00
267,pilot,B,fiqa_sa-train-000140,fiqa_sa,upstage,solar-pro3,1,success,200,,,149,0,149,3,152,415.57,2.415e-05,2026-07-21T02:56:05.027414+00:00,2026-07-21T02:56:05.442993+00:00
268,pilot,B,fiqa_sa-train-000144,fiqa_sa,upstage,solar-pro3,1,success,200,,,154,0,154,3,157,391.62,2.49e-05,2026-07-21T02:56:05.756153+00:00,2026-07-21T02:56:06.147425+00:00
269,pilot,B,fiqa_sa-train-000145,fiqa_sa,upstage,solar-pro3,1,success,200,,,149,0,149,3,152,480.85,2.415e-05,2026-07-21T02:56:06.461609+00:00,2026-07-21T02:56:06.942980+00:00
270,pilot,B,fiqa_sa-train-000155,fiqa_sa,upstage,solar-pro3,1,success,200,,,159,0,159,3,162,399.62,2.565e-05,2026-07-21T02:56:07.264932+00:00,2026-07-21T02:56:07.664529+00:00
271,pilot,B,fiqa_sa-train-000174,fiqa_sa,upstage,solar-pro3,1,success,200,,,158,0,158,3,161,396.0,2.55e-05,2026-07-21T02:56:07.978023+00:00,2026-07-21T02:56:08.373801+00:00
272,pilot,B,fiqa_sa-train-000176,fiqa_sa,upstage,solar-pro3,1,success,200,,,151,0,151,3,154,403.58,2.445e-05,2026-07-21T02:56:08.687314+00:00,2026-07-21T02:56:09.090635+00:00
273,pilot,B,fiqa_sa-train-000181,fiqa_sa,upstage,solar-pro3,1,success,200,,,155,0,155,3,158,390.59,2.505e-05,2026-07-21T02:56:09.405343+00:00,2026-07-21T02:56:09.795986+00:00
274,pilot,B,fiqa_sa-train-000183,fiqa_sa,upstage,solar-pro3,1,success,200,,,149,0,149,3,152,484.24,2.415e-05,2026-07-21T02:56:10.109683+00:00,2026-07-21T02:56:10.594045+00:00
275,pilot,B,fiqa_sa-train-000203,fiqa_sa,upstage,solar-pro3,1,success,200,,,150,0,150,3,153,459.92,2.43e-05,2026-07-21T02:56:10.908279+00:00,2026-07-21T02:56:11.368554+00:00
276,pilot,B,fiqa_sa-train-000205,fiqa_sa,upstage,solar-pro3,1,success,200,,,148,0,148,3,151,386.79,2.4e-05,2026-07-21T02:56:11.681573+00:00,2026-07-21T02:56:12.069101+00:00
277,pilot,B,fiqa_sa-train-000206,fiqa_sa,upstage,solar-pro3,1,success,200,,,161,0,161,3,164,399.57,2.595e-05,2026-07-21T02:56:12.381989+00:00,2026-07-21T02:56:12.781029+00:00
278,pilot,B,fiqa_sa-train-000210,fiqa_sa,upstage,solar-pro3,1,success,200,,,154,0,154,3,157,388.36,2.49e-05,2026-07-21T02:56:13.095352+00:00,2026-07-21T02:56:13.484651+00:00
279,pilot,B,fiqa_sa-train-000234,fiqa_sa,upstage,solar-pro3,1,success,200,,,150,0,150,3,153,388.81,2.43e-05,2026-07-21T02:56:13.798437+00:00,2026-07-21T02:56:14.186775+00:00
280,pilot,B,fiqa_sa-train-000239,fiqa_sa,upstage,solar-pro3,1,success,200,,,150,0,150,3,153,390.57,2.43e-05,2026-07-21T02:56:14.500689+00:00,2026-07-21T02:56:14.891353+00:00
281,pilot,B,fiqa_sa-train-000247,fiqa_sa,upstage,solar-pro3,1,success,200,,,153,0,153,3,156,407.29,2.475e-05,2026-07-21T02:56:15.206186+00:00,2026-07-21T02:56:15.613582+00:00
282,pilot,B,fiqa_sa-train-000254,fiqa_sa,upstage,solar-pro3,1,success,200,,,156,0,156,3,159,390.91,2.52e-05,2026-07-21T02:56:15.926591+00:00,2026-07-21T02:56:16.317705+00:00
283,pilot,B,fiqa_sa-train-000259,fiqa_sa,upstage,solar-pro3,1,success,200,,,157,0,157,3,160,945.55,2.535e-05,2026-07-21T02:56:16.632139+00:00,2026-07-21T02:56:17.578173+00:00
284,pilot,B,fiqa_sa-train-000262,fiqa_sa,upstage,solar-pro3,1,success,200,,,159,0,159,3,162,400.77,2.565e-05,2026-07-21T02:56:17.892220+00:00,2026-07-21T02:56:18.293139+00:00
285,pilot,B,fiqa_sa-train-000263,fiqa_sa,upstage,solar-pro3,1,success,200,,,159,0,159,3,162,410.01,2.565e-05,2026-07-21T02:56:18.606442+00:00,2026-07-21T02:56:19.016938+00:00
286,pilot,B,fiqa_sa-train-000272,fiqa_sa,upstage,solar-pro3,1,success,200,,,153,0,153,3,156,398.27,2.475e-05,2026-07-21T02:56:19.329596+00:00,2026-07-21T02:56:19.728628+00:00
287,pilot,B,fiqa_sa-train-000274,fiqa_sa,upstage,solar-pro3,1,success,200,,,159,0,159,3,162,394.51,2.565e-05,2026-07-21T02:56:20.041526+00:00,2026-07-21T02:56:20.436093+00:00
288,pilot,B,fiqa_sa-train-000276,fiqa_sa,upstage,solar-pro3,1,success,200,,,156,0,156,3,159,387.74,2.52e-05,2026-07-21T02:56:20.750528+00:00,2026-07-21T02:56:21.137859+00:00
289,pilot,B,fiqa_sa-train-000280,fiqa_sa,upstage,solar-pro3,1,success,200,,,154,0,154,3,157,408.21,2.49e-05,2026-07-21T02:56:21.451812+00:00,2026-07-21T02:56:21.859866+00:00
290,pilot,B,fiqa_sa-train-000282,fiqa_sa,upstage,solar-pro3,1,success,200,,,150,0,150,3,153,402.2,2.43e-05,2026-07-21T02:56:22.173213+00:00,2026-07-21T02:56:22.575267+00:00
291,pilot,B,fiqa_sa-train-000284,fiqa_sa,upstage,solar-pro3,1,success,200,,,151,0,151,3,154,411.03,2.445e-05,2026-07-21T02:56:22.887610+00:00,2026-07-21T02:56:23.298233+00:00
292,pilot,B,fiqa_sa-train-000289,fiqa_sa,upstage,solar-pro3,1,success,200,,,151,0,151,3,154,443.42,2.445e-05,2026-07-21T02:56:23.611990+00:00,2026-07-21T02:56:24.055301+00:00
293,pilot,B,fiqa_sa-train-000291,fiqa_sa,upstage,solar-pro3,1,success,200,,,155,0,155,3,158,398.77,2.505e-05,2026-07-21T02:56:24.368732+00:00,2026-07-21T02:56:24.767488+00:00
294,pilot,B,fiqa_sa-train-000303,fiqa_sa,upstage,solar-pro3,1,success,200,,,153,0,153,3,156,405.1,2.475e-05,2026-07-21T02:56:25.080837+00:00,2026-07-21T02:56:25.486631+00:00
295,pilot,B,fiqa_sa-train-000307,fiqa_sa,upstage,solar-pro3,1,success,200,,,151,0,151,3,154,386.64,2.445e-05,2026-07-21T02:56:25.801054+00:00,2026-07-21T02:56:26.187162+00:00
296,pilot,B,fiqa_sa-train-000310,fiqa_sa,upstage,solar-pro3,1,success,200,,,154,0,154,3,157,408.07,2.49e-05,2026-07-21T02:56:26.500514+00:00,2026-07-21T02:56:26.908307+00:00
297,pilot,B,fiqa_sa-train-000312,fiqa_sa,upstage,solar-pro3,1,success,200,,,148,0,148,3,151,392.68,2.4e-05,2026-07-21T02:56:27.222512+00:00,2026-07-21T02:56:27.615366+00:00
298,pilot,B,fiqa_sa-train-000317,fiqa_sa,upstage,solar-pro3,1,success,200,,,153,0,153,3,156,374.48,2.475e-05,2026-07-21T02:56:27.928705+00:00,2026-07-21T02:56:28.302756+00:00
299,pilot,B,fiqa_sa-train-000318,fiqa_sa,upstage,solar-pro3,1,success,200,,,154,0,154,3,157,374.22,2.49e-05,2026-07-21T02:56:28.617099+00:00,2026-07-21T02:56:28.991032+00:00
300,pilot,B,fiqa_sa-train-000325,fiqa_sa,upstage,solar-pro3,1,success,200,,,155,0,155,3,158,372.72,2.505e-05,2026-07-21T02:56:29.305205+00:00,2026-07-21T02:56:29.677848+00:00
301,pilot,B,fiqa_sa-train-000339,fiqa_sa,upstage,solar-pro3,1,success,200,,,157,0,157,3,160,397.79,2.535e-05,2026-07-21T02:56:29.991218+00:00,2026-07-21T02:56:30.389361+00:00
302,pilot,B,fiqa_sa-train-000342,fiqa_sa,upstage,solar-pro3,1,success,200,,,152,0,152,3,155,392.92,2.46e-05,2026-07-21T02:56:30.702597+00:00,2026-07-21T02:56:31.095371+00:00
303,pilot,B,fiqa_sa-train-000343,fiqa_sa,upstage,solar-pro3,1,success,200,,,152,0,152,3,155,399.53,2.46e-05,2026-07-21T02:56:31.408853+00:00,2026-07-21T02:56:31.808708+00:00
304,pilot,B,fiqa_sa-train-000345,fiqa_sa,upstage,solar-pro3,1,success,200,,,153,0,153,3,156,391.7,2.475e-05,2026-07-21T02:56:32.121778+00:00,2026-07-21T02:56:32.513384+00:00
305,pilot,B,fiqa_sa-train-000351,fiqa_sa,upstage,solar-pro3,1,success,200,,,158,0,158,3,161,389.05,2.55e-05,2026-07-21T02:56:32.828069+00:00,2026-07-21T02:56:33.217379+00:00
306,pilot,B,fiqa_sa-train-000356,fiqa_sa,upstage,solar-pro3,1,success,200,,,176,0,176,3,179,948.24,2.82e-05,2026-07-21T02:56:33.530831+00:00,2026-07-21T02:56:34.478603+00:00
307,pilot,B,fiqa_sa-train-000357,fiqa_sa,upstage,solar-pro3,1,success,200,,,170,0,170,3,173,395.21,2.73e-05,2026-07-21T02:56:34.792707+00:00,2026-07-21T02:56:35.188415+00:00
308,pilot,B,fiqa_sa-train-000367,fiqa_sa,upstage,solar-pro3,1,success,200,,,164,0,164,3,167,938.11,2.64e-05,2026-07-21T02:56:35.502811+00:00,2026-07-21T02:56:36.441039+00:00
309,pilot,B,fiqa_sa-train-000373,fiqa_sa,upstage,solar-pro3,1,success,200,,,169,0,169,3,172,372.9,2.715e-05,2026-07-21T02:56:36.756146+00:00,2026-07-21T02:56:37.129532+00:00
310,pilot,B,fiqa_sa-train-000374,fiqa_sa,upstage,solar-pro3,1,success,200,,,173,0,173,3,176,384.58,2.775e-05,2026-07-21T02:56:37.443172+00:00,2026-07-21T02:56:37.827723+00:00
311,pilot,B,fiqa_sa-train-000386,fiqa_sa,upstage,solar-pro3,1,success,200,,,157,0,157,3,160,373.89,2.535e-05,2026-07-21T02:56:38.141202+00:00,2026-07-21T02:56:38.514969+00:00
312,pilot,B,fiqa_sa-train-000399,fiqa_sa,upstage,solar-pro3,1,success,200,,,191,0,191,3,194,392.99,3.045e-05,2026-07-21T02:56:38.828266+00:00,2026-07-21T02:56:39.221519+00:00
313,pilot,B,fiqa_sa-train-000414,fiqa_sa,upstage,solar-pro3,1,success,200,,,171,0,171,3,174,385.92,2.745e-05,2026-07-21T02:56:39.534762+00:00,2026-07-21T02:56:39.921113+00:00
314,pilot,B,fiqa_sa-train-000419,fiqa_sa,upstage,solar-pro3,1,success,200,,,162,0,162,3,165,393.65,2.61e-05,2026-07-21T02:56:40.235503+00:00,2026-07-21T02:56:40.629786+00:00
315,pilot,B,fiqa_sa-train-000428,fiqa_sa,upstage,solar-pro3,1,success,200,,,171,0,171,3,174,377.22,2.745e-05,2026-07-21T02:56:40.943661+00:00,2026-07-21T02:56:41.321165+00:00
316,pilot,B,fiqa_sa-train-000429,fiqa_sa,upstage,solar-pro3,1,success,200,,,174,0,174,3,177,378.48,2.79e-05,2026-07-21T02:56:41.637459+00:00,2026-07-21T02:56:42.015908+00:00
317,pilot,B,fiqa_sa-train-000436,fiqa_sa,upstage,solar-pro3,1,success,200,,,168,0,168,3,171,395.02,2.7e-05,2026-07-21T02:56:42.328312+00:00,2026-07-21T02:56:42.723358+00:00
318,pilot,B,fiqa_sa-train-000452,fiqa_sa,upstage,solar-pro3,1,success,200,,,172,0,172,3,175,399.71,2.76e-05,2026-07-21T02:56:43.037668+00:00,2026-07-21T02:56:43.437696+00:00
319,pilot,B,fiqa_sa-train-000454,fiqa_sa,upstage,solar-pro3,1,success,200,,,165,0,165,3,168,438.62,2.655e-05,2026-07-21T02:56:43.751340+00:00,2026-07-21T02:56:44.189549+00:00
320,pilot,B,fiqa_sa-train-000458,fiqa_sa,upstage,solar-pro3,1,success,200,,,169,0,169,3,172,405.66,2.715e-05,2026-07-21T02:56:44.504669+00:00,2026-07-21T02:56:44.909667+00:00
321,pilot,B,fiqa_sa-train-000461,fiqa_sa,upstage,solar-pro3,1,success,200,,,156,0,156,3,159,378.8,2.52e-05,2026-07-21T02:56:45.223599+00:00,2026-07-21T02:56:45.602565+00:00
322,pilot,B,fiqa_sa-train-000463,fiqa_sa,upstage,solar-pro3,1,success,200,,,152,0,152,3,155,399.97,2.46e-05,2026-07-21T02:56:45.915730+00:00,2026-07-21T02:56:46.315186+00:00
323,pilot,B,fiqa_sa-train-000464,fiqa_sa,upstage,solar-pro3,1,success,200,,,155,0,155,3,158,408.32,2.505e-05,2026-07-21T02:56:46.628633+00:00,2026-07-21T02:56:47.037056+00:00
324,pilot,B,fiqa_sa-train-000467,fiqa_sa,upstage,solar-pro3,1,success,200,,,181,0,181,3,184,403.75,2.895e-05,2026-07-21T02:56:47.350729+00:00,2026-07-21T02:56:47.754506+00:00
325,pilot,B,fiqa_sa-train-000475,fiqa_sa,upstage,solar-pro3,1,success,200,,,172,0,172,3,175,423.95,2.76e-05,2026-07-21T02:56:48.067957+00:00,2026-07-21T02:56:48.491555+00:00
326,pilot,B,fiqa_sa-train-000477,fiqa_sa,upstage,solar-pro3,1,success,200,,,156,0,156,3,159,395.77,2.52e-05,2026-07-21T02:56:48.805280+00:00,2026-07-21T02:56:49.201432+00:00
327,pilot,B,fiqa_sa-train-000478,fiqa_sa,upstage,solar-pro3,1,success,200,,,174,0,174,3,177,400.97,2.79e-05,2026-07-21T02:56:49.529494+00:00,2026-07-21T02:56:49.930770+00:00
328,pilot,B,fiqa_sa-train-000486,fiqa_sa,upstage,solar-pro3,1,success,200,,,169,0,169,3,172,395.49,2.715e-05,2026-07-21T02:56:50.243654+00:00,2026-07-21T02:56:50.638728+00:00
329,pilot,B,fiqa_sa-train-000495,fiqa_sa,upstage,solar-pro3,1,success,200,,,181,0,181,3,184,383.79,2.895e-05,2026-07-21T02:56:50.952722+00:00,2026-07-21T02:56:51.335879+00:00
330,pilot,B,fiqa_sa-train-000500,fiqa_sa,upstage,solar-pro3,1,success,200,,,150,0,150,3,153,395.55,2.43e-05,2026-07-21T02:56:51.650467+00:00,2026-07-21T02:56:52.046140+00:00
331,pilot,B,fiqa_sa-train-000504,fiqa_sa,upstage,solar-pro3,1,success,200,,,144,0,144,3,147,405.63,2.34e-05,2026-07-21T02:56:52.358944+00:00,2026-07-21T02:56:52.764592+00:00
332,pilot,B,fiqa_sa-train-000506,fiqa_sa,upstage,solar-pro3,1,success,200,,,168,0,168,3,171,393.25,2.7e-05,2026-07-21T02:56:53.078270+00:00,2026-07-21T02:56:53.470892+00:00
333,pilot,B,fiqa_sa-train-000513,fiqa_sa,upstage,solar-pro3,1,success,200,,,144,0,144,3,147,389.25,2.34e-05,2026-07-21T02:56:53.785600+00:00,2026-07-21T02:56:54.175214+00:00
334,pilot,B,fiqa_sa-train-000514,fiqa_sa,upstage,solar-pro3,1,success,200,,,167,0,167,3,170,395.88,2.685e-05,2026-07-21T02:56:54.489381+00:00,2026-07-21T02:56:54.885802+00:00
335,pilot,B,fiqa_sa-train-000515,fiqa_sa,upstage,solar-pro3,1,success,200,,,171,0,171,3,174,404.61,2.745e-05,2026-07-21T02:56:55.199055+00:00,2026-07-21T02:56:55.603694+00:00
336,pilot,B,fiqa_sa-train-000519,fiqa_sa,upstage,solar-pro3,1,success,200,,,171,0,171,3,174,394.04,2.745e-05,2026-07-21T02:56:55.917110+00:00,2026-07-21T02:56:56.311469+00:00
337,pilot,B,fiqa_sa-train-000523,fiqa_sa,upstage,solar-pro3,1,success,200,,,156,0,156,3,159,384.98,2.52e-05,2026-07-21T02:56:56.625754+00:00,2026-07-21T02:56:57.010802+00:00
338,pilot,B,fiqa_sa-train-000526,fiqa_sa,upstage,solar-pro3,1,success,200,,,166,0,166,3,169,381.79,2.67e-05,2026-07-21T02:56:57.324821+00:00,2026-07-21T02:56:57.706989+00:00
339,pilot,B,fiqa_sa-train-000530,fiqa_sa,upstage,solar-pro3,1,success,200,,,149,0,149,3,152,401.73,2.415e-05,2026-07-21T02:56:58.019995+00:00,2026-07-21T02:56:58.421699+00:00
340,pilot,B,fiqa_sa-train-000542,fiqa_sa,upstage,solar-pro3,1,success,200,,,159,0,159,3,162,394.77,2.565e-05,2026-07-21T02:56:58.737359+00:00,2026-07-21T02:56:59.131989+00:00
341,pilot,B,fiqa_sa-train-000552,fiqa_sa,upstage,solar-pro3,1,success,200,,,174,0,174,3,177,392.62,2.79e-05,2026-07-21T02:56:59.445055+00:00,2026-07-21T02:56:59.837401+00:00
342,pilot,B,fiqa_sa-train-000553,fiqa_sa,upstage,solar-pro3,1,success,200,,,152,0,152,3,155,416.05,2.46e-05,2026-07-21T02:57:00.151399+00:00,2026-07-21T02:57:00.567280+00:00
343,pilot,B,fiqa_sa-train-000556,fiqa_sa,upstage,solar-pro3,1,success,200,,,186,0,186,3,189,410.35,2.97e-05,2026-07-21T02:57:00.880240+00:00,2026-07-21T02:57:01.290760+00:00
344,pilot,B,fiqa_sa-train-000574,fiqa_sa,upstage,solar-pro3,1,success,200,,,164,0,164,3,167,393.88,2.64e-05,2026-07-21T02:57:01.604259+00:00,2026-07-21T02:57:01.997868+00:00
345,pilot,B,fiqa_sa-train-000578,fiqa_sa,upstage,solar-pro3,1,success,200,,,156,0,156,3,159,389.56,2.52e-05,2026-07-21T02:57:02.312824+00:00,2026-07-21T02:57:02.702530+00:00
346,pilot,B,fiqa_sa-train-000579,fiqa_sa,upstage,solar-pro3,1,success,200,,,162,0,162,3,165,406.61,2.61e-05,2026-07-21T02:57:03.016942+00:00,2026-07-21T02:57:03.423496+00:00
347,pilot,B,fiqa_sa-train-000593,fiqa_sa,upstage,solar-pro3,1,success,200,,,167,0,167,3,170,399.32,2.685e-05,2026-07-21T02:57:03.737914+00:00,2026-07-21T02:57:04.137051+00:00
348,pilot,B,fiqa_sa-train-000598,fiqa_sa,upstage,solar-pro3,1,success,200,,,172,0,172,3,175,466.29,2.76e-05,2026-07-21T02:57:04.451641+00:00,2026-07-21T02:57:04.917529+00:00
349,pilot,B,fiqa_sa-train-000615,fiqa_sa,upstage,solar-pro3,1,success,200,,,148,0,148,3,151,377.05,2.4e-05,2026-07-21T02:57:05.231034+00:00,2026-07-21T02:57:05.607646+00:00
350,pilot,B,fiqa_sa-train-000634,fiqa_sa,upstage,solar-pro3,1,success,200,,,148,0,148,3,151,400.69,2.4e-05,2026-07-21T02:57:05.922105+00:00,2026-07-21T02:57:06.323532+00:00
351,pilot,B,fiqa_sa-train-000637,fiqa_sa,upstage,solar-pro3,1,success,200,,,167,0,167,3,170,393.97,2.685e-05,2026-07-21T02:57:06.638813+00:00,2026-07-21T02:57:07.032353+00:00
352,pilot,B,fiqa_sa-train-000646,fiqa_sa,upstage,solar-pro3,1,success,200,,,173,0,173,3,176,560.13,2.775e-05,2026-07-21T02:57:07.346351+00:00,2026-07-21T02:57:07.906752+00:00
353,pilot,B,fiqa_sa-train-000648,fiqa_sa,upstage,solar-pro3,1,success,200,,,171,0,171,3,174,386.06,2.745e-05,2026-07-21T02:57:08.221547+00:00,2026-07-21T02:57:08.606931+00:00
354,pilot,B,fiqa_sa-train-000664,fiqa_sa,upstage,solar-pro3,1,success,200,,,164,0,164,3,167,392.28,2.64e-05,2026-07-21T02:57:08.921526+00:00,2026-07-21T02:57:09.314160+00:00
355,pilot,B,fiqa_sa-train-000674,fiqa_sa,upstage,solar-pro3,1,success,200,,,171,0,171,3,174,392.68,2.745e-05,2026-07-21T02:57:09.632536+00:00,2026-07-21T02:57:10.024844+00:00
356,pilot,B,fiqa_sa-train-000683,fiqa_sa,upstage,solar-pro3,1,success,200,,,169,0,169,3,172,400.16,2.715e-05,2026-07-21T02:57:10.339428+00:00,2026-07-21T02:57:10.740721+00:00
357,pilot,B,fiqa_sa-train-000685,fiqa_sa,upstage,solar-pro3,1,success,200,,,152,0,152,3,155,387.32,2.46e-05,2026-07-21T02:57:11.054616+00:00,2026-07-21T02:57:11.442783+00:00
358,pilot,B,fiqa_sa-train-000688,fiqa_sa,upstage,solar-pro3,1,success,200,,,170,0,170,3,173,385.04,2.73e-05,2026-07-21T02:57:11.756243+00:00,2026-07-21T02:57:12.141728+00:00
359,pilot,B,fiqa_sa-train-000691,fiqa_sa,upstage,solar-pro3,1,success,200,,,162,0,162,3,165,402.9,2.61e-05,2026-07-21T02:57:12.455484+00:00,2026-07-21T02:57:12.858513+00:00
360,pilot,B,fiqa_sa-train-000693,fiqa_sa,upstage,solar-pro3,1,success,200,,,187,0,187,3,190,419.14,2.985e-05,2026-07-21T02:57:13.172031+00:00,2026-07-21T02:57:13.590649+00:00
361,pilot,B,fiqa_sa-train-000695,fiqa_sa,upstage,solar-pro3,1,success,200,,,173,0,173,3,176,404.01,2.775e-05,2026-07-21T02:57:13.904649+00:00,2026-07-21T02:57:14.308855+00:00
362,pilot,B,fiqa_sa-train-000705,fiqa_sa,upstage,solar-pro3,1,success,200,,,172,0,172,3,175,389.82,2.76e-05,2026-07-21T02:57:14.622542+00:00,2026-07-21T02:57:15.013020+00:00
363,pilot,B,fiqa_sa-train-000707,fiqa_sa,upstage,solar-pro3,1,success,200,,,151,0,151,3,154,404.58,2.445e-05,2026-07-21T02:57:15.325968+00:00,2026-07-21T02:57:15.730570+00:00
364,pilot,B,fiqa_sa-train-000714,fiqa_sa,upstage,solar-pro3,1,success,200,,,148,0,148,3,151,386.41,2.4e-05,2026-07-21T02:57:16.044247+00:00,2026-07-21T02:57:16.430796+00:00
365,pilot,B,fiqa_sa-train-000727,fiqa_sa,upstage,solar-pro3,1,success,200,,,162,0,162,3,165,369.75,2.61e-05,2026-07-21T02:57:16.744110+00:00,2026-07-21T02:57:17.113570+00:00
366,pilot,B,fiqa_sa-train-000735,fiqa_sa,upstage,solar-pro3,1,success,200,,,153,0,153,3,156,371.6,2.475e-05,2026-07-21T02:57:17.427768+00:00,2026-07-21T02:57:17.799511+00:00
367,pilot,B,fiqa_sa-train-000744,fiqa_sa,upstage,solar-pro3,1,success,200,,,161,0,161,3,164,372.83,2.595e-05,2026-07-21T02:57:18.140707+00:00,2026-07-21T02:57:18.513245+00:00
368,pilot,B,fiqa_sa-train-000751,fiqa_sa,upstage,solar-pro3,1,success,200,,,187,0,187,3,190,393.36,2.985e-05,2026-07-21T02:57:18.828245+00:00,2026-07-21T02:57:19.221376+00:00
369,pilot,B,fiqa_sa-train-000752,fiqa_sa,upstage,solar-pro3,1,success,200,,,160,0,160,3,163,405.46,2.58e-05,2026-07-21T02:57:19.534639+00:00,2026-07-21T02:57:19.940420+00:00
370,pilot,B,fiqa_sa-train-000761,fiqa_sa,upstage,solar-pro3,1,success,200,,,155,0,155,3,158,389.08,2.505e-05,2026-07-21T02:57:20.255764+00:00,2026-07-21T02:57:20.645413+00:00
371,pilot,B,fiqa_sa-train-000768,fiqa_sa,upstage,solar-pro3,1,success,200,,,163,0,163,3,166,405.65,2.625e-05,2026-07-21T02:57:20.959338+00:00,2026-07-21T02:57:21.364959+00:00
372,pilot,B,fiqa_sa-train-000769,fiqa_sa,upstage,solar-pro3,1,success,200,,,160,0,160,3,163,387.38,2.58e-05,2026-07-21T02:57:21.679026+00:00,2026-07-21T02:57:22.066459+00:00
373,pilot,B,fiqa_sa-train-000781,fiqa_sa,upstage,solar-pro3,1,success,200,,,170,0,170,3,173,414.96,2.73e-05,2026-07-21T02:57:22.380468+00:00,2026-07-21T02:57:22.796164+00:00
374,pilot,B,fiqa_sa-train-000783,fiqa_sa,upstage,solar-pro3,1,success,200,,,171,0,171,3,174,387.89,2.745e-05,2026-07-21T02:57:23.110291+00:00,2026-07-21T02:57:23.498426+00:00
375,pilot,B,fiqa_sa-train-000787,fiqa_sa,upstage,solar-pro3,1,success,200,,,162,0,162,3,165,396.41,2.61e-05,2026-07-21T02:57:23.811782+00:00,2026-07-21T02:57:24.208476+00:00
376,pilot,B,fiqa_sa-train-000791,fiqa_sa,upstage,solar-pro3,1,success,200,,,160,0,160,3,163,408.61,2.58e-05,2026-07-21T02:57:24.523214+00:00,2026-07-21T02:57:24.931242+00:00
377,pilot,B,fiqa_sa-train-000799,fiqa_sa,upstage,solar-pro3,1,success,200,,,153,0,153,3,156,404.64,2.475e-05,2026-07-21T02:57:25.245328+00:00,2026-07-21T02:57:25.649769+00:00
378,pilot,B,fiqa_sa-train-000804,fiqa_sa,upstage,solar-pro3,1,success,200,,,174,0,174,3,177,411.45,2.79e-05,2026-07-21T02:57:25.964252+00:00,2026-07-21T02:57:26.375827+00:00
379,pilot,B,fiqa_sa-train-000806,fiqa_sa,upstage,solar-pro3,1,success,200,,,179,0,179,3,182,970.99,2.865e-05,2026-07-21T02:57:26.689950+00:00,2026-07-21T02:57:27.660736+00:00
380,pilot,B,fiqa_sa-train-000811,fiqa_sa,upstage,solar-pro3,1,success,200,,,179,0,179,3,182,392.05,2.865e-05,2026-07-21T02:57:27.974419+00:00,2026-07-21T02:57:28.367060+00:00
381,pilot,B,fiqa_sa-valid-000003,fiqa_sa,upstage,solar-pro3,1,success,200,,,147,0,147,3,150,412.24,2.385e-05,2026-07-21T02:57:28.680859+00:00,2026-07-21T02:57:29.092633+00:00
382,pilot,B,fiqa_sa-valid-000007,fiqa_sa,upstage,solar-pro3,1,success,200,,,148,0,148,3,151,393.26,2.4e-05,2026-07-21T02:57:29.407197+00:00,2026-07-21T02:57:29.800011+00:00
383,pilot,B,fiqa_sa-valid-000008,fiqa_sa,upstage,solar-pro3,1,success,200,,,157,0,157,3,160,391.29,2.535e-05,2026-07-21T02:57:30.113973+00:00,2026-07-21T02:57:30.505550+00:00
384,pilot,B,fiqa_sa-valid-000013,fiqa_sa,upstage,solar-pro3,1,success,200,,,149,0,149,3,152,387.88,2.415e-05,2026-07-21T02:57:30.821036+00:00,2026-07-21T02:57:31.209076+00:00
385,pilot,B,fiqa_sa-valid-000015,fiqa_sa,upstage,solar-pro3,1,success,200,,,153,0,153,3,156,377.66,2.475e-05,2026-07-21T02:57:31.523054+00:00,2026-07-21T02:57:31.900505+00:00
386,pilot,B,fiqa_sa-valid-000018,fiqa_sa,upstage,solar-pro3,1,success,200,,,157,0,157,3,160,387.69,2.535e-05,2026-07-21T02:57:32.213839+00:00,2026-07-21T02:57:32.600974+00:00
387,pilot,B,fiqa_sa-valid-000027,fiqa_sa,upstage,solar-pro3,1,success,200,,,153,0,153,3,156,389.11,2.475e-05,2026-07-21T02:57:32.915958+00:00,2026-07-21T02:57:33.305296+00:00
388,pilot,B,fiqa_sa-valid-000028,fiqa_sa,upstage,solar-pro3,1,success,200,,,151,0,151,3,154,388.32,2.445e-05,2026-07-21T02:57:33.619510+00:00,2026-07-21T02:57:34.007300+00:00
389,pilot,B,fiqa_sa-valid-000029,fiqa_sa,upstage,solar-pro3,1,success,200,,,151,0,151,3,154,391.66,2.445e-05,2026-07-21T02:57:34.321049+00:00,2026-07-21T02:57:34.712791+00:00
390,pilot,B,fiqa_sa-valid-000041,fiqa_sa,upstage,solar-pro3,1,success,200,,,150,0,150,3,153,395.68,2.43e-05,2026-07-21T02:57:35.027925+00:00,2026-07-21T02:57:35.423628+00:00
391,pilot,B,fiqa_sa-valid-000047,fiqa_sa,upstage,solar-pro3,1,success,200,,,161,0,161,3,164,383.38,2.595e-05,2026-07-21T02:57:35.736810+00:00,2026-07-21T02:57:36.119992+00:00
392,pilot,B,fiqa_sa-valid-000051,fiqa_sa,upstage,solar-pro3,1,success,200,,,169,0,169,3,172,926.15,2.715e-05,2026-07-21T02:57:36.433929+00:00,2026-07-21T02:57:37.360235+00:00
393,pilot,B,fiqa_sa-valid-000054,fiqa_sa,upstage,solar-pro3,1,success,200,,,177,0,177,3,180,400.61,2.835e-05,2026-07-21T02:57:37.674935+00:00,2026-07-21T02:57:38.075405+00:00
394,pilot,B,fiqa_sa-valid-000064,fiqa_sa,upstage,solar-pro3,1,success,200,,,202,0,202,3,205,381.15,3.21e-05,2026-07-21T02:57:38.388721+00:00,2026-07-21T02:57:38.769861+00:00
395,pilot,B,fiqa_sa-valid-000066,fiqa_sa,upstage,solar-pro3,1,success,200,,,177,0,177,3,180,388.18,2.835e-05,2026-07-21T02:57:39.083467+00:00,2026-07-21T02:57:39.471956+00:00
396,pilot,B,fiqa_sa-valid-000074,fiqa_sa,upstage,solar-pro3,1,success,200,,,154,0,154,3,157,404.29,2.49e-05,2026-07-21T02:57:39.785203+00:00,2026-07-21T02:57:40.189368+00:00
397,pilot,B,fiqa_sa-valid-000077,fiqa_sa,upstage,solar-pro3,1,success,200,,,163,0,163,3,166,407.32,2.625e-05,2026-07-21T02:57:40.503037+00:00,2026-07-21T02:57:40.910190+00:00
398,pilot,B,fiqa_sa-valid-000086,fiqa_sa,upstage,solar-pro3,1,success,200,,,179,0,179,3,182,393.9,2.865e-05,2026-07-21T02:57:41.224050+00:00,2026-07-21T02:57:41.618137+00:00
399,pilot,B,fiqa_sa-valid-000099,fiqa_sa,upstage,solar-pro3,1,success,200,,,177,0,177,3,180,390.33,2.835e-05,2026-07-21T02:57:41.931142+00:00,2026-07-21T02:57:42.322581+00:00
400,pilot,B,fiqa_sa-valid-000107,fiqa_sa,upstage,solar-pro3,1,success,200,,,163,0,163,3,166,407.78,2.625e-05,2026-07-21T02:57:42.655198+00:00,2026-07-21T02:57:43.062476+00:00
401,pilot,B,finqa-test-000036,finqa,upstage,solar-pro3,1,success,200,,,1272,0,1272,7,1279,601.4,0.000195,2026-07-21T02:57:43.377264+00:00,2026-07-21T02:57:43.979214+00:00
402,pilot,B,finqa-test-000042,finqa,upstage,solar-pro3,1,success,200,,,835,0,835,8,843,1077.29,0.00013005,2026-07-21T02:57:44.293821+00:00,2026-07-21T02:57:45.371075+00:00
403,pilot,B,finqa-test-000096,finqa,upstage,solar-pro3,1,success,200,,,1201,0,1201,8,1209,525.41,0.00018495,2026-07-21T02:57:45.685561+00:00,2026-07-21T02:57:46.210654+00:00
404,pilot,B,finqa-test-000263,finqa,upstage,solar-pro3,1,success,200,,,1232,0,1232,9,1241,550.03,0.0001902,2026-07-21T02:57:46.524475+00:00,2026-07-21T02:57:47.074591+00:00
405,pilot,B,finqa-test-000273,finqa,upstage,solar-pro3,1,success,200,,,1145,0,1145,7,1152,552.82,0.00017595,2026-07-21T02:57:47.388846+00:00,2026-07-21T02:57:47.941735+00:00
406,pilot,B,finqa-test-000413,finqa,upstage,solar-pro3,1,success,200,,,1037,0,1037,7,1044,533.31,0.00015975,2026-07-21T02:57:48.258311+00:00,2026-07-21T02:57:48.792194+00:00
407,pilot,B,finqa-test-000430,finqa,upstage,solar-pro3,1,success,200,,,1137,0,1137,7,1144,523.0,0.00017475,2026-07-21T02:57:49.107057+00:00,2026-07-21T02:57:49.630480+00:00
408,pilot,B,finqa-test-000483,finqa,upstage,solar-pro3,1,success,200,,,838,0,838,8,846,519.03,0.0001305,2026-07-21T02:57:49.944139+00:00,2026-07-21T02:57:50.463106+00:00
409,pilot,B,finqa-test-000490,finqa,upstage,solar-pro3,1,success,200,,,1119,0,1119,7,1126,517.32,0.00017205,2026-07-21T02:57:50.776733+00:00,2026-07-21T02:57:51.294157+00:00
410,pilot,B,finqa-test-000535,finqa,upstage,solar-pro3,1,success,200,,,999,0,999,8,1007,529.77,0.00015465,2026-07-21T02:57:51.608629+00:00,2026-07-21T02:57:52.138089+00:00
411,pilot,B,finqa-test-000562,finqa,upstage,solar-pro3,1,success,200,,,934,0,934,8,942,528.01,0.0001449,2026-07-21T02:57:52.452196+00:00,2026-07-21T02:57:52.980255+00:00
412,pilot,B,finqa-test-000577,finqa,upstage,solar-pro3,1,success,200,,,1146,0,1146,13,1159,594.02,0.0001797,2026-07-21T02:57:53.295038+00:00,2026-07-21T02:57:53.888827+00:00
413,pilot,B,finqa-test-000581,finqa,upstage,solar-pro3,1,success,200,,,1106,0,1106,6,1112,502.15,0.0001695,2026-07-21T02:57:54.203455+00:00,2026-07-21T02:57:54.705331+00:00
414,pilot,B,finqa-test-000592,finqa,upstage,solar-pro3,1,success,200,,,1132,0,1132,8,1140,531.91,0.0001746,2026-07-21T02:57:55.020812+00:00,2026-07-21T02:57:55.553115+00:00
415,pilot,B,finqa-test-000599,finqa,upstage,solar-pro3,1,success,200,,,679,0,679,8,687,1051.36,0.00010665,2026-07-21T02:57:55.867562+00:00,2026-07-21T02:57:56.919151+00:00
416,pilot,B,finqa-test-000609,finqa,upstage,solar-pro3,1,success,200,,,622,0,622,7,629,549.96,9.75e-05,2026-07-21T02:57:57.233521+00:00,2026-07-21T02:57:57.783383+00:00
417,pilot,B,finqa-test-000683,finqa,upstage,solar-pro3,1,success,200,,,915,0,915,6,921,520.01,0.00014085,2026-07-21T02:57:58.097867+00:00,2026-07-21T02:57:58.617570+00:00
418,pilot,B,finqa-test-000721,finqa,upstage,solar-pro3,1,success,200,,,1139,0,1139,6,1145,535.43,0.00017445,2026-07-21T02:57:58.931936+00:00,2026-07-21T02:57:59.467892+00:00
419,pilot,B,finqa-test-000825,finqa,upstage,solar-pro3,1,success,200,,,1408,0,1408,7,1415,608.08,0.0002154,2026-07-21T02:57:59.781413+00:00,2026-07-21T02:58:00.390034+00:00
420,pilot,B,finqa-test-000850,finqa,upstage,solar-pro3,1,success,200,,,1213,0,1213,6,1219,489.42,0.00018555,2026-07-21T02:58:00.704364+00:00,2026-07-21T02:58:01.194295+00:00
421,pilot,B,finqa-test-000869,finqa,upstage,solar-pro3,1,success,200,,,1375,0,1375,7,1382,533.06,0.00021045,2026-07-21T02:58:01.508626+00:00,2026-07-21T02:58:02.041476+00:00
422,pilot,B,finqa-test-000930,finqa,upstage,solar-pro3,1,success,200,,,1284,0,1284,8,1292,536.71,0.0001974,2026-07-21T02:58:02.356111+00:00,2026-07-21T02:58:02.892756+00:00
423,pilot,B,finqa-test-000932,finqa,upstage,solar-pro3,1,success,200,,,694,0,694,8,702,534.57,0.0001089,2026-07-21T02:58:03.206630+00:00,2026-07-21T02:58:03.741227+00:00
424,pilot,B,finqa-test-000934,finqa,upstage,solar-pro3,1,success,200,,,887,0,887,8,895,553.14,0.00013785,2026-07-21T02:58:04.055174+00:00,2026-07-21T02:58:04.607818+00:00
425,pilot,B,finqa-test-001089,finqa,upstage,solar-pro3,1,success,200,,,1143,0,1143,5,1148,443.03,0.00017445,2026-07-21T02:58:04.922261+00:00,2026-07-21T02:58:05.365058+00:00
426,pilot,B,finqa-test-001091,finqa,upstage,solar-pro3,1,success,200,,,1504,0,1504,238,1742,2909.17,0.0003684,2026-07-21T02:58:05.679300+00:00,2026-07-21T02:58:08.588987+00:00
427,pilot,B,finqa-test-001121,finqa,upstage,solar-pro3,1,success,200,,,1873,0,1873,7,1880,538.56,0.00028515,2026-07-21T02:58:08.902787+00:00,2026-07-21T02:58:09.441298+00:00
428,pilot,B,finqa-test-001139,finqa,upstage,solar-pro3,1,success,200,,,812,0,812,31,843,814.0,0.0001404,2026-07-21T02:58:09.755532+00:00,2026-07-21T02:58:10.569625+00:00
429,pilot,B,finqa-train-000021,finqa,upstage,solar-pro3,1,success,200,,,940,0,940,5,945,496.36,0.000144,2026-07-21T02:58:10.884370+00:00,2026-07-21T02:58:11.380918+00:00
430,pilot,B,finqa-train-000091,finqa,upstage,solar-pro3,1,success,200,,,1113,0,1113,12,1125,528.74,0.00017415,2026-07-21T02:58:11.695735+00:00,2026-07-21T02:58:12.224385+00:00
431,pilot,B,finqa-train-000094,finqa,upstage,solar-pro3,1,success,200,,,1715,0,1715,5,1720,501.12,0.00026025,2026-07-21T02:58:12.555464+00:00,2026-07-21T02:58:13.056200+00:00
432,pilot,B,finqa-train-000124,finqa,upstage,solar-pro3,1,success,200,,,1022,0,1022,6,1028,494.75,0.0001569,2026-07-21T02:58:13.371449+00:00,2026-07-21T02:58:13.866877+00:00
433,pilot,B,finqa-train-000146,finqa,upstage,solar-pro3,1,success,200,,,1297,0,1297,7,1304,494.82,0.00019875,2026-07-21T02:58:14.180979+00:00,2026-07-21T02:58:14.676356+00:00
434,pilot,B,finqa-train-000230,finqa,upstage,solar-pro3,1,success,200,,,1411,0,1411,8,1419,525.66,0.00021645,2026-07-21T02:58:14.990391+00:00,2026-07-21T02:58:15.516208+00:00
435,pilot,B,finqa-train-000233,finqa,upstage,solar-pro3,1,success,200,,,964,0,964,8,972,496.38,0.0001494,2026-07-21T02:58:15.829896+00:00,2026-07-21T02:58:16.325543+00:00
436,pilot,B,finqa-train-000240,finqa,upstage,solar-pro3,1,success,200,,,1216,0,1216,7,1223,534.5,0.0001866,2026-07-21T02:58:16.640161+00:00,2026-07-21T02:58:17.174977+00:00
437,pilot,B,finqa-train-000301,finqa,upstage,solar-pro3,1,success,200,,,1256,0,1256,9,1265,921.95,0.0001938,2026-07-21T02:58:17.488387+00:00,2026-07-21T02:58:18.410718+00:00
438,pilot,B,finqa-train-000409,finqa,upstage,solar-pro3,1,success,200,,,1096,0,1096,7,1103,511.59,0.0001686,2026-07-21T02:58:18.724408+00:00,2026-07-21T02:58:19.235907+00:00
439,pilot,B,finqa-train-000521,finqa,upstage,solar-pro3,1,success,200,,,753,0,753,7,760,462.85,0.00011715,2026-07-21T02:58:19.551566+00:00,2026-07-21T02:58:20.014356+00:00
440,pilot,B,finqa-train-000538,finqa,upstage,solar-pro3,1,success,200,,,713,0,713,3,716,483.54,0.00010875,2026-07-21T02:58:20.327948+00:00,2026-07-21T02:58:20.811978+00:00
441,pilot,B,finqa-train-000556,finqa,upstage,solar-pro3,1,success,200,,,1719,0,1719,9,1728,570.12,0.00026325,2026-07-21T02:58:21.127587+00:00,2026-07-21T02:58:21.697952+00:00
442,pilot,B,finqa-train-000557,finqa,upstage,solar-pro3,1,success,200,,,712,0,712,9,721,485.6,0.0001122,2026-07-21T02:58:22.012518+00:00,2026-07-21T02:58:22.498479+00:00
443,pilot,B,finqa-train-000641,finqa,upstage,solar-pro3,1,success,200,,,829,0,829,8,837,1029.48,0.00012915,2026-07-21T02:58:22.812554+00:00,2026-07-21T02:58:23.842034+00:00
444,pilot,B,finqa-train-000665,finqa,upstage,solar-pro3,1,success,200,,,904,0,904,8,912,522.47,0.0001404,2026-07-21T02:58:24.156331+00:00,2026-07-21T02:58:24.679384+00:00
445,pilot,B,finqa-train-000749,finqa,upstage,solar-pro3,1,success,200,,,1064,0,1064,6,1070,512.46,0.0001632,2026-07-21T02:58:24.993122+00:00,2026-07-21T02:58:25.505650+00:00
446,pilot,B,finqa-train-000759,finqa,upstage,solar-pro3,1,success,200,,,950,0,950,7,957,486.42,0.0001467,2026-07-21T02:58:25.820385+00:00,2026-07-21T02:58:26.307220+00:00
447,pilot,B,finqa-train-000766,finqa,upstage,solar-pro3,1,success,200,,,930,0,930,9,939,526.63,0.0001449,2026-07-21T02:58:26.621754+00:00,2026-07-21T02:58:27.148532+00:00
448,pilot,B,finqa-train-000809,finqa,upstage,solar-pro3,1,success,200,,,934,0,934,7,941,520.72,0.0001443,2026-07-21T02:58:27.463049+00:00,2026-07-21T02:58:27.984313+00:00
449,pilot,B,finqa-train-000857,finqa,upstage,solar-pro3,1,success,200,,,1049,0,1049,6,1055,493.17,0.00016095,2026-07-21T02:58:28.298527+00:00,2026-07-21T02:58:28.791365+00:00
450,pilot,B,finqa-train-000898,finqa,upstage,solar-pro3,1,success,200,,,1605,0,1605,6,1611,521.62,0.00024435,2026-07-21T02:58:29.106018+00:00,2026-07-21T02:58:29.626919+00:00
451,pilot,B,finqa-train-000942,finqa,upstage,solar-pro3,1,success,200,,,1375,0,1375,32,1407,761.48,0.00022545,2026-07-21T02:58:29.941091+00:00,2026-07-21T02:58:30.702994+00:00
452,pilot,B,finqa-train-000973,finqa,upstage,solar-pro3,1,success,200,,,703,0,703,7,710,507.42,0.00010965,2026-07-21T02:58:31.016680+00:00,2026-07-21T02:58:31.524332+00:00
453,pilot,B,finqa-train-000975,finqa,upstage,solar-pro3,1,success,200,,,1288,0,1288,4,1292,462.98,0.0001956,2026-07-21T02:58:31.838367+00:00,2026-07-21T02:58:32.300955+00:00
454,pilot,B,finqa-train-000981,finqa,upstage,solar-pro3,1,success,200,,,769,0,769,13,782,538.79,0.00012315,2026-07-21T02:58:32.615137+00:00,2026-07-21T02:58:33.153738+00:00
455,pilot,B,finqa-train-001018,finqa,upstage,solar-pro3,1,success,200,,,1238,0,1238,6,1244,517.21,0.0001893,2026-07-21T02:58:33.467577+00:00,2026-07-21T02:58:33.984831+00:00
456,pilot,B,finqa-train-001048,finqa,upstage,solar-pro3,1,success,200,,,683,0,683,14,697,535.12,0.00011085,2026-07-21T02:58:34.300599+00:00,2026-07-21T02:58:34.835192+00:00
457,pilot,B,finqa-train-001148,finqa,upstage,solar-pro3,1,success,200,,,973,0,973,6,979,484.35,0.00014955,2026-07-21T02:58:35.149215+00:00,2026-07-21T02:58:35.633574+00:00
458,pilot,B,finqa-train-001241,finqa,upstage,solar-pro3,1,success,200,,,1438,0,1438,7,1445,514.94,0.0002199,2026-07-21T02:58:35.947145+00:00,2026-07-21T02:58:36.461746+00:00
459,pilot,B,finqa-train-001246,finqa,upstage,solar-pro3,1,success,200,,,1375,0,1375,7,1382,1037.11,0.00021045,2026-07-21T02:58:36.775413+00:00,2026-07-21T02:58:37.811774+00:00
460,pilot,B,finqa-train-001304,finqa,upstage,solar-pro3,1,success,200,,,1867,0,1867,7,1874,509.53,0.00028425,2026-07-21T02:58:38.127228+00:00,2026-07-21T02:58:38.636966+00:00
461,pilot,B,finqa-train-001347,finqa,upstage,solar-pro3,1,success,200,,,881,0,881,70,951,1191.31,0.00017415,2026-07-21T02:58:38.950481+00:00,2026-07-21T02:58:40.141889+00:00
462,pilot,B,finqa-train-001356,finqa,upstage,solar-pro3,1,success,200,,,343,0,343,9,352,480.34,5.685e-05,2026-07-21T02:58:40.456862+00:00,2026-07-21T02:58:40.937021+00:00
463,pilot,B,finqa-train-001404,finqa,upstage,solar-pro3,1,success,200,,,1612,0,1612,6,1618,521.45,0.0002454,2026-07-21T02:58:41.285516+00:00,2026-07-21T02:58:41.806736+00:00
464,pilot,B,finqa-train-001416,finqa,upstage,solar-pro3,1,success,200,,,989,0,989,7,996,529.14,0.00015255,2026-07-21T02:58:42.121975+00:00,2026-07-21T02:58:42.651686+00:00
465,pilot,B,finqa-train-001442,finqa,upstage,solar-pro3,1,success,200,,,1341,0,1341,4,1345,502.27,0.00020355,2026-07-21T02:58:42.965590+00:00,2026-07-21T02:58:43.468326+00:00
466,pilot,B,finqa-train-001455,finqa,upstage,solar-pro3,1,success,200,,,732,0,732,8,740,516.07,0.0001146,2026-07-21T02:58:43.782296+00:00,2026-07-21T02:58:44.298875+00:00
467,pilot,B,finqa-train-001554,finqa,upstage,solar-pro3,1,success,200,,,692,0,692,5,697,491.59,0.0001068,2026-07-21T02:58:44.613167+00:00,2026-07-21T02:58:45.104790+00:00
468,pilot,B,finqa-train-001573,finqa,upstage,solar-pro3,1,success,200,,,1170,0,1170,7,1177,540.35,0.0001797,2026-07-21T02:58:45.418402+00:00,2026-07-21T02:58:45.958697+00:00
469,pilot,B,finqa-train-001680,finqa,upstage,solar-pro3,1,success,200,,,1473,0,1473,6,1479,473.5,0.00022455,2026-07-21T02:58:46.273883+00:00,2026-07-21T02:58:46.746725+00:00
470,pilot,B,finqa-train-001696,finqa,upstage,solar-pro3,1,success,200,,,903,0,903,59,962,1084.07,0.00017085,2026-07-21T02:58:47.061140+00:00,2026-07-21T02:58:48.144865+00:00
471,pilot,B,finqa-train-001740,finqa,upstage,solar-pro3,1,success,200,,,698,0,698,9,707,500.6,0.0001101,2026-07-21T02:58:48.459406+00:00,2026-07-21T02:58:48.960325+00:00
472,pilot,B,finqa-train-001772,finqa,upstage,solar-pro3,1,success,200,,,1009,0,1009,7,1016,1079.54,0.00015555,2026-07-21T02:58:49.274712+00:00,2026-07-21T02:58:50.354593+00:00
473,pilot,B,finqa-train-001794,finqa,upstage,solar-pro3,1,success,200,,,1259,0,1259,256,1515,2636.81,0.00034245,2026-07-21T02:58:50.668419+00:00,2026-07-21T02:58:53.305711+00:00
474,pilot,B,finqa-train-001902,finqa,upstage,solar-pro3,1,success,200,,,750,0,750,6,756,405.96,0.0001161,2026-07-21T02:58:53.620509+00:00,2026-07-21T02:58:54.026112+00:00
475,pilot,B,finqa-train-001925,finqa,upstage,solar-pro3,1,success,200,,,1477,0,1477,7,1484,561.07,0.00022575,2026-07-21T02:58:54.340072+00:00,2026-07-21T02:58:54.901216+00:00
476,pilot,B,finqa-train-001955,finqa,upstage,solar-pro3,1,success,200,,,1573,0,1573,9,1582,628.33,0.00024135,2026-07-21T02:58:55.214469+00:00,2026-07-21T02:58:55.843076+00:00
477,pilot,B,finqa-train-001979,finqa,upstage,solar-pro3,1,success,200,,,846,0,846,8,854,547.91,0.0001317,2026-07-21T02:58:56.156925+00:00,2026-07-21T02:58:56.705482+00:00
478,pilot,B,finqa-train-002123,finqa,upstage,solar-pro3,1,success,200,,,1670,0,1670,7,1677,609.7,0.0002547,2026-07-21T02:58:57.019624+00:00,2026-07-21T02:58:57.628406+00:00
479,pilot,B,finqa-train-002159,finqa,upstage,solar-pro3,1,success,200,,,1002,0,1002,11,1013,1117.22,0.0001569,2026-07-21T02:58:57.944277+00:00,2026-07-21T02:58:59.060960+00:00
480,pilot,B,finqa-train-002163,finqa,upstage,solar-pro3,1,success,200,,,1210,0,1210,242,1452,2703.96,0.0003267,2026-07-21T02:58:59.375125+00:00,2026-07-21T02:59:02.079033+00:00
481,pilot,B,finqa-train-002181,finqa,upstage,solar-pro3,1,success,200,,,1021,0,1021,8,1029,2097.12,0.00015795,2026-07-21T02:59:02.393159+00:00,2026-07-21T02:59:04.490680+00:00
482,pilot,B,finqa-train-002189,finqa,upstage,solar-pro3,1,success,200,,,658,0,658,7,665,507.97,0.0001029,2026-07-21T02:59:04.804478+00:00,2026-07-21T02:59:05.312217+00:00
483,pilot,B,finqa-train-002260,finqa,upstage,solar-pro3,1,success,200,,,906,0,906,5,911,497.58,0.0001389,2026-07-21T02:59:05.626532+00:00,2026-07-21T02:59:06.124076+00:00
484,pilot,B,finqa-train-002276,finqa,upstage,solar-pro3,1,success,200,,,988,0,988,6,994,511.53,0.0001518,2026-07-21T02:59:06.438426+00:00,2026-07-21T02:59:06.950046+00:00
485,pilot,B,finqa-train-002410,finqa,upstage,solar-pro3,1,success,200,,,1102,0,1102,6,1108,520.99,0.0001689,2026-07-21T02:59:07.264278+00:00,2026-07-21T02:59:07.785070+00:00
486,pilot,B,finqa-train-002417,finqa,upstage,solar-pro3,1,success,200,,,1018,0,1018,5,1023,488.43,0.0001557,2026-07-21T02:59:08.099273+00:00,2026-07-21T02:59:08.588508+00:00
487,pilot,B,finqa-train-002428,finqa,upstage,solar-pro3,1,success,200,,,1039,0,1039,7,1046,504.09,0.00016005,2026-07-21T02:59:08.902930+00:00,2026-07-21T02:59:09.408085+00:00
488,pilot,B,finqa-train-002431,finqa,upstage,solar-pro3,1,success,200,,,1283,0,1283,5,1288,1028.95,0.00019545,2026-07-21T02:59:09.722761+00:00,2026-07-21T02:59:10.750843+00:00
489,pilot,B,finqa-train-002437,finqa,upstage,solar-pro3,1,success,200,,,1180,0,1180,7,1187,525.62,0.0001812,2026-07-21T02:59:11.065477+00:00,2026-07-21T02:59:11.590270+00:00
490,pilot,B,finqa-train-002449,finqa,upstage,solar-pro3,1,success,200,,,888,0,888,8,896,505.04,0.000138,2026-07-21T02:59:11.904823+00:00,2026-07-21T02:59:12.410632+00:00
491,pilot,B,finqa-train-002506,finqa,upstage,solar-pro3,1,success,200,,,1155,0,1155,12,1167,585.49,0.00018045,2026-07-21T02:59:12.724451+00:00,2026-07-21T02:59:13.309926+00:00
492,pilot,B,finqa-train-002527,finqa,upstage,solar-pro3,1,success,200,,,882,0,882,6,888,515.76,0.0001359,2026-07-21T02:59:13.624890+00:00,2026-07-21T02:59:14.141371+00:00
493,pilot,B,finqa-train-002546,finqa,upstage,solar-pro3,1,success,200,,,1360,0,1360,5,1365,500.16,0.000207,2026-07-21T02:59:14.454883+00:00,2026-07-21T02:59:14.954857+00:00
494,pilot,B,finqa-train-002649,finqa,upstage,solar-pro3,1,success,200,,,1141,0,1141,6,1147,1034.94,0.00017475,2026-07-21T02:59:15.269370+00:00,2026-07-21T02:59:16.304520+00:00
495,pilot,B,finqa-train-002689,finqa,upstage,solar-pro3,1,success,200,,,1411,0,1411,8,1419,523.73,0.00021645,2026-07-21T02:59:16.618290+00:00,2026-07-21T02:59:17.141517+00:00
496,pilot,B,finqa-train-002747,finqa,upstage,solar-pro3,1,success,200,,,1461,0,1461,26,1487,645.91,0.00023475,2026-07-21T02:59:17.455751+00:00,2026-07-21T02:59:18.101549+00:00
497,pilot,B,finqa-train-002771,finqa,upstage,solar-pro3,1,success,200,,,1417,0,1417,7,1424,491.52,0.00021675,2026-07-21T02:59:18.415356+00:00,2026-07-21T02:59:18.907263+00:00
498,pilot,B,finqa-train-002799,finqa,upstage,solar-pro3,1,success,200,,,738,0,738,90,828,1100.17,0.0001647,2026-07-21T02:59:19.225498+00:00,2026-07-21T02:59:20.326338+00:00
499,pilot,B,finqa-train-002812,finqa,upstage,solar-pro3,1,success,200,,,1284,0,1284,256,1540,2276.01,0.0003462,2026-07-21T02:59:20.640087+00:00,2026-07-21T02:59:22.915995+00:00
500,pilot,B,finqa-train-002880,finqa,upstage,solar-pro3,1,success,200,,,830,0,830,12,842,507.73,0.0001317,2026-07-21T02:59:23.230301+00:00,2026-07-21T02:59:23.738180+00:00
501,pilot,B,finqa-train-002884,finqa,upstage,solar-pro3,1,success,200,,,1158,0,1158,256,1414,2337.11,0.0003273,2026-07-21T02:59:24.054075+00:00,2026-07-21T02:59:26.390243+00:00
502,pilot,B,finqa-train-003143,finqa,upstage,solar-pro3,1,success,200,,,1783,0,1783,7,1790,554.35,0.00027165,2026-07-21T02:59:26.705694+00:00,2026-07-21T02:59:27.259523+00:00
503,pilot,B,finqa-train-003289,finqa,upstage,solar-pro3,1,success,200,,,1521,0,1521,11,1532,1049.0,0.00023475,2026-07-21T02:59:27.574332+00:00,2026-07-21T02:59:28.623565+00:00
504,pilot,B,finqa-train-003319,finqa,upstage,solar-pro3,1,success,200,,,808,0,808,7,815,515.34,0.0001254,2026-07-21T02:59:28.938107+00:00,2026-07-21T02:59:29.453178+00:00
505,pilot,B,finqa-train-003383,finqa,upstage,solar-pro3,1,success,200,,,1693,0,1693,5,1698,511.25,0.00025695,2026-07-21T02:59:29.768285+00:00,2026-07-21T02:59:30.280174+00:00
506,pilot,B,finqa-train-003386,finqa,upstage,solar-pro3,1,success,200,,,1051,0,1051,6,1057,506.46,0.00016125,2026-07-21T02:59:30.593680+00:00,2026-07-21T02:59:31.100478+00:00
507,pilot,B,finqa-train-003428,finqa,upstage,solar-pro3,1,success,200,,,1191,0,1191,7,1198,573.66,0.00018285,2026-07-21T02:59:31.414935+00:00,2026-07-21T02:59:31.989225+00:00
508,pilot,B,finqa-train-003474,finqa,upstage,solar-pro3,1,success,200,,,853,0,853,7,860,500.38,0.00013215,2026-07-21T02:59:32.303388+00:00,2026-07-21T02:59:32.803742+00:00
509,pilot,B,finqa-train-003520,finqa,upstage,solar-pro3,1,success,200,,,1207,0,1207,14,1221,1074.89,0.00018945,2026-07-21T02:59:33.118364+00:00,2026-07-21T02:59:34.193188+00:00
510,pilot,B,finqa-train-003581,finqa,upstage,solar-pro3,1,success,200,,,1175,0,1175,7,1182,517.88,0.00018045,2026-07-21T02:59:34.507220+00:00,2026-07-21T02:59:35.025126+00:00
511,pilot,B,finqa-train-003625,finqa,upstage,solar-pro3,1,success,200,,,1311,0,1311,6,1317,511.55,0.00020025,2026-07-21T02:59:35.339196+00:00,2026-07-21T02:59:35.850834+00:00
512,pilot,B,finqa-train-003652,finqa,upstage,solar-pro3,1,success,200,,,2045,0,2045,5,2050,508.56,0.00030975,2026-07-21T02:59:36.164980+00:00,2026-07-21T02:59:36.673906+00:00
513,pilot,B,finqa-train-003656,finqa,upstage,solar-pro3,1,success,200,,,1359,0,1359,6,1365,519.16,0.00020745,2026-07-21T02:59:36.988435+00:00,2026-07-21T02:59:37.507421+00:00
514,pilot,B,finqa-train-003817,finqa,upstage,solar-pro3,1,success,200,,,898,0,898,9,907,474.3,0.0001401,2026-07-21T02:59:37.822651+00:00,2026-07-21T02:59:38.297127+00:00
515,pilot,B,finqa-train-003938,finqa,upstage,solar-pro3,1,success,200,,,1481,0,1481,7,1488,1037.14,0.00022635,2026-07-21T02:59:38.611830+00:00,2026-07-21T02:59:39.649178+00:00
516,pilot,B,finqa-train-003940,finqa,upstage,solar-pro3,1,success,200,,,1037,0,1037,7,1044,505.99,0.00015975,2026-07-21T02:59:39.963776+00:00,2026-07-21T02:59:40.469559+00:00
517,pilot,B,finqa-train-003942,finqa,upstage,solar-pro3,1,success,200,,,873,0,873,58,931,942.42,0.00016575,2026-07-21T02:59:40.784996+00:00,2026-07-21T02:59:41.728010+00:00
518,pilot,B,finqa-train-003943,finqa,upstage,solar-pro3,1,success,200,,,1379,0,1379,7,1386,564.97,0.00021105,2026-07-21T02:59:42.041495+00:00,2026-07-21T02:59:42.607151+00:00
519,pilot,B,finqa-train-003949,finqa,upstage,solar-pro3,1,success,200,,,921,0,921,6,927,504.91,0.00014175,2026-07-21T02:59:42.920833+00:00,2026-07-21T02:59:43.425656+00:00
520,pilot,B,finqa-train-003954,finqa,upstage,solar-pro3,1,success,200,,,1020,0,1020,5,1025,480.79,0.000156,2026-07-21T02:59:43.740951+00:00,2026-07-21T02:59:44.221538+00:00
521,pilot,B,finqa-train-003968,finqa,upstage,solar-pro3,1,success,200,,,788,0,788,3,791,465.53,0.00012,2026-07-21T02:59:44.534936+00:00,2026-07-21T02:59:44.999907+00:00
522,pilot,B,finqa-train-004007,finqa,upstage,solar-pro3,1,success,200,,,786,0,786,7,793,575.32,0.0001221,2026-07-21T02:59:45.314551+00:00,2026-07-21T02:59:45.889829+00:00
523,pilot,B,finqa-train-004036,finqa,upstage,solar-pro3,1,success,200,,,1503,0,1503,7,1510,531.28,0.00022965,2026-07-21T02:59:46.204084+00:00,2026-07-21T02:59:46.735359+00:00
524,pilot,B,finqa-train-004101,finqa,upstage,solar-pro3,1,success,200,,,1050,0,1050,5,1055,426.22,0.0001605,2026-07-21T02:59:47.049956+00:00,2026-07-21T02:59:47.476622+00:00
525,pilot,B,finqa-train-004135,finqa,upstage,solar-pro3,1,success,200,,,1152,0,1152,5,1157,1004.47,0.0001758,2026-07-21T02:59:47.791357+00:00,2026-07-21T02:59:48.796113+00:00
526,pilot,B,finqa-train-004137,finqa,upstage,solar-pro3,1,success,200,,,1894,0,1894,6,1900,536.6,0.0002877,2026-07-21T02:59:49.111384+00:00,2026-07-21T02:59:49.647248+00:00
527,pilot,B,finqa-train-004145,finqa,upstage,solar-pro3,1,success,200,,,1209,0,1209,6,1215,529.88,0.00018495,2026-07-21T02:59:49.962528+00:00,2026-07-21T02:59:50.492071+00:00
528,pilot,B,finqa-train-004151,finqa,upstage,solar-pro3,1,success,200,,,1095,0,1095,6,1101,524.6,0.00016785,2026-07-21T02:59:50.812756+00:00,2026-07-21T02:59:51.337290+00:00
529,pilot,B,finqa-train-004176,finqa,upstage,solar-pro3,1,success,200,,,1217,0,1217,5,1222,501.96,0.00018555,2026-07-21T02:59:51.651795+00:00,2026-07-21T02:59:52.154294+00:00
530,pilot,B,finqa-train-004304,finqa,upstage,solar-pro3,1,success,200,,,1227,0,1227,90,1317,1377.74,0.00023805,2026-07-21T02:59:52.468433+00:00,2026-07-21T02:59:53.846475+00:00
531,pilot,B,finqa-train-004390,finqa,upstage,solar-pro3,1,success,200,,,1092,0,1092,5,1097,1046.05,0.0001668,2026-07-21T02:59:54.161303+00:00,2026-07-21T02:59:55.207527+00:00
532,pilot,B,finqa-train-004393,finqa,upstage,solar-pro3,1,success,200,,,1532,0,1532,7,1539,524.51,0.000234,2026-07-21T02:59:55.521126+00:00,2026-07-21T02:59:56.046231+00:00
533,pilot,B,finqa-train-004407,finqa,upstage,solar-pro3,1,success,200,,,1994,0,1994,7,2001,519.19,0.0003033,2026-07-21T02:59:56.359868+00:00,2026-07-21T02:59:56.878833+00:00
534,pilot,B,finqa-train-004417,finqa,upstage,solar-pro3,1,success,200,,,1328,0,1328,7,1335,512.16,0.0002034,2026-07-21T02:59:57.193530+00:00,2026-07-21T02:59:57.705539+00:00
535,pilot,B,finqa-train-004448,finqa,upstage,solar-pro3,1,success,200,,,913,0,913,7,920,535.23,0.00014115,2026-07-21T02:59:58.020295+00:00,2026-07-21T02:59:58.555860+00:00
536,pilot,B,finqa-train-004513,finqa,upstage,solar-pro3,1,success,200,,,850,0,850,8,858,525.85,0.0001323,2026-07-21T02:59:58.870075+00:00,2026-07-21T02:59:59.396551+00:00
537,pilot,B,finqa-train-004545,finqa,upstage,solar-pro3,1,success,200,,,1223,0,1223,76,1299,1255.7,0.00022905,2026-07-21T02:59:59.710347+00:00,2026-07-21T03:00:00.965570+00:00
538,pilot,B,finqa-train-004562,finqa,upstage,solar-pro3,1,success,200,,,1160,0,1160,7,1167,569.3,0.0001782,2026-07-21T03:00:01.279608+00:00,2026-07-21T03:00:01.849854+00:00
539,pilot,B,finqa-train-004590,finqa,upstage,solar-pro3,1,success,200,,,662,0,662,7,669,529.0,0.0001035,2026-07-21T03:00:02.165267+00:00,2026-07-21T03:00:02.693871+00:00
540,pilot,B,finqa-train-004680,finqa,upstage,solar-pro3,1,success,200,,,733,0,733,25,758,657.37,0.00012495,2026-07-21T03:00:03.009180+00:00,2026-07-21T03:00:03.665835+00:00
541,pilot,B,finqa-train-004725,finqa,upstage,solar-pro3,1,success,200,,,959,0,959,6,965,491.87,0.00014745,2026-07-21T03:00:03.980999+00:00,2026-07-21T03:00:04.473214+00:00
542,pilot,B,finqa-train-004799,finqa,upstage,solar-pro3,1,success,200,,,898,0,898,8,906,535.63,0.0001395,2026-07-21T03:00:04.787163+00:00,2026-07-21T03:00:05.323688+00:00
543,pilot,B,finqa-train-004800,finqa,upstage,solar-pro3,1,success,200,,,1204,0,1204,16,1220,1099.06,0.0001902,2026-07-21T03:00:05.638212+00:00,2026-07-21T03:00:06.737567+00:00
544,pilot,B,finqa-train-004860,finqa,upstage,solar-pro3,1,success,200,,,753,0,753,6,759,1047.35,0.00011655,2026-07-21T03:00:07.051781+00:00,2026-07-21T03:00:08.099427+00:00
545,pilot,B,finqa-train-004871,finqa,upstage,solar-pro3,1,success,200,,,1422,0,1422,6,1428,543.27,0.0002169,2026-07-21T03:00:08.414505+00:00,2026-07-21T03:00:08.957988+00:00
546,pilot,B,finqa-train-004894,finqa,upstage,solar-pro3,1,success,200,,,1227,0,1227,5,1232,531.86,0.00018705,2026-07-21T03:00:09.272103+00:00,2026-07-21T03:00:09.803656+00:00
547,pilot,B,finqa-train-004899,finqa,upstage,solar-pro3,1,success,200,,,1503,0,1503,7,1510,535.58,0.00022965,2026-07-21T03:00:10.151812+00:00,2026-07-21T03:00:10.687739+00:00
548,pilot,B,finqa-train-004929,finqa,upstage,solar-pro3,1,success,200,,,868,0,868,8,876,511.56,0.000135,2026-07-21T03:00:11.001253+00:00,2026-07-21T03:00:11.512202+00:00
549,pilot,B,finqa-train-004951,finqa,upstage,solar-pro3,1,success,200,,,1523,0,1523,7,1530,1127.55,0.00023265,2026-07-21T03:00:11.829305+00:00,2026-07-21T03:00:12.956147+00:00
550,pilot,B,finqa-train-005000,finqa,upstage,solar-pro3,1,success,200,,,897,0,897,8,905,526.13,0.00013935,2026-07-21T03:00:13.271843+00:00,2026-07-21T03:00:13.798768+00:00
551,pilot,B,finqa-train-005047,finqa,upstage,solar-pro3,1,success,200,,,1039,0,1039,7,1046,712.16,0.00016005,2026-07-21T03:00:14.112408+00:00,2026-07-21T03:00:14.825080+00:00
552,pilot,B,finqa-train-005118,finqa,upstage,solar-pro3,1,success,200,,,1349,0,1349,6,1355,523.95,0.00020595,2026-07-21T03:00:15.139854+00:00,2026-07-21T03:00:15.663906+00:00
553,pilot,B,finqa-train-005161,finqa,upstage,solar-pro3,1,success,200,,,865,0,865,6,871,501.0,0.00013335,2026-07-21T03:00:15.978980+00:00,2026-07-21T03:00:16.479539+00:00
554,pilot,B,finqa-train-005186,finqa,upstage,solar-pro3,1,success,200,,,603,0,603,8,611,657.55,9.525e-05,2026-07-21T03:00:16.795053+00:00,2026-07-21T03:00:17.452562+00:00
555,pilot,B,finqa-train-005214,finqa,upstage,solar-pro3,1,success,200,,,1335,0,1335,7,1342,517.71,0.00020445,2026-07-21T03:00:17.767646+00:00,2026-07-21T03:00:18.285944+00:00
556,pilot,B,finqa-train-005259,finqa,upstage,solar-pro3,1,success,200,,,1068,0,1068,6,1074,523.17,0.0001638,2026-07-21T03:00:18.600017+00:00,2026-07-21T03:00:19.123429+00:00
557,pilot,B,finqa-train-005286,finqa,upstage,solar-pro3,1,success,200,,,1565,0,1565,6,1571,533.0,0.00023835,2026-07-21T03:00:19.443803+00:00,2026-07-21T03:00:19.976892+00:00
558,pilot,B,finqa-train-005376,finqa,upstage,solar-pro3,1,success,200,,,1024,0,1024,6,1030,520.4,0.0001572,2026-07-21T03:00:20.291679+00:00,2026-07-21T03:00:20.812573+00:00
559,pilot,B,finqa-train-005462,finqa,upstage,solar-pro3,1,success,200,,,570,0,570,6,576,531.77,8.91e-05,2026-07-21T03:00:21.127325+00:00,2026-07-21T03:00:21.658705+00:00
560,pilot,B,finqa-train-005468,finqa,upstage,solar-pro3,1,success,200,,,1052,0,1052,6,1058,495.09,0.0001614,2026-07-21T03:00:21.973569+00:00,2026-07-21T03:00:22.468986+00:00
561,pilot,B,finqa-train-005721,finqa,upstage,solar-pro3,1,success,200,,,1283,0,1283,6,1289,521.72,0.00019605,2026-07-21T03:00:22.783121+00:00,2026-07-21T03:00:23.304644+00:00
562,pilot,B,finqa-train-005743,finqa,upstage,solar-pro3,1,success,200,,,1693,0,1693,7,1700,765.67,0.00025815,2026-07-21T03:00:23.619015+00:00,2026-07-21T03:00:24.384452+00:00
563,pilot,B,finqa-train-005747,finqa,upstage,solar-pro3,1,success,200,,,1143,0,1143,7,1150,549.23,0.00017565,2026-07-21T03:00:24.701337+00:00,2026-07-21T03:00:25.250713+00:00
564,pilot,B,finqa-train-005749,finqa,upstage,solar-pro3,1,success,200,,,1312,0,1312,5,1317,463.87,0.0001998,2026-07-21T03:00:25.564998+00:00,2026-07-21T03:00:26.029096+00:00
565,pilot,B,finqa-train-005757,finqa,upstage,solar-pro3,1,success,200,,,1552,0,1552,256,1808,2310.2,0.0003864,2026-07-21T03:00:26.344388+00:00,2026-07-21T03:00:28.653647+00:00
566,pilot,B,finqa-train-005765,finqa,upstage,solar-pro3,1,success,200,,,1197,0,1197,7,1204,529.33,0.00018375,2026-07-21T03:00:28.968544+00:00,2026-07-21T03:00:29.497419+00:00
567,pilot,B,finqa-train-005768,finqa,upstage,solar-pro3,1,success,200,,,1245,0,1245,6,1251,515.1,0.00019035,2026-07-21T03:00:29.813262+00:00,2026-07-21T03:00:30.328333+00:00
568,pilot,B,finqa-train-005783,finqa,upstage,solar-pro3,1,success,200,,,1703,0,1703,7,1710,531.49,0.00025965,2026-07-21T03:00:30.644419+00:00,2026-07-21T03:00:31.175856+00:00
569,pilot,B,finqa-train-005793,finqa,upstage,solar-pro3,1,success,200,,,1994,0,1994,9,2003,547.87,0.0003045,2026-07-21T03:00:31.499832+00:00,2026-07-21T03:00:32.048378+00:00
570,pilot,B,finqa-train-005815,finqa,upstage,solar-pro3,1,success,200,,,1475,0,1475,25,1500,672.72,0.00023625,2026-07-21T03:00:32.363219+00:00,2026-07-21T03:00:33.035577+00:00
571,pilot,B,finqa-train-005834,finqa,upstage,solar-pro3,1,success,200,,,1529,0,1529,5,1534,527.63,0.00023235,2026-07-21T03:00:33.350170+00:00,2026-07-21T03:00:33.878573+00:00
572,pilot,B,finqa-train-005958,finqa,upstage,solar-pro3,1,success,200,,,1190,0,1190,7,1197,537.09,0.0001827,2026-07-21T03:00:34.193745+00:00,2026-07-21T03:00:34.730200+00:00
573,pilot,B,finqa-train-006024,finqa,upstage,solar-pro3,1,success,200,,,1111,0,1111,27,1138,677.71,0.00018285,2026-07-21T03:00:35.044302+00:00,2026-07-21T03:00:35.722035+00:00
574,pilot,B,finqa-train-006042,finqa,upstage,solar-pro3,1,success,200,,,803,0,803,9,812,570.64,0.00012585,2026-07-21T03:00:36.036326+00:00,2026-07-21T03:00:36.607802+00:00
575,pilot,B,finqa-train-006106,finqa,upstage,solar-pro3,1,success,200,,,1750,0,1750,7,1757,629.02,0.0002667,2026-07-21T03:00:36.923483+00:00,2026-07-21T03:00:37.551809+00:00
576,pilot,B,finqa-train-006150,finqa,upstage,solar-pro3,1,success,200,,,1157,0,1157,6,1163,514.84,0.00017715,2026-07-21T03:00:37.867617+00:00,2026-07-21T03:00:38.382322+00:00
577,pilot,B,finqa-train-006159,finqa,upstage,solar-pro3,1,success,200,,,1517,0,1517,125,1642,2109.98,0.00030255,2026-07-21T03:00:38.696617+00:00,2026-07-21T03:00:40.806002+00:00
578,pilot,B,finqa-train-006172,finqa,upstage,solar-pro3,1,success,200,,,1214,0,1214,6,1220,519.09,0.0001857,2026-07-21T03:00:41.120071+00:00,2026-07-21T03:00:41.639683+00:00
579,pilot,B,finqa-train-006209,finqa,upstage,solar-pro3,1,success,200,,,1118,0,1118,8,1126,617.99,0.0001725,2026-07-21T03:00:41.955081+00:00,2026-07-21T03:00:42.573185+00:00
580,pilot,B,finqa-valid-000036,finqa,upstage,solar-pro3,1,success,200,,,1179,0,1179,7,1186,515.99,0.00018105,2026-07-21T03:00:42.888415+00:00,2026-07-21T03:00:43.404773+00:00
581,pilot,B,finqa-valid-000037,finqa,upstage,solar-pro3,1,success,200,,,2221,0,2221,9,2230,536.98,0.00033855,2026-07-21T03:00:43.719812+00:00,2026-07-21T03:00:44.256395+00:00
582,pilot,B,finqa-valid-000051,finqa,upstage,solar-pro3,1,success,200,,,1020,0,1020,6,1026,515.73,0.0001566,2026-07-21T03:00:44.571435+00:00,2026-07-21T03:00:45.087146+00:00
583,pilot,B,finqa-valid-000064,finqa,upstage,solar-pro3,1,success,200,,,1303,0,1303,10,1313,636.99,0.00020145,2026-07-21T03:00:45.402216+00:00,2026-07-21T03:00:46.040002+00:00
584,pilot,B,finqa-valid-000146,finqa,upstage,solar-pro3,1,success,200,,,1550,0,1550,9,1559,596.09,0.0002379,2026-07-21T03:00:46.356411+00:00,2026-07-21T03:00:46.951715+00:00
585,pilot,B,finqa-valid-000154,finqa,upstage,solar-pro3,1,success,200,,,1285,0,1285,7,1292,509.39,0.00019695,2026-07-21T03:00:47.267383+00:00,2026-07-21T03:00:47.776912+00:00
586,pilot,B,finqa-valid-000273,finqa,upstage,solar-pro3,1,success,200,,,1094,0,1094,6,1100,517.85,0.0001677,2026-07-21T03:00:48.091790+00:00,2026-07-21T03:00:48.609471+00:00
587,pilot,B,finqa-valid-000324,finqa,upstage,solar-pro3,1,success,200,,,750,0,750,8,758,486.95,0.0001173,2026-07-21T03:00:48.924367+00:00,2026-07-21T03:00:49.412140+00:00
588,pilot,B,finqa-valid-000340,finqa,upstage,solar-pro3,1,success,200,,,845,0,845,8,853,717.58,0.00013155,2026-07-21T03:00:49.725614+00:00,2026-07-21T03:00:50.442911+00:00
589,pilot,B,finqa-valid-000381,finqa,upstage,solar-pro3,1,success,200,,,1038,0,1038,7,1045,530.89,0.0001599,2026-07-21T03:00:50.784992+00:00,2026-07-21T03:00:51.316618+00:00
590,pilot,B,finqa-valid-000453,finqa,upstage,solar-pro3,1,success,200,,,765,0,765,7,772,581.58,0.00011895,2026-07-21T03:00:51.630420+00:00,2026-07-21T03:00:52.211534+00:00
591,pilot,B,finqa-valid-000458,finqa,upstage,solar-pro3,1,success,200,,,733,0,733,13,746,512.59,0.00011775,2026-07-21T03:00:52.526474+00:00,2026-07-21T03:00:53.039361+00:00
592,pilot,B,finqa-valid-000496,finqa,upstage,solar-pro3,1,success,200,,,1139,0,1139,131,1270,1928.6,0.00024945,2026-07-21T03:00:53.353997+00:00,2026-07-21T03:00:55.282591+00:00
593,pilot,B,finqa-valid-000542,finqa,upstage,solar-pro3,1,success,200,,,925,0,925,50,975,1620.0,0.00016875,2026-07-21T03:00:55.598039+00:00,2026-07-21T03:00:57.217852+00:00
594,pilot,B,finqa-valid-000605,finqa,upstage,solar-pro3,1,success,200,,,642,0,642,7,649,527.65,0.0001005,2026-07-21T03:00:57.532433+00:00,2026-07-21T03:00:58.060571+00:00
595,pilot,B,finqa-valid-000659,finqa,upstage,solar-pro3,1,success,200,,,1059,0,1059,8,1067,567.32,0.00016365,2026-07-21T03:00:58.375920+00:00,2026-07-21T03:00:58.943502+00:00
596,pilot,B,finqa-valid-000709,finqa,upstage,solar-pro3,1,success,200,,,1200,0,1200,6,1206,532.27,0.0001836,2026-07-21T03:00:59.256889+00:00,2026-07-21T03:00:59.789593+00:00
597,pilot,B,finqa-valid-000730,finqa,upstage,solar-pro3,1,success,200,,,1291,0,1291,5,1296,523.68,0.00019665,2026-07-21T03:01:00.103450+00:00,2026-07-21T03:01:00.627030+00:00
598,pilot,B,finqa-valid-000813,finqa,upstage,solar-pro3,1,success,200,,,1468,0,1468,5,1473,508.02,0.0002232,2026-07-21T03:01:00.942556+00:00,2026-07-21T03:01:01.450444+00:00
599,pilot,B,finqa-valid-000817,finqa,upstage,solar-pro3,1,success,200,,,1579,0,1579,7,1586,544.8,0.00024105,2026-07-21T03:01:01.763999+00:00,2026-07-21T03:01:02.308747+00:00
600,pilot,B,finqa-valid-000877,finqa,upstage,solar-pro3,1,success,200,,,1014,0,1014,6,1020,633.42,0.0001557,2026-07-21T03:01:02.624056+00:00,2026-07-21T03:01:03.257098+00:00
601,pilot,B,financial_mmlu_ko-test-000002,financial_mmlu_ko,upstage,solar-pro3,1,success,200,,,218,0,218,3,221,412.84,3.45e-05,2026-07-21T03:01:03.572375+00:00,2026-07-21T03:01:03.985555+00:00
602,pilot,B,financial_mmlu_ko-test-000004,financial_mmlu_ko,upstage,solar-pro3,1,success,200,,,206,0,206,3,209,485.14,3.27e-05,2026-07-21T03:01:04.300994+00:00,2026-07-21T03:01:04.785815+00:00
603,pilot,B,financial_mmlu_ko-test-000007,financial_mmlu_ko,upstage,solar-pro3,1,success,200,,,191,0,191,3,194,418.87,3.045e-05,2026-07-21T03:01:05.099830+00:00,2026-07-21T03:01:05.519093+00:00
604,pilot,B,financial_mmlu_ko-test-000009,financial_mmlu_ko,upstage,solar-pro3,1,success,200,,,184,0,184,3,187,394.02,2.94e-05,2026-07-21T03:01:05.834113+00:00,2026-07-21T03:01:06.227812+00:00
605,pilot,B,financial_mmlu_ko-test-000010,financial_mmlu_ko,upstage,solar-pro3,1,success,200,,,205,0,205,3,208,949.04,3.255e-05,2026-07-21T03:01:06.543806+00:00,2026-07-21T03:01:07.492412+00:00
606,pilot,B,financial_mmlu_ko-test-000012,financial_mmlu_ko,upstage,solar-pro3,1,success,200,,,222,0,222,3,225,385.68,3.51e-05,2026-07-21T03:01:07.807362+00:00,2026-07-21T03:01:08.193115+00:00
607,pilot,B,financial_mmlu_ko-test-000013,financial_mmlu_ko,upstage,solar-pro3,1,success,200,,,216,0,216,3,219,390.43,3.42e-05,2026-07-21T03:01:08.508461+00:00,2026-07-21T03:01:08.898506+00:00
608,pilot,B,financial_mmlu_ko-test-000015,financial_mmlu_ko,upstage,solar-pro3,1,success,200,,,161,0,161,3,164,399.86,2.595e-05,2026-07-21T03:01:09.214727+00:00,2026-07-21T03:01:09.615144+00:00
609,pilot,B,financial_mmlu_ko-test-000020,financial_mmlu_ko,upstage,solar-pro3,1,success,200,,,167,0,167,3,170,413.85,2.685e-05,2026-07-21T03:01:09.932297+00:00,2026-07-21T03:01:10.346385+00:00
610,pilot,B,financial_mmlu_ko-test-000024,financial_mmlu_ko,upstage,solar-pro3,1,success,200,,,230,0,230,3,233,407.04,3.63e-05,2026-07-21T03:01:10.660803+00:00,2026-07-21T03:01:11.067619+00:00
611,pilot,B,financial_mmlu_ko-test-000025,financial_mmlu_ko,upstage,solar-pro3,1,success,200,,,222,0,222,3,225,416.41,3.51e-05,2026-07-21T03:01:11.382445+00:00,2026-07-21T03:01:11.798661+00:00
612,pilot,B,financial_mmlu_ko-test-000027,financial_mmlu_ko,upstage,solar-pro3,1,success,200,,,221,0,221,3,224,391.16,3.495e-05,2026-07-21T03:01:12.113230+00:00,2026-07-21T03:01:12.504970+00:00
613,pilot,B,financial_mmlu_ko-test-000028,financial_mmlu_ko,upstage,solar-pro3,1,success,200,,,227,0,227,3,230,394.76,3.585e-05,2026-07-21T03:01:12.819951+00:00,2026-07-21T03:01:13.214856+00:00
614,pilot,B,financial_mmlu_ko-test-000030,financial_mmlu_ko,upstage,solar-pro3,1,success,200,,,165,0,165,3,168,397.94,2.655e-05,2026-07-21T03:01:13.530187+00:00,2026-07-21T03:01:13.929215+00:00
615,pilot,B,financial_mmlu_ko-test-000031,financial_mmlu_ko,upstage,solar-pro3,1,success,200,,,177,0,177,3,180,397.47,2.835e-05,2026-07-21T03:01:14.242909+00:00,2026-07-21T03:01:14.639718+00:00
616,pilot,B,financial_mmlu_ko-test-000032,financial_mmlu_ko,upstage,solar-pro3,1,success,200,,,171,0,171,3,174,396.16,2.745e-05,2026-07-21T03:01:14.955317+00:00,2026-07-21T03:01:15.351322+00:00
617,pilot,B,financial_mmlu_ko-test-000033,financial_mmlu_ko,upstage,solar-pro3,1,success,200,,,214,0,214,3,217,419.75,3.39e-05,2026-07-21T03:01:15.667488+00:00,2026-07-21T03:01:16.087416+00:00
618,pilot,B,financial_mmlu_ko-test-000035,financial_mmlu_ko,upstage,solar-pro3,1,success,200,,,190,0,190,3,193,407.04,3.03e-05,2026-07-21T03:01:16.402809+00:00,2026-07-21T03:01:16.810143+00:00
619,pilot,B,financial_mmlu_ko-test-000036,financial_mmlu_ko,upstage,solar-pro3,1,success,200,,,184,0,184,3,187,484.54,2.94e-05,2026-07-21T03:01:17.124724+00:00,2026-07-21T03:01:17.609746+00:00
620,pilot,B,financial_mmlu_ko-test-000038,financial_mmlu_ko,upstage,solar-pro3,1,success,200,,,210,0,210,3,213,398.0,3.33e-05,2026-07-21T03:01:17.923543+00:00,2026-07-21T03:01:18.321320+00:00
621,pilot,B,financial_mmlu_ko-test-000040,financial_mmlu_ko,upstage,solar-pro3,1,success,200,,,199,0,199,3,202,396.58,3.165e-05,2026-07-21T03:01:18.636407+00:00,2026-07-21T03:01:19.033650+00:00
622,pilot,B,financial_mmlu_ko-test-000041,financial_mmlu_ko,upstage,solar-pro3,1,success,200,,,172,0,172,3,175,533.6,2.76e-05,2026-07-21T03:01:19.348436+00:00,2026-07-21T03:01:19.882793+00:00
623,pilot,B,financial_mmlu_ko-test-000043,financial_mmlu_ko,upstage,solar-pro3,1,success,200,,,201,0,201,3,204,394.6,3.195e-05,2026-07-21T03:01:20.199177+00:00,2026-07-21T03:01:20.593627+00:00
624,pilot,B,financial_mmlu_ko-test-000044,financial_mmlu_ko,upstage,solar-pro3,1,success,200,,,199,0,199,3,202,419.75,3.165e-05,2026-07-21T03:01:20.907959+00:00,2026-07-21T03:01:21.327604+00:00
625,pilot,B,financial_mmlu_ko-test-000048,financial_mmlu_ko,upstage,solar-pro3,1,success,200,,,179,0,179,3,182,944.86,2.865e-05,2026-07-21T03:01:21.641666+00:00,2026-07-21T03:01:22.586737+00:00
626,pilot,B,financial_mmlu_ko-test-000052,financial_mmlu_ko,upstage,solar-pro3,1,success,200,,,180,0,180,3,183,399.44,2.88e-05,2026-07-21T03:01:22.901487+00:00,2026-07-21T03:01:23.300837+00:00
627,pilot,B,financial_mmlu_ko-test-000054,financial_mmlu_ko,upstage,solar-pro3,1,success,200,,,170,0,170,3,173,398.54,2.73e-05,2026-07-21T03:01:23.615933+00:00,2026-07-21T03:01:24.014155+00:00
628,pilot,B,financial_mmlu_ko-test-000057,financial_mmlu_ko,upstage,solar-pro3,1,success,200,,,199,0,199,3,202,401.64,3.165e-05,2026-07-21T03:01:24.329607+00:00,2026-07-21T03:01:24.731751+00:00
629,pilot,B,financial_mmlu_ko-test-000059,financial_mmlu_ko,upstage,solar-pro3,1,success,200,,,160,0,160,3,163,389.26,2.58e-05,2026-07-21T03:01:25.046418+00:00,2026-07-21T03:01:25.435985+00:00
630,pilot,B,financial_mmlu_ko-test-000065,financial_mmlu_ko,upstage,solar-pro3,1,success,200,,,195,0,195,3,198,396.87,3.105e-05,2026-07-21T03:01:25.751268+00:00,2026-07-21T03:01:26.148367+00:00
631,pilot,B,financial_mmlu_ko-test-000068,financial_mmlu_ko,upstage,solar-pro3,1,success,200,,,161,0,161,3,164,399.07,2.595e-05,2026-07-21T03:01:26.462702+00:00,2026-07-21T03:01:26.862405+00:00
632,pilot,B,financial_mmlu_ko-test-000070,financial_mmlu_ko,upstage,solar-pro3,1,success,200,,,206,0,206,3,209,996.23,3.27e-05,2026-07-21T03:01:27.178014+00:00,2026-07-21T03:01:28.173784+00:00
633,pilot,B,financial_mmlu_ko-test-000079,financial_mmlu_ko,upstage,solar-pro3,1,success,200,,,165,0,165,3,168,449.33,2.655e-05,2026-07-21T03:01:28.488929+00:00,2026-07-21T03:01:28.937989+00:00
634,pilot,B,financial_mmlu_ko-test-000083,financial_mmlu_ko,upstage,solar-pro3,1,success,200,,,193,0,193,3,196,392.56,3.075e-05,2026-07-21T03:01:29.252979+00:00,2026-07-21T03:01:29.645371+00:00
635,pilot,B,financial_mmlu_ko-test-000088,financial_mmlu_ko,upstage,solar-pro3,1,success,200,,,157,0,157,3,160,953.67,2.535e-05,2026-07-21T03:01:29.960318+00:00,2026-07-21T03:01:30.914367+00:00
636,pilot,B,financial_mmlu_ko-test-000091,financial_mmlu_ko,upstage,solar-pro3,1,success,200,,,169,0,169,3,172,410.28,2.715e-05,2026-07-21T03:01:31.230126+00:00,2026-07-21T03:01:31.640557+00:00
637,pilot,B,financial_mmlu_ko-test-000092,financial_mmlu_ko,upstage,solar-pro3,1,success,200,,,171,0,171,3,174,388.08,2.745e-05,2026-07-21T03:01:31.956237+00:00,2026-07-21T03:01:32.344001+00:00
638,pilot,B,financial_mmlu_ko-test-000095,financial_mmlu_ko,upstage,solar-pro3,1,success,200,,,214,0,214,3,217,413.84,3.39e-05,2026-07-21T03:01:32.660034+00:00,2026-07-21T03:01:33.074490+00:00
639,pilot,B,financial_mmlu_ko-test-000096,financial_mmlu_ko,upstage,solar-pro3,1,success,200,,,181,0,181,3,184,407.64,2.895e-05,2026-07-21T03:01:33.389010+00:00,2026-07-21T03:01:33.796714+00:00
640,pilot,B,financial_mmlu_ko-test-000097,financial_mmlu_ko,upstage,solar-pro3,1,success,200,,,166,0,166,3,169,394.78,2.67e-05,2026-07-21T03:01:34.111561+00:00,2026-07-21T03:01:34.506184+00:00
641,pilot,B,financial_mmlu_ko-test-000100,financial_mmlu_ko,upstage,solar-pro3,1,success,200,,,156,0,156,3,159,416.17,2.52e-05,2026-07-21T03:01:34.823275+00:00,2026-07-21T03:01:35.239727+00:00
642,pilot,B,financial_mmlu_ko-test-000102,financial_mmlu_ko,upstage,solar-pro3,1,success,200,,,158,0,158,3,161,401.22,2.55e-05,2026-07-21T03:01:35.554788+00:00,2026-07-21T03:01:35.955890+00:00
643,pilot,B,financial_mmlu_ko-test-000104,financial_mmlu_ko,upstage,solar-pro3,1,success,200,,,193,0,193,3,196,417.59,3.075e-05,2026-07-21T03:01:36.270403+00:00,2026-07-21T03:01:36.688093+00:00
644,pilot,B,financial_mmlu_ko-test-000105,financial_mmlu_ko,upstage,solar-pro3,1,success,200,,,174,0,174,3,177,394.5,2.79e-05,2026-07-21T03:01:37.003054+00:00,2026-07-21T03:01:37.397093+00:00
645,pilot,B,financial_mmlu_ko-test-000106,financial_mmlu_ko,upstage,solar-pro3,1,success,200,,,202,0,202,3,205,418.81,3.21e-05,2026-07-21T03:01:37.714050+00:00,2026-07-21T03:01:38.133127+00:00
646,pilot,B,financial_mmlu_ko-test-000108,financial_mmlu_ko,upstage,solar-pro3,1,success,200,,,248,0,248,3,251,415.6,3.9e-05,2026-07-21T03:01:38.447930+00:00,2026-07-21T03:01:38.862968+00:00
647,pilot,B,financial_mmlu_ko-test-000109,financial_mmlu_ko,upstage,solar-pro3,1,success,200,,,182,0,182,3,185,407.21,2.91e-05,2026-07-21T03:01:39.178165+00:00,2026-07-21T03:01:39.585647+00:00
648,pilot,B,financial_mmlu_ko-test-000113,financial_mmlu_ko,upstage,solar-pro3,1,success,200,,,197,0,197,3,200,394.74,3.135e-05,2026-07-21T03:01:39.901110+00:00,2026-07-21T03:01:40.295106+00:00
649,pilot,B,financial_mmlu_ko-test-000116,financial_mmlu_ko,upstage,solar-pro3,1,success,200,,,192,0,192,3,195,416.48,3.06e-05,2026-07-21T03:01:40.611248+00:00,2026-07-21T03:01:41.028507+00:00
650,pilot,B,financial_mmlu_ko-test-000117,financial_mmlu_ko,upstage,solar-pro3,1,success,200,,,195,0,195,3,198,408.17,3.105e-05,2026-07-21T03:01:41.342643+00:00,2026-07-21T03:01:41.751814+00:00
651,pilot,B,financial_mmlu_ko-test-000118,financial_mmlu_ko,upstage,solar-pro3,1,success,200,,,213,0,213,3,216,471.69,3.375e-05,2026-07-21T03:01:42.066104+00:00,2026-07-21T03:01:42.538283+00:00
652,pilot,B,financial_mmlu_ko-test-000120,financial_mmlu_ko,upstage,solar-pro3,1,success,200,,,211,0,211,3,214,414.01,3.345e-05,2026-07-21T03:01:42.853236+00:00,2026-07-21T03:01:43.267340+00:00
653,pilot,B,financial_mmlu_ko-test-000121,financial_mmlu_ko,upstage,solar-pro3,1,success,200,,,165,0,165,3,168,393.76,2.655e-05,2026-07-21T03:01:43.583754+00:00,2026-07-21T03:01:43.977443+00:00
654,pilot,B,financial_mmlu_ko-test-000124,financial_mmlu_ko,upstage,solar-pro3,1,success,200,,,221,0,221,3,224,419.84,3.495e-05,2026-07-21T03:01:44.314547+00:00,2026-07-21T03:01:44.734594+00:00
655,pilot,B,financial_mmlu_ko-test-000126,financial_mmlu_ko,upstage,solar-pro3,1,success,200,,,166,0,166,3,169,402.33,2.67e-05,2026-07-21T03:01:45.051143+00:00,2026-07-21T03:01:45.452557+00:00
656,pilot,B,financial_mmlu_ko-test-000128,financial_mmlu_ko,upstage,solar-pro3,1,success,200,,,222,0,222,3,225,414.04,3.51e-05,2026-07-21T03:01:45.767445+00:00,2026-07-21T03:01:46.181397+00:00
657,pilot,B,financial_mmlu_ko-test-000130,financial_mmlu_ko,upstage,solar-pro3,1,success,200,,,182,0,182,3,185,421.6,2.91e-05,2026-07-21T03:01:46.496724+00:00,2026-07-21T03:01:46.919132+00:00
658,pilot,B,financial_mmlu_ko-test-000131,financial_mmlu_ko,upstage,solar-pro3,1,success,200,,,213,0,213,3,216,410.2,3.375e-05,2026-07-21T03:01:47.234147+00:00,2026-07-21T03:01:47.643760+00:00
659,pilot,B,financial_mmlu_ko-test-000134,financial_mmlu_ko,upstage,solar-pro3,1,success,200,,,211,0,211,3,214,417.51,3.345e-05,2026-07-21T03:01:47.958253+00:00,2026-07-21T03:01:48.376437+00:00
660,pilot,B,financial_mmlu_ko-test-000136,financial_mmlu_ko,upstage,solar-pro3,1,success,200,,,205,0,205,3,208,404.08,3.255e-05,2026-07-21T03:01:48.691849+00:00,2026-07-21T03:01:49.096350+00:00
661,pilot,B,financial_mmlu_ko-test-000138,financial_mmlu_ko,upstage,solar-pro3,1,success,200,,,191,0,191,3,194,407.1,3.045e-05,2026-07-21T03:01:49.410162+00:00,2026-07-21T03:01:49.817094+00:00
662,pilot,B,financial_mmlu_ko-test-000141,financial_mmlu_ko,upstage,solar-pro3,1,success,200,,,192,0,192,3,195,396.79,3.06e-05,2026-07-21T03:01:50.132693+00:00,2026-07-21T03:01:50.528979+00:00
663,pilot,B,financial_mmlu_ko-test-000143,financial_mmlu_ko,upstage,solar-pro3,1,success,200,,,193,0,193,3,196,452.33,3.075e-05,2026-07-21T03:01:50.843459+00:00,2026-07-21T03:01:51.296272+00:00
664,pilot,B,financial_mmlu_ko-test-000145,financial_mmlu_ko,upstage,solar-pro3,1,success,200,,,190,0,190,3,193,413.99,3.03e-05,2026-07-21T03:01:51.612959+00:00,2026-07-21T03:01:52.026915+00:00
665,pilot,B,financial_mmlu_ko-test-000147,financial_mmlu_ko,upstage,solar-pro3,1,success,200,,,226,0,226,3,229,555.56,3.57e-05,2026-07-21T03:01:52.341547+00:00,2026-07-21T03:01:52.896714+00:00
666,pilot,B,financial_mmlu_ko-test-000151,financial_mmlu_ko,upstage,solar-pro3,1,success,200,,,161,0,161,3,164,403.18,2.595e-05,2026-07-21T03:01:53.212064+00:00,2026-07-21T03:01:53.615769+00:00
667,pilot,B,financial_mmlu_ko-test-000152,financial_mmlu_ko,upstage,solar-pro3,1,success,200,,,209,0,209,3,212,486.13,3.315e-05,2026-07-21T03:01:53.931184+00:00,2026-07-21T03:01:54.417287+00:00
668,pilot,B,financial_mmlu_ko-test-000153,financial_mmlu_ko,upstage,solar-pro3,1,success,200,,,213,0,213,3,216,402.93,3.375e-05,2026-07-21T03:01:54.732706+00:00,2026-07-21T03:01:55.135113+00:00
669,pilot,B,financial_mmlu_ko-test-000156,financial_mmlu_ko,upstage,solar-pro3,1,success,200,,,234,0,234,3,237,432.02,3.69e-05,2026-07-21T03:01:55.450121+00:00,2026-07-21T03:01:55.882773+00:00
670,pilot,B,financial_mmlu_ko-test-000158,financial_mmlu_ko,upstage,solar-pro3,1,success,200,,,213,0,213,3,216,474.11,3.375e-05,2026-07-21T03:01:56.216868+00:00,2026-07-21T03:01:56.691044+00:00
671,pilot,B,financial_mmlu_ko-test-000160,financial_mmlu_ko,upstage,solar-pro3,1,success,200,,,197,0,197,3,200,394.26,3.135e-05,2026-07-21T03:01:57.007038+00:00,2026-07-21T03:01:57.400469+00:00
672,pilot,B,financial_mmlu_ko-test-000161,financial_mmlu_ko,upstage,solar-pro3,1,success,200,,,192,0,192,3,195,414.9,3.06e-05,2026-07-21T03:01:57.715855+00:00,2026-07-21T03:01:58.130566+00:00
673,pilot,B,financial_mmlu_ko-test-000162,financial_mmlu_ko,upstage,solar-pro3,1,success,200,,,211,0,211,3,214,444.36,3.345e-05,2026-07-21T03:01:58.446587+00:00,2026-07-21T03:01:58.890818+00:00
674,pilot,B,financial_mmlu_ko-test-000164,financial_mmlu_ko,upstage,solar-pro3,1,success,200,,,233,0,233,3,236,390.2,3.675e-05,2026-07-21T03:01:59.205509+00:00,2026-07-21T03:01:59.596022+00:00
675,pilot,B,financial_mmlu_ko-test-000167,financial_mmlu_ko,upstage,solar-pro3,1,success,200,,,187,0,187,3,190,406.9,2.985e-05,2026-07-21T03:01:59.912683+00:00,2026-07-21T03:02:00.319786+00:00
676,pilot,B,financial_mmlu_ko-test-000169,financial_mmlu_ko,upstage,solar-pro3,1,success,200,,,206,0,206,3,209,412.98,3.27e-05,2026-07-21T03:02:00.634241+00:00,2026-07-21T03:02:01.047873+00:00
677,pilot,B,financial_mmlu_ko-test-000172,financial_mmlu_ko,upstage,solar-pro3,1,success,200,,,239,0,239,3,242,404.35,3.765e-05,2026-07-21T03:02:01.362988+00:00,2026-07-21T03:02:01.767399+00:00
678,pilot,B,financial_mmlu_ko-test-000173,financial_mmlu_ko,upstage,solar-pro3,1,success,200,,,244,0,244,3,247,394.53,3.84e-05,2026-07-21T03:02:02.082943+00:00,2026-07-21T03:02:02.476886+00:00
679,pilot,B,financial_mmlu_ko-test-000175,financial_mmlu_ko,upstage,solar-pro3,1,success,200,,,193,0,193,3,196,400.71,3.075e-05,2026-07-21T03:02:02.791720+00:00,2026-07-21T03:02:03.193502+00:00
680,pilot,B,financial_mmlu_ko-test-000177,financial_mmlu_ko,upstage,solar-pro3,1,success,200,,,236,0,236,3,239,401.85,3.72e-05,2026-07-21T03:02:03.508579+00:00,2026-07-21T03:02:03.910456+00:00
681,pilot,B,financial_mmlu_ko-test-000181,financial_mmlu_ko,upstage,solar-pro3,1,success,200,,,236,0,236,3,239,467.71,3.72e-05,2026-07-21T03:02:04.225562+00:00,2026-07-21T03:02:04.692837+00:00
682,pilot,B,financial_mmlu_ko-test-000182,financial_mmlu_ko,upstage,solar-pro3,1,success,200,,,192,0,192,3,195,402.34,3.06e-05,2026-07-21T03:02:05.011625+00:00,2026-07-21T03:02:05.413711+00:00
683,pilot,B,financial_mmlu_ko-test-000188,financial_mmlu_ko,upstage,solar-pro3,1,success,200,,,177,0,177,3,180,387.54,2.835e-05,2026-07-21T03:02:05.759686+00:00,2026-07-21T03:02:06.146521+00:00
684,pilot,B,financial_mmlu_ko-test-000192,financial_mmlu_ko,upstage,solar-pro3,1,success,200,,,197,0,197,3,200,399.58,3.135e-05,2026-07-21T03:02:06.461960+00:00,2026-07-21T03:02:06.862416+00:00
685,pilot,B,financial_mmlu_ko-test-000193,financial_mmlu_ko,upstage,solar-pro3,1,success,200,,,217,0,217,3,220,413.73,3.435e-05,2026-07-21T03:02:07.179544+00:00,2026-07-21T03:02:07.592574+00:00
686,pilot,B,financial_mmlu_ko-test-000194,financial_mmlu_ko,upstage,solar-pro3,1,success,200,,,207,0,207,3,210,400.26,3.285e-05,2026-07-21T03:02:07.908783+00:00,2026-07-21T03:02:08.309062+00:00
687,pilot,B,financial_mmlu_ko-test-000197,financial_mmlu_ko,upstage,solar-pro3,1,success,200,,,230,0,230,3,233,442.6,3.63e-05,2026-07-21T03:02:08.623897+00:00,2026-07-21T03:02:09.067280+00:00
688,pilot,B,financial_mmlu_ko-test-000200,financial_mmlu_ko,upstage,solar-pro3,1,success,200,,,205,0,205,3,208,410.12,3.255e-05,2026-07-21T03:02:09.381511+00:00,2026-07-21T03:02:09.791961+00:00
689,pilot,B,financial_mmlu_ko-test-000203,financial_mmlu_ko,upstage,solar-pro3,1,success,200,,,189,0,189,3,192,417.24,3.015e-05,2026-07-21T03:02:10.106640+00:00,2026-07-21T03:02:10.523318+00:00
690,pilot,B,financial_mmlu_ko-test-000210,financial_mmlu_ko,upstage,solar-pro3,1,success,200,,,206,0,206,3,209,419.51,3.27e-05,2026-07-21T03:02:10.838722+00:00,2026-07-21T03:02:11.257561+00:00
691,pilot,B,financial_mmlu_ko-test-000214,financial_mmlu_ko,upstage,solar-pro3,1,success,200,,,217,0,217,3,220,401.05,3.435e-05,2026-07-21T03:02:11.572757+00:00,2026-07-21T03:02:11.973505+00:00
692,pilot,B,financial_mmlu_ko-test-000216,financial_mmlu_ko,upstage,solar-pro3,1,success,200,,,210,0,210,3,213,408.66,3.33e-05,2026-07-21T03:02:12.290228+00:00,2026-07-21T03:02:12.698424+00:00
693,pilot,B,financial_mmlu_ko-test-000219,financial_mmlu_ko,upstage,solar-pro3,1,success,200,,,208,0,208,3,211,403.13,3.3e-05,2026-07-21T03:02:13.013139+00:00,2026-07-21T03:02:13.416655+00:00
694,pilot,B,financial_mmlu_ko-test-000221,financial_mmlu_ko,upstage,solar-pro3,1,success,200,,,166,0,166,3,169,405.97,2.67e-05,2026-07-21T03:02:13.730944+00:00,2026-07-21T03:02:14.136916+00:00
695,pilot,B,financial_mmlu_ko-test-000223,financial_mmlu_ko,upstage,solar-pro3,1,success,200,,,220,0,220,3,223,410.78,3.48e-05,2026-07-21T03:02:14.450930+00:00,2026-07-21T03:02:14.861889+00:00
696,pilot,B,financial_mmlu_ko-test-000224,financial_mmlu_ko,upstage,solar-pro3,1,success,200,,,205,0,205,3,208,398.52,3.255e-05,2026-07-21T03:02:15.176755+00:00,2026-07-21T03:02:15.575225+00:00
697,pilot,B,financial_mmlu_ko-test-000225,financial_mmlu_ko,upstage,solar-pro3,1,success,200,,,194,0,194,3,197,400.12,3.09e-05,2026-07-21T03:02:15.889529+00:00,2026-07-21T03:02:16.289672+00:00
698,pilot,B,financial_mmlu_ko-test-000227,financial_mmlu_ko,upstage,solar-pro3,1,success,200,,,182,0,182,3,185,391.11,2.91e-05,2026-07-21T03:02:16.604766+00:00,2026-07-21T03:02:16.996301+00:00
699,pilot,B,financial_mmlu_ko-test-000229,financial_mmlu_ko,upstage,solar-pro3,1,success,200,,,207,0,207,3,210,531.08,3.285e-05,2026-07-21T03:02:17.311491+00:00,2026-07-21T03:02:17.843208+00:00
700,pilot,B,financial_mmlu_ko-test-000230,financial_mmlu_ko,upstage,solar-pro3,1,success,200,,,203,0,203,3,206,409.43,3.225e-05,2026-07-21T03:02:18.158153+00:00,2026-07-21T03:02:18.567152+00:00
701,pilot,B,financial_mmlu_ko-test-000234,financial_mmlu_ko,upstage,solar-pro3,1,success,200,,,222,0,222,3,225,384.28,3.51e-05,2026-07-21T03:02:18.882296+00:00,2026-07-21T03:02:19.265899+00:00
702,pilot,B,financial_mmlu_ko-test-000235,financial_mmlu_ko,upstage,solar-pro3,1,success,200,,,231,0,231,3,234,383.81,3.645e-05,2026-07-21T03:02:19.581021+00:00,2026-07-21T03:02:19.964971+00:00
703,pilot,B,financial_mmlu_ko-test-000236,financial_mmlu_ko,upstage,solar-pro3,1,success,200,,,210,0,210,3,213,396.64,3.33e-05,2026-07-21T03:02:20.279718+00:00,2026-07-21T03:02:20.676417+00:00
704,pilot,B,financial_mmlu_ko-test-000237,financial_mmlu_ko,upstage,solar-pro3,1,success,200,,,211,0,211,3,214,418.18,3.345e-05,2026-07-21T03:02:20.991384+00:00,2026-07-21T03:02:21.410019+00:00
705,pilot,B,financial_mmlu_ko-test-000241,financial_mmlu_ko,upstage,solar-pro3,1,success,200,,,156,0,156,3,159,383.77,2.52e-05,2026-07-21T03:02:21.725981+00:00,2026-07-21T03:02:22.109840+00:00
706,pilot,B,financial_mmlu_ko-test-000242,financial_mmlu_ko,upstage,solar-pro3,1,success,200,,,191,0,191,3,194,767.73,3.045e-05,2026-07-21T03:02:22.425525+00:00,2026-07-21T03:02:23.192474+00:00
707,pilot,B,financial_mmlu_ko-test-000243,financial_mmlu_ko,upstage,solar-pro3,1,success,200,,,212,0,212,3,215,479.06,3.36e-05,2026-07-21T03:02:23.507929+00:00,2026-07-21T03:02:23.987094+00:00
708,pilot,B,financial_mmlu_ko-test-000244,financial_mmlu_ko,upstage,solar-pro3,1,success,200,,,218,0,218,3,221,388.66,3.45e-05,2026-07-21T03:02:24.302415+00:00,2026-07-21T03:02:24.691164+00:00
709,pilot,B,financial_mmlu_ko-test-000245,financial_mmlu_ko,upstage,solar-pro3,1,success,200,,,205,0,205,3,208,468.54,3.255e-05,2026-07-21T03:02:25.007428+00:00,2026-07-21T03:02:25.476005+00:00
710,pilot,B,financial_mmlu_ko-test-000246,financial_mmlu_ko,upstage,solar-pro3,1,success,200,,,204,0,204,3,207,399.87,3.24e-05,2026-07-21T03:02:25.791201+00:00,2026-07-21T03:02:26.191116+00:00
711,pilot,B,financial_mmlu_ko-test-000247,financial_mmlu_ko,upstage,solar-pro3,1,success,200,,,224,0,224,3,227,392.07,3.54e-05,2026-07-21T03:02:26.505971+00:00,2026-07-21T03:02:26.898244+00:00
712,pilot,B,financial_mmlu_ko-test-000249,financial_mmlu_ko,upstage,solar-pro3,1,success,200,,,163,0,163,3,166,418.88,2.625e-05,2026-07-21T03:02:27.214476+00:00,2026-07-21T03:02:27.632878+00:00
713,pilot,B,financial_mmlu_ko-test-000252,financial_mmlu_ko,upstage,solar-pro3,1,success,200,,,212,0,212,3,215,398.0,3.36e-05,2026-07-21T03:02:27.949566+00:00,2026-07-21T03:02:28.347390+00:00
714,pilot,B,financial_mmlu_ko-test-000253,financial_mmlu_ko,upstage,solar-pro3,1,success,200,,,211,0,211,3,214,383.25,3.345e-05,2026-07-21T03:02:28.662666+00:00,2026-07-21T03:02:29.045914+00:00
715,pilot,B,financial_mmlu_ko-test-000257,financial_mmlu_ko,upstage,solar-pro3,1,success,200,,,222,0,222,3,225,393.91,3.51e-05,2026-07-21T03:02:29.361290+00:00,2026-07-21T03:02:29.755215+00:00
716,pilot,B,financial_mmlu_ko-test-000259,financial_mmlu_ko,upstage,solar-pro3,1,success,200,,,217,0,217,3,220,383.63,3.435e-05,2026-07-21T03:02:30.070584+00:00,2026-07-21T03:02:30.454851+00:00
717,pilot,B,financial_mmlu_ko-test-000260,financial_mmlu_ko,upstage,solar-pro3,1,success,200,,,182,0,182,3,185,389.39,2.91e-05,2026-07-21T03:02:30.770134+00:00,2026-07-21T03:02:31.159738+00:00
718,pilot,B,financial_mmlu_ko-test-000262,financial_mmlu_ko,upstage,solar-pro3,1,success,200,,,191,0,191,3,194,641.03,3.045e-05,2026-07-21T03:02:31.477264+00:00,2026-07-21T03:02:32.118202+00:00
719,pilot,B,financial_mmlu_ko-test-000264,financial_mmlu_ko,upstage,solar-pro3,1,success,200,,,182,0,182,3,185,395.93,2.91e-05,2026-07-21T03:02:32.432661+00:00,2026-07-21T03:02:32.828808+00:00
720,pilot,B,financial_mmlu_ko-test-000268,financial_mmlu_ko,upstage,solar-pro3,1,success,200,,,215,0,215,3,218,396.25,3.405e-05,2026-07-21T03:02:33.144423+00:00,2026-07-21T03:02:33.541801+00:00
721,pilot,B,financial_mmlu_ko-test-000270,financial_mmlu_ko,upstage,solar-pro3,1,success,200,,,211,0,211,3,214,394.16,3.345e-05,2026-07-21T03:02:33.856820+00:00,2026-07-21T03:02:34.250169+00:00
722,pilot,B,financial_mmlu_ko-test-000271,financial_mmlu_ko,upstage,solar-pro3,1,success,200,,,197,0,197,3,200,452.06,3.135e-05,2026-07-21T03:02:34.565822+00:00,2026-07-21T03:02:35.018552+00:00
723,pilot,B,financial_mmlu_ko-test-000273,financial_mmlu_ko,upstage,solar-pro3,1,success,200,,,191,0,191,3,194,482.22,3.045e-05,2026-07-21T03:02:35.333643+00:00,2026-07-21T03:02:35.816272+00:00
724,pilot,B,financial_mmlu_ko-test-000274,financial_mmlu_ko,upstage,solar-pro3,1,success,200,,,222,0,222,3,225,410.16,3.51e-05,2026-07-21T03:02:36.130196+00:00,2026-07-21T03:02:36.540286+00:00
725,pilot,B,financial_mmlu_ko-test-000275,financial_mmlu_ko,upstage,solar-pro3,1,success,200,,,188,0,188,3,191,403.4,3e-05,2026-07-21T03:02:36.855359+00:00,2026-07-21T03:02:37.259770+00:00
726,pilot,B,financial_mmlu_ko-test-000279,financial_mmlu_ko,upstage,solar-pro3,1,success,200,,,174,0,174,3,177,428.31,2.79e-05,2026-07-21T03:02:37.575411+00:00,2026-07-21T03:02:38.003505+00:00
727,pilot,B,financial_mmlu_ko-test-000281,financial_mmlu_ko,upstage,solar-pro3,1,success,200,,,211,0,211,3,214,395.45,3.345e-05,2026-07-21T03:02:38.318406+00:00,2026-07-21T03:02:38.713970+00:00
728,pilot,B,financial_mmlu_ko-test-000282,financial_mmlu_ko,upstage,solar-pro3,1,success,200,,,251,0,251,3,254,413.03,3.945e-05,2026-07-21T03:02:39.029822+00:00,2026-07-21T03:02:39.443036+00:00
729,pilot,B,financial_mmlu_ko-test-000283,financial_mmlu_ko,upstage,solar-pro3,1,success,200,,,212,0,212,3,215,408.82,3.36e-05,2026-07-21T03:02:39.758866+00:00,2026-07-21T03:02:40.168420+00:00
730,pilot,B,financial_mmlu_ko-test-000284,financial_mmlu_ko,upstage,solar-pro3,1,success,200,,,212,0,212,3,215,392.79,3.36e-05,2026-07-21T03:02:40.484411+00:00,2026-07-21T03:02:40.877022+00:00
731,pilot,B,financial_mmlu_ko-test-000285,financial_mmlu_ko,upstage,solar-pro3,1,success,200,,,190,0,190,3,193,393.23,3.03e-05,2026-07-21T03:02:41.211407+00:00,2026-07-21T03:02:41.605046+00:00
732,pilot,B,financial_mmlu_ko-test-000288,financial_mmlu_ko,upstage,solar-pro3,1,success,200,,,195,0,195,3,198,395.93,3.105e-05,2026-07-21T03:02:41.919962+00:00,2026-07-21T03:02:42.315781+00:00
733,pilot,B,financial_mmlu_ko-test-000291,financial_mmlu_ko,upstage,solar-pro3,1,success,200,,,171,0,171,3,174,466.54,2.745e-05,2026-07-21T03:02:42.630873+00:00,2026-07-21T03:02:43.097044+00:00
734,pilot,B,financial_mmlu_ko-test-000293,financial_mmlu_ko,upstage,solar-pro3,1,success,200,,,177,0,177,3,180,995.35,2.835e-05,2026-07-21T03:02:43.411844+00:00,2026-07-21T03:02:44.407548+00:00
735,pilot,B,financial_mmlu_ko-test-000301,financial_mmlu_ko,upstage,solar-pro3,1,success,200,,,212,0,212,3,215,402.38,3.36e-05,2026-07-21T03:02:44.723016+00:00,2026-07-21T03:02:45.125082+00:00
736,pilot,B,financial_mmlu_ko-test-000302,financial_mmlu_ko,upstage,solar-pro3,1,success,200,,,171,0,171,3,174,389.83,2.745e-05,2026-07-21T03:02:45.440297+00:00,2026-07-21T03:02:45.830201+00:00
737,pilot,B,financial_mmlu_ko-test-000309,financial_mmlu_ko,upstage,solar-pro3,1,success,200,,,213,0,213,3,216,394.63,3.375e-05,2026-07-21T03:02:46.145767+00:00,2026-07-21T03:02:46.540355+00:00
738,pilot,B,financial_mmlu_ko-test-000310,financial_mmlu_ko,upstage,solar-pro3,1,success,200,,,234,0,234,3,237,399.15,3.69e-05,2026-07-21T03:02:46.855852+00:00,2026-07-21T03:02:47.254930+00:00
739,pilot,B,financial_mmlu_ko-test-000312,financial_mmlu_ko,upstage,solar-pro3,1,success,200,,,167,0,167,3,170,399.38,2.685e-05,2026-07-21T03:02:47.572021+00:00,2026-07-21T03:02:47.970708+00:00
740,pilot,B,financial_mmlu_ko-test-000313,financial_mmlu_ko,upstage,solar-pro3,1,success,200,,,203,0,203,3,206,415.64,3.225e-05,2026-07-21T03:02:48.287333+00:00,2026-07-21T03:02:48.702585+00:00
741,pilot,B,financial_mmlu_ko-test-000316,financial_mmlu_ko,upstage,solar-pro3,1,success,200,,,196,0,196,3,199,407.3,3.12e-05,2026-07-21T03:02:49.019030+00:00,2026-07-21T03:02:49.425883+00:00
742,pilot,B,financial_mmlu_ko-test-000319,financial_mmlu_ko,upstage,solar-pro3,1,success,200,,,190,0,190,3,193,394.4,3.03e-05,2026-07-21T03:02:49.741410+00:00,2026-07-21T03:02:50.136192+00:00
743,pilot,B,financial_mmlu_ko-test-000320,financial_mmlu_ko,upstage,solar-pro3,1,success,200,,,199,0,199,3,202,401.88,3.165e-05,2026-07-21T03:02:50.450659+00:00,2026-07-21T03:02:50.853084+00:00
744,pilot,B,financial_mmlu_ko-test-000322,financial_mmlu_ko,upstage,solar-pro3,1,success,200,,,197,0,197,3,200,414.57,3.135e-05,2026-07-21T03:02:51.169644+00:00,2026-07-21T03:02:51.583742+00:00
745,pilot,B,financial_mmlu_ko-test-000323,financial_mmlu_ko,upstage,solar-pro3,1,success,200,,,184,0,184,3,187,397.58,2.94e-05,2026-07-21T03:02:51.900280+00:00,2026-07-21T03:02:52.296974+00:00
746,pilot,B,financial_mmlu_ko-test-000325,financial_mmlu_ko,upstage,solar-pro3,1,success,200,,,234,0,234,3,237,410.64,3.69e-05,2026-07-21T03:02:52.612944+00:00,2026-07-21T03:02:53.024276+00:00
747,pilot,B,financial_mmlu_ko-test-000326,financial_mmlu_ko,upstage,solar-pro3,1,success,200,,,211,0,211,3,214,409.52,3.345e-05,2026-07-21T03:02:53.339913+00:00,2026-07-21T03:02:53.749213+00:00
748,pilot,B,financial_mmlu_ko-test-000331,financial_mmlu_ko,upstage,solar-pro3,1,success,200,,,186,0,186,3,189,414.09,2.97e-05,2026-07-21T03:02:54.063979+00:00,2026-07-21T03:02:54.477615+00:00
749,pilot,B,financial_mmlu_ko-test-000332,financial_mmlu_ko,upstage,solar-pro3,1,success,200,,,181,0,181,3,184,404.84,2.895e-05,2026-07-21T03:02:54.819004+00:00,2026-07-21T03:02:55.223322+00:00
750,pilot,B,financial_mmlu_ko-test-000334,financial_mmlu_ko,upstage,solar-pro3,1,success,200,,,165,0,165,3,168,396.67,2.655e-05,2026-07-21T03:02:55.540929+00:00,2026-07-21T03:02:55.937005+00:00
751,pilot,B,financial_mmlu_ko-test-000336,financial_mmlu_ko,upstage,solar-pro3,1,success,200,,,198,0,198,3,201,405.77,3.15e-05,2026-07-21T03:02:56.252758+00:00,2026-07-21T03:02:56.658319+00:00
752,pilot,B,financial_mmlu_ko-test-000339,financial_mmlu_ko,upstage,solar-pro3,1,success,200,,,186,0,186,3,189,400.25,2.97e-05,2026-07-21T03:02:56.972935+00:00,2026-07-21T03:02:57.373397+00:00
753,pilot,B,financial_mmlu_ko-test-000348,financial_mmlu_ko,upstage,solar-pro3,1,success,200,,,213,0,213,3,216,414.12,3.375e-05,2026-07-21T03:02:57.689234+00:00,2026-07-21T03:02:58.103978+00:00
754,pilot,B,financial_mmlu_ko-test-000353,financial_mmlu_ko,upstage,solar-pro3,1,success,200,,,191,0,191,3,194,401.37,3.045e-05,2026-07-21T03:02:58.419286+00:00,2026-07-21T03:02:58.820958+00:00
755,pilot,B,financial_mmlu_ko-test-000354,financial_mmlu_ko,upstage,solar-pro3,1,success,200,,,189,0,189,3,192,414.96,3.015e-05,2026-07-21T03:02:59.138137+00:00,2026-07-21T03:02:59.552563+00:00
756,pilot,B,financial_mmlu_ko-test-000356,financial_mmlu_ko,upstage,solar-pro3,1,success,200,,,202,0,202,3,205,947.77,3.21e-05,2026-07-21T03:02:59.867360+00:00,2026-07-21T03:03:00.814900+00:00
757,pilot,B,financial_mmlu_ko-test-000357,financial_mmlu_ko,upstage,solar-pro3,1,success,200,,,227,0,227,3,230,417.39,3.585e-05,2026-07-21T03:03:01.131322+00:00,2026-07-21T03:03:01.548728+00:00
758,pilot,B,financial_mmlu_ko-test-000358,financial_mmlu_ko,upstage,solar-pro3,1,success,200,,,200,0,200,3,203,412.67,3.18e-05,2026-07-21T03:03:01.866552+00:00,2026-07-21T03:03:02.278632+00:00
759,pilot,B,financial_mmlu_ko-test-000362,financial_mmlu_ko,upstage,solar-pro3,1,success,200,,,182,0,182,3,185,425.59,2.91e-05,2026-07-21T03:03:02.593466+00:00,2026-07-21T03:03:03.019168+00:00
760,pilot,B,financial_mmlu_ko-test-000368,financial_mmlu_ko,upstage,solar-pro3,1,success,200,,,167,0,167,3,170,402.7,2.685e-05,2026-07-21T03:03:03.334411+00:00,2026-07-21T03:03:03.737320+00:00
761,pilot,B,financial_mmlu_ko-test-000369,financial_mmlu_ko,upstage,solar-pro3,1,success,200,,,242,0,242,3,245,398.21,3.81e-05,2026-07-21T03:03:04.052355+00:00,2026-07-21T03:03:04.450235+00:00
762,pilot,B,financial_mmlu_ko-test-000370,financial_mmlu_ko,upstage,solar-pro3,1,success,200,,,200,0,200,3,203,388.15,3.18e-05,2026-07-21T03:03:04.765020+00:00,2026-07-21T03:03:05.153518+00:00
763,pilot,B,financial_mmlu_ko-test-000371,financial_mmlu_ko,upstage,solar-pro3,1,success,200,,,165,0,165,3,168,452.75,2.655e-05,2026-07-21T03:03:05.468981+00:00,2026-07-21T03:03:05.922133+00:00
764,pilot,B,financial_mmlu_ko-test-000372,financial_mmlu_ko,upstage,solar-pro3,1,success,200,,,226,0,226,3,229,420.17,3.57e-05,2026-07-21T03:03:06.237959+00:00,2026-07-21T03:03:06.657236+00:00
765,pilot,B,financial_mmlu_ko-test-000373,financial_mmlu_ko,upstage,solar-pro3,1,success,200,,,223,0,223,3,226,414.76,3.525e-05,2026-07-21T03:03:06.972423+00:00,2026-07-21T03:03:07.387412+00:00
766,pilot,B,financial_mmlu_ko-test-000374,financial_mmlu_ko,upstage,solar-pro3,1,success,200,,,207,0,207,3,210,402.75,3.285e-05,2026-07-21T03:03:07.702294+00:00,2026-07-21T03:03:08.105224+00:00
767,pilot,B,financial_mmlu_ko-test-000380,financial_mmlu_ko,upstage,solar-pro3,1,success,200,,,168,0,168,3,171,404.12,2.7e-05,2026-07-21T03:03:08.421326+00:00,2026-07-21T03:03:08.825114+00:00
768,pilot,B,financial_mmlu_ko-test-000385,financial_mmlu_ko,upstage,solar-pro3,1,success,200,,,256,0,256,3,259,420.16,4.02e-05,2026-07-21T03:03:09.141223+00:00,2026-07-21T03:03:09.562032+00:00
769,pilot,B,financial_mmlu_ko-test-000387,financial_mmlu_ko,upstage,solar-pro3,1,success,200,,,204,0,204,3,207,422.21,3.24e-05,2026-07-21T03:03:09.876677+00:00,2026-07-21T03:03:10.298764+00:00
770,pilot,B,financial_mmlu_ko-test-000388,financial_mmlu_ko,upstage,solar-pro3,1,success,200,,,218,0,218,3,221,394.66,3.45e-05,2026-07-21T03:03:10.615066+00:00,2026-07-21T03:03:11.009725+00:00
771,pilot,B,financial_mmlu_ko-test-000390,financial_mmlu_ko,upstage,solar-pro3,1,success,200,,,211,0,211,3,214,402.92,3.345e-05,2026-07-21T03:03:11.324503+00:00,2026-07-21T03:03:11.726758+00:00
772,pilot,B,financial_mmlu_ko-test-000391,financial_mmlu_ko,upstage,solar-pro3,1,success,200,,,194,0,194,3,197,423.32,3.09e-05,2026-07-21T03:03:12.042850+00:00,2026-07-21T03:03:12.465998+00:00
773,pilot,B,financial_mmlu_ko-test-000392,financial_mmlu_ko,upstage,solar-pro3,1,success,200,,,198,0,198,3,201,406.89,3.15e-05,2026-07-21T03:03:12.782150+00:00,2026-07-21T03:03:13.189081+00:00
774,pilot,B,financial_mmlu_ko-test-000394,financial_mmlu_ko,upstage,solar-pro3,1,success,200,,,234,0,234,3,237,476.45,3.69e-05,2026-07-21T03:03:13.503653+00:00,2026-07-21T03:03:13.980760+00:00
775,pilot,B,financial_mmlu_ko-test-000395,financial_mmlu_ko,upstage,solar-pro3,1,success,200,,,205,0,205,3,208,393.35,3.255e-05,2026-07-21T03:03:14.295190+00:00,2026-07-21T03:03:14.688965+00:00
776,pilot,B,financial_mmlu_ko-test-000397,financial_mmlu_ko,upstage,solar-pro3,1,success,200,,,189,0,189,3,192,415.55,3.015e-05,2026-07-21T03:03:15.003645+00:00,2026-07-21T03:03:15.419654+00:00
777,pilot,B,financial_mmlu_ko-test-000399,financial_mmlu_ko,upstage,solar-pro3,1,success,200,,,186,0,186,3,189,406.83,2.97e-05,2026-07-21T03:03:15.735468+00:00,2026-07-21T03:03:16.142744+00:00
778,pilot,B,financial_mmlu_ko-test-000402,financial_mmlu_ko,upstage,solar-pro3,1,success,200,,,173,0,173,3,176,415.32,2.775e-05,2026-07-21T03:03:16.456438+00:00,2026-07-21T03:03:16.871720+00:00
779,pilot,B,financial_mmlu_ko-test-000404,financial_mmlu_ko,upstage,solar-pro3,1,success,200,,,208,0,208,3,211,408.57,3.3e-05,2026-07-21T03:03:17.186681+00:00,2026-07-21T03:03:17.595576+00:00
780,pilot,B,financial_mmlu_ko-test-000405,financial_mmlu_ko,upstage,solar-pro3,1,success,200,,,208,0,208,3,211,393.75,3.3e-05,2026-07-21T03:03:17.911477+00:00,2026-07-21T03:03:18.304685+00:00
781,pilot,B,financial_mmlu_ko-test-000406,financial_mmlu_ko,upstage,solar-pro3,1,success,200,,,173,0,173,3,176,393.74,2.775e-05,2026-07-21T03:03:18.620098+00:00,2026-07-21T03:03:19.013827+00:00
782,pilot,B,financial_mmlu_ko-test-000413,financial_mmlu_ko,upstage,solar-pro3,1,success,200,,,160,0,160,3,163,403.46,2.58e-05,2026-07-21T03:03:19.364305+00:00,2026-07-21T03:03:19.767213+00:00
783,pilot,B,financial_mmlu_ko-test-000417,financial_mmlu_ko,upstage,solar-pro3,1,success,200,,,174,0,174,3,177,961.18,2.79e-05,2026-07-21T03:03:20.083925+00:00,2026-07-21T03:03:21.044575+00:00
784,pilot,B,financial_mmlu_ko-test-000419,financial_mmlu_ko,upstage,solar-pro3,1,success,200,,,207,0,207,3,210,397.26,3.285e-05,2026-07-21T03:03:21.361144+00:00,2026-07-21T03:03:21.758154+00:00
785,pilot,B,financial_mmlu_ko-test-000423,financial_mmlu_ko,upstage,solar-pro3,1,success,200,,,177,0,177,3,180,374.83,2.835e-05,2026-07-21T03:03:22.116833+00:00,2026-07-21T03:03:22.491503+00:00
786,pilot,B,financial_mmlu_ko-test-000429,financial_mmlu_ko,upstage,solar-pro3,1,success,200,,,197,0,197,3,200,389.86,3.135e-05,2026-07-21T03:03:22.806909+00:00,2026-07-21T03:03:23.197069+00:00
787,pilot,B,financial_mmlu_ko-test-000430,financial_mmlu_ko,upstage,solar-pro3,1,success,200,,,179,0,179,3,182,414.98,2.865e-05,2026-07-21T03:03:23.511964+00:00,2026-07-21T03:03:23.926877+00:00
788,pilot,B,financial_mmlu_ko-test-000432,financial_mmlu_ko,upstage,solar-pro3,1,success,200,,,214,0,214,3,217,403.36,3.39e-05,2026-07-21T03:03:24.242082+00:00,2026-07-21T03:03:24.645093+00:00
789,pilot,B,financial_mmlu_ko-test-000436,financial_mmlu_ko,upstage,solar-pro3,1,success,200,,,228,0,228,3,231,406.13,3.6e-05,2026-07-21T03:03:24.959772+00:00,2026-07-21T03:03:25.366064+00:00
790,pilot,B,financial_mmlu_ko-test-000438,financial_mmlu_ko,upstage,solar-pro3,1,success,200,,,230,0,230,3,233,411.98,3.63e-05,2026-07-21T03:03:25.683019+00:00,2026-07-21T03:03:26.094778+00:00
791,pilot,B,financial_mmlu_ko-test-000439,financial_mmlu_ko,upstage,solar-pro3,1,success,200,,,204,0,204,3,207,403.54,3.24e-05,2026-07-21T03:03:26.410121+00:00,2026-07-21T03:03:26.813351+00:00
792,pilot,B,financial_mmlu_ko-test-000442,financial_mmlu_ko,upstage,solar-pro3,1,success,200,,,218,0,218,3,221,403.47,3.45e-05,2026-07-21T03:03:27.130204+00:00,2026-07-21T03:03:27.533879+00:00
793,pilot,B,financial_mmlu_ko-test-000444,financial_mmlu_ko,upstage,solar-pro3,1,success,200,,,237,0,237,3,240,417.67,3.735e-05,2026-07-21T03:03:27.849856+00:00,2026-07-21T03:03:28.266834+00:00
794,pilot,B,financial_mmlu_ko-test-000445,financial_mmlu_ko,upstage,solar-pro3,1,success,200,,,183,0,183,3,186,676.7,2.925e-05,2026-07-21T03:03:28.583619+00:00,2026-07-21T03:03:29.260574+00:00
795,pilot,B,financial_mmlu_ko-test-000446,financial_mmlu_ko,upstage,solar-pro3,1,success,200,,,212,0,212,3,215,1019.33,3.36e-05,2026-07-21T03:03:29.575769+00:00,2026-07-21T03:03:30.595299+00:00
796,pilot,B,financial_mmlu_ko-test-000447,financial_mmlu_ko,upstage,solar-pro3,1,success,200,,,193,0,193,3,196,382.87,3.075e-05,2026-07-21T03:03:30.911689+00:00,2026-07-21T03:03:31.293953+00:00
797,pilot,B,financial_mmlu_ko-test-000448,financial_mmlu_ko,upstage,solar-pro3,1,success,200,,,233,0,233,3,236,381.68,3.675e-05,2026-07-21T03:03:31.633219+00:00,2026-07-21T03:03:32.015646+00:00
798,pilot,B,financial_mmlu_ko-test-000450,financial_mmlu_ko,upstage,solar-pro3,1,success,200,,,214,0,214,3,217,398.33,3.39e-05,2026-07-21T03:03:32.330634+00:00,2026-07-21T03:03:32.729251+00:00
799,pilot,B,financial_mmlu_ko-test-000452,financial_mmlu_ko,upstage,solar-pro3,1,success,200,,,214,0,214,3,217,389.65,3.39e-05,2026-07-21T03:03:33.045717+00:00,2026-07-21T03:03:33.435027+00:00
800,pilot,B,financial_mmlu_ko-test-000455,financial_mmlu_ko,upstage,solar-pro3,1,success,200,,,237,0,237,3,240,424.4,3.735e-05,2026-07-21T03:03:33.751609+00:00,2026-07-21T03:03:34.175122+00:00
