request_number,scope,variant,sample_id,dataset,provider,model,attempt,status,http_status,error_type,error_message,input_tokens,cache_hit_input_tokens,cache_miss_input_tokens,output_tokens,total_tokens,latency_ms,estimated_cost_usd,requested_at_utc,completed_at_utc
1,pilot,B,fpb-full-000025,fpb,deepseek,deepseek-v4-pro,1,success,200,,,113,0,113,1,114,1851.03,5.002e-05,2026-07-20T16:57:58.249602+00:00,2026-07-20T16:58:00.100079+00:00
2,pilot,B,fpb-full-000040,fpb,deepseek,deepseek-v4-pro,1,success,200,,,111,0,111,1,112,867.39,4.915e-05,2026-07-20T16:58:00.414318+00:00,2026-07-20T16:58:01.281312+00:00
3,pilot,B,fpb-full-000063,fpb,deepseek,deepseek-v4-pro,1,success,200,,,144,0,144,1,145,1107.59,6.351e-05,2026-07-20T16:58:01.609094+00:00,2026-07-20T16:58:02.716031+00:00
4,pilot,B,fpb-full-000080,fpb,deepseek,deepseek-v4-pro,1,success,200,,,131,0,131,1,132,889.77,5.786e-05,2026-07-20T16:58:03.030863+00:00,2026-07-20T16:58:03.919838+00:00
5,pilot,B,fpb-full-000101,fpb,deepseek,deepseek-v4-pro,1,success,200,,,108,0,108,1,109,691.47,4.785e-05,2026-07-20T16:58:04.233482+00:00,2026-07-20T16:58:04.924578+00:00
6,pilot,B,fpb-full-000126,fpb,deepseek,deepseek-v4-pro,1,success,200,,,87,0,87,1,88,967.13,3.871e-05,2026-07-20T16:58:05.237979+00:00,2026-07-20T16:58:06.204724+00:00
7,pilot,B,fpb-full-000142,fpb,deepseek,deepseek-v4-pro,1,success,200,,,95,0,95,1,96,883.21,4.219e-05,2026-07-20T16:58:06.518547+00:00,2026-07-20T16:58:07.401102+00:00
8,pilot,B,fpb-full-000178,fpb,deepseek,deepseek-v4-pro,1,success,200,,,81,0,81,1,82,861.89,3.611e-05,2026-07-20T16:58:07.734575+00:00,2026-07-20T16:58:08.596277+00:00
9,pilot,B,fpb-full-000235,fpb,deepseek,deepseek-v4-pro,1,success,200,,,130,0,130,1,131,1012.56,5.742e-05,2026-07-20T16:58:08.910811+00:00,2026-07-20T16:58:09.922916+00:00
10,pilot,B,fpb-full-000264,fpb,deepseek,deepseek-v4-pro,1,success,200,,,101,0,101,1,102,1130.81,4.48e-05,2026-07-20T16:58:10.235347+00:00,2026-07-20T16:58:11.365589+00:00
11,pilot,B,fpb-full-000271,fpb,deepseek,deepseek-v4-pro,1,success,200,,,89,0,89,1,90,789.13,3.958e-05,2026-07-20T16:58:11.679726+00:00,2026-07-20T16:58:12.469120+00:00
12,pilot,B,fpb-full-000296,fpb,deepseek,deepseek-v4-pro,1,success,200,,,87,0,87,1,88,864.78,3.871e-05,2026-07-20T16:58:12.781473+00:00,2026-07-20T16:58:13.646377+00:00
13,pilot,B,fpb-full-000298,fpb,deepseek,deepseek-v4-pro,1,success,200,,,139,0,139,1,140,814.22,6.133e-05,2026-07-20T16:58:13.959598+00:00,2026-07-20T16:58:14.773396+00:00
14,pilot,B,fpb-full-000319,fpb,deepseek,deepseek-v4-pro,1,success,200,,,122,0,122,1,123,978.83,5.394e-05,2026-07-20T16:58:15.086212+00:00,2026-07-20T16:58:16.064696+00:00
15,pilot,B,fpb-full-000347,fpb,deepseek,deepseek-v4-pro,1,success,200,,,92,0,92,1,93,893.7,4.089e-05,2026-07-20T16:58:16.378661+00:00,2026-07-20T16:58:17.272828+00:00
16,pilot,B,fpb-full-000352,fpb,deepseek,deepseek-v4-pro,1,success,200,,,96,0,96,1,97,788.79,4.263e-05,2026-07-20T16:58:17.585883+00:00,2026-07-20T16:58:18.374244+00:00
17,pilot,B,fpb-full-000396,fpb,deepseek,deepseek-v4-pro,1,success,200,,,97,0,97,1,98,933.16,4.306e-05,2026-07-20T16:58:18.687822+00:00,2026-07-20T16:58:19.621022+00:00
18,pilot,B,fpb-full-000400,fpb,deepseek,deepseek-v4-pro,1,success,200,,,126,0,126,1,127,839.14,5.568e-05,2026-07-20T16:58:19.933605+00:00,2026-07-20T16:58:20.772569+00:00
19,pilot,B,fpb-full-000427,fpb,deepseek,deepseek-v4-pro,1,success,200,,,123,0,123,1,124,871.01,5.438e-05,2026-07-20T16:58:21.085268+00:00,2026-07-20T16:58:21.955409+00:00
20,pilot,B,fpb-full-000442,fpb,deepseek,deepseek-v4-pro,1,success,200,,,89,0,89,1,90,834.38,3.958e-05,2026-07-20T16:58:22.269049+00:00,2026-07-20T16:58:23.103557+00:00
21,pilot,B,fpb-full-000474,fpb,deepseek,deepseek-v4-pro,1,success,200,,,103,0,103,1,104,848.02,4.567e-05,2026-07-20T16:58:23.433086+00:00,2026-07-20T16:58:24.280908+00:00
22,pilot,B,fpb-full-000479,fpb,deepseek,deepseek-v4-pro,1,success,200,,,93,0,93,1,94,634.34,4.132e-05,2026-07-20T16:58:24.594886+00:00,2026-07-20T16:58:25.228803+00:00
23,pilot,B,fpb-full-000488,fpb,deepseek,deepseek-v4-pro,1,success,200,,,90,0,90,1,91,1086.05,4.002e-05,2026-07-20T16:58:25.541997+00:00,2026-07-20T16:58:26.627757+00:00
24,pilot,B,fpb-full-000494,fpb,deepseek,deepseek-v4-pro,1,success,200,,,94,0,94,1,95,879.76,4.176e-05,2026-07-20T16:58:26.941418+00:00,2026-07-20T16:58:27.820815+00:00
25,pilot,B,fpb-full-000527,fpb,deepseek,deepseek-v4-pro,1,success,200,,,88,0,88,1,89,943.01,3.915e-05,2026-07-20T16:58:28.134124+00:00,2026-07-20T16:58:29.076521+00:00
26,pilot,B,fpb-full-000540,fpb,deepseek,deepseek-v4-pro,1,success,200,,,101,0,101,1,102,623.74,4.48e-05,2026-07-20T16:58:29.390742+00:00,2026-07-20T16:58:30.014256+00:00
27,pilot,B,fpb-full-000545,fpb,deepseek,deepseek-v4-pro,1,success,200,,,84,0,84,1,85,796.22,3.741e-05,2026-07-20T16:58:30.327524+00:00,2026-07-20T16:58:31.124254+00:00
28,pilot,B,fpb-full-000546,fpb,deepseek,deepseek-v4-pro,1,success,200,,,108,0,108,1,109,903.8,4.785e-05,2026-07-20T16:58:31.437531+00:00,2026-07-20T16:58:32.341122+00:00
29,pilot,B,fpb-full-000581,fpb,deepseek,deepseek-v4-pro,1,success,200,,,109,0,109,1,110,1001.3,4.829e-05,2026-07-20T16:58:32.655819+00:00,2026-07-20T16:58:33.656861+00:00
30,pilot,B,fpb-full-000582,fpb,deepseek,deepseek-v4-pro,1,success,200,,,93,0,93,1,94,1017.64,4.132e-05,2026-07-20T16:58:33.970533+00:00,2026-07-20T16:58:34.987779+00:00
31,pilot,B,fpb-full-000593,fpb,deepseek,deepseek-v4-pro,1,success,200,,,114,0,114,1,115,890.24,5.046e-05,2026-07-20T16:58:35.300815+00:00,2026-07-20T16:58:36.191022+00:00
32,pilot,B,fpb-full-000634,fpb,deepseek,deepseek-v4-pro,1,success,200,,,109,0,109,1,110,761.56,4.829e-05,2026-07-20T16:58:36.503742+00:00,2026-07-20T16:58:37.265391+00:00
33,pilot,B,fpb-full-000645,fpb,deepseek,deepseek-v4-pro,1,success,200,,,130,0,130,1,131,852.46,5.742e-05,2026-07-20T16:58:37.578553+00:00,2026-07-20T16:58:38.431026+00:00
34,pilot,B,fpb-full-000681,fpb,deepseek,deepseek-v4-pro,1,success,200,,,95,0,95,1,96,1080.09,4.219e-05,2026-07-20T16:58:38.743550+00:00,2026-07-20T16:58:39.823868+00:00
35,pilot,B,fpb-full-000687,fpb,deepseek,deepseek-v4-pro,1,success,200,,,112,0,112,1,113,939.18,4.959e-05,2026-07-20T16:58:40.137075+00:00,2026-07-20T16:58:41.076138+00:00
36,pilot,B,fpb-full-000692,fpb,deepseek,deepseek-v4-pro,1,success,200,,,95,0,95,1,96,889.67,4.219e-05,2026-07-20T16:58:41.389463+00:00,2026-07-20T16:58:42.279312+00:00
37,pilot,B,fpb-full-000695,fpb,deepseek,deepseek-v4-pro,1,success,200,,,111,0,111,1,112,957.92,4.915e-05,2026-07-20T16:58:42.592958+00:00,2026-07-20T16:58:43.551319+00:00
38,pilot,B,fpb-full-000696,fpb,deepseek,deepseek-v4-pro,1,success,200,,,96,0,96,1,97,685.44,4.263e-05,2026-07-20T16:58:43.874388+00:00,2026-07-20T16:58:44.559341+00:00
39,pilot,B,fpb-full-000710,fpb,deepseek,deepseek-v4-pro,1,success,200,,,115,0,115,1,116,1056.01,5.089e-05,2026-07-20T16:58:44.872333+00:00,2026-07-20T16:58:45.928097+00:00
40,pilot,B,fpb-full-000712,fpb,deepseek,deepseek-v4-pro,1,success,200,,,137,0,137,1,138,1099.57,6.046e-05,2026-07-20T16:58:46.241204+00:00,2026-07-20T16:58:47.340632+00:00
41,pilot,B,fpb-full-000737,fpb,deepseek,deepseek-v4-pro,1,success,200,,,96,0,96,1,97,710.36,4.263e-05,2026-07-20T16:58:47.654926+00:00,2026-07-20T16:58:48.364863+00:00
42,pilot,B,fpb-full-000796,fpb,deepseek,deepseek-v4-pro,1,success,200,,,112,0,112,1,113,890.04,4.959e-05,2026-07-20T16:58:48.678554+00:00,2026-07-20T16:58:49.568346+00:00
43,pilot,B,fpb-full-000875,fpb,deepseek,deepseek-v4-pro,1,success,200,,,117,0,117,1,118,1079.17,5.176e-05,2026-07-20T16:58:49.881591+00:00,2026-07-20T16:58:50.960693+00:00
44,pilot,B,fpb-full-000900,fpb,deepseek,deepseek-v4-pro,1,success,200,,,103,0,103,1,104,886.4,4.567e-05,2026-07-20T16:58:51.274900+00:00,2026-07-20T16:58:52.160936+00:00
45,pilot,B,fpb-full-000980,fpb,deepseek,deepseek-v4-pro,1,success,200,,,85,0,85,1,86,958.81,3.785e-05,2026-07-20T16:58:52.474201+00:00,2026-07-20T16:58:53.433081+00:00
46,pilot,B,fpb-full-000990,fpb,deepseek,deepseek-v4-pro,1,success,200,,,85,0,85,1,86,726.55,3.785e-05,2026-07-20T16:58:53.745781+00:00,2026-07-20T16:58:54.471784+00:00
47,pilot,B,fpb-full-000999,fpb,deepseek,deepseek-v4-pro,1,success,200,,,82,0,82,1,83,984.08,3.654e-05,2026-07-20T16:58:54.785168+00:00,2026-07-20T16:58:55.769513+00:00
48,pilot,B,fpb-full-001040,fpb,deepseek,deepseek-v4-pro,1,success,200,,,84,0,84,1,85,1049.29,3.741e-05,2026-07-20T16:58:56.082044+00:00,2026-07-20T16:58:57.130618+00:00
49,pilot,B,fpb-full-001054,fpb,deepseek,deepseek-v4-pro,1,success,200,,,115,0,115,1,116,1005.37,5.089e-05,2026-07-20T16:58:57.444796+00:00,2026-07-20T16:58:58.449947+00:00
50,pilot,B,fpb-full-001062,fpb,deepseek,deepseek-v4-pro,1,success,200,,,109,0,109,1,110,836.68,4.829e-05,2026-07-20T16:58:58.762967+00:00,2026-07-20T16:58:59.600010+00:00
51,pilot,B,fpb-full-001085,fpb,deepseek,deepseek-v4-pro,1,success,200,,,83,0,83,1,84,773.92,3.697e-05,2026-07-20T16:58:59.912471+00:00,2026-07-20T16:59:00.686456+00:00
52,pilot,B,fpb-full-001087,fpb,deepseek,deepseek-v4-pro,1,success,200,,,97,0,97,1,98,678.28,4.306e-05,2026-07-20T16:59:00.998333+00:00,2026-07-20T16:59:01.676513+00:00
53,pilot,B,fpb-full-001109,fpb,deepseek,deepseek-v4-pro,1,success,200,,,95,0,95,1,96,989.38,4.219e-05,2026-07-20T16:59:01.989562+00:00,2026-07-20T16:59:02.978599+00:00
54,pilot,B,fpb-full-001122,fpb,deepseek,deepseek-v4-pro,1,success,200,,,102,0,102,1,103,851.61,4.524e-05,2026-07-20T16:59:03.292667+00:00,2026-07-20T16:59:04.143868+00:00
55,pilot,B,fpb-full-001127,fpb,deepseek,deepseek-v4-pro,1,success,200,,,102,0,102,1,103,698.25,4.524e-05,2026-07-20T16:59:04.457148+00:00,2026-07-20T16:59:05.154863+00:00
56,pilot,B,fpb-full-001131,fpb,deepseek,deepseek-v4-pro,1,success,200,,,88,0,88,1,89,828.34,3.915e-05,2026-07-20T16:59:05.470685+00:00,2026-07-20T16:59:06.299038+00:00
57,pilot,B,fpb-full-001137,fpb,deepseek,deepseek-v4-pro,1,success,200,,,96,0,96,1,97,751.87,4.263e-05,2026-07-20T16:59:06.612548+00:00,2026-07-20T16:59:07.364226+00:00
58,pilot,B,fpb-full-001186,fpb,deepseek,deepseek-v4-pro,1,success,200,,,93,0,93,1,94,1015.27,4.132e-05,2026-07-20T16:59:07.677297+00:00,2026-07-20T16:59:08.692418+00:00
59,pilot,B,fpb-full-001224,fpb,deepseek,deepseek-v4-pro,1,success,200,,,141,128,13,1,142,785.56,6.99e-06,2026-07-20T16:59:09.005693+00:00,2026-07-20T16:59:09.791258+00:00
60,pilot,B,fpb-full-001262,fpb,deepseek,deepseek-v4-pro,1,success,200,,,91,0,91,1,92,931.43,4.045e-05,2026-07-20T16:59:10.104711+00:00,2026-07-20T16:59:11.035315+00:00
61,pilot,B,fpb-full-001273,fpb,deepseek,deepseek-v4-pro,1,success,200,,,93,0,93,1,94,862.56,4.132e-05,2026-07-20T16:59:11.349214+00:00,2026-07-20T16:59:12.211841+00:00
62,pilot,B,fpb-full-001290,fpb,deepseek,deepseek-v4-pro,1,success,200,,,100,0,100,1,101,870.71,4.437e-05,2026-07-20T16:59:12.524727+00:00,2026-07-20T16:59:13.394999+00:00
63,pilot,B,fpb-full-001372,fpb,deepseek,deepseek-v4-pro,1,success,200,,,88,0,88,1,89,966.7,3.915e-05,2026-07-20T16:59:13.708849+00:00,2026-07-20T16:59:14.675925+00:00
64,pilot,B,fpb-full-001401,fpb,deepseek,deepseek-v4-pro,1,success,200,,,85,0,85,1,86,1027.54,3.785e-05,2026-07-20T16:59:14.988386+00:00,2026-07-20T16:59:16.016344+00:00
65,pilot,B,fpb-full-001435,fpb,deepseek,deepseek-v4-pro,1,success,200,,,87,0,87,1,88,981.07,3.871e-05,2026-07-20T16:59:16.328503+00:00,2026-07-20T16:59:17.308569+00:00
66,pilot,B,fpb-full-001439,fpb,deepseek,deepseek-v4-pro,1,success,200,,,101,0,101,1,102,757.21,4.48e-05,2026-07-20T16:59:17.623232+00:00,2026-07-20T16:59:18.380649+00:00
67,pilot,B,fpb-full-001477,fpb,deepseek,deepseek-v4-pro,1,success,200,,,95,0,95,1,96,848.24,4.219e-05,2026-07-20T16:59:18.693299+00:00,2026-07-20T16:59:19.541768+00:00
68,pilot,B,fpb-full-001493,fpb,deepseek,deepseek-v4-pro,1,success,200,,,89,0,89,1,90,878.76,3.958e-05,2026-07-20T16:59:19.855975+00:00,2026-07-20T16:59:20.734315+00:00
69,pilot,B,fpb-full-001547,fpb,deepseek,deepseek-v4-pro,1,success,200,,,95,0,95,1,96,946.11,4.219e-05,2026-07-20T16:59:21.048344+00:00,2026-07-20T16:59:21.994901+00:00
70,pilot,B,fpb-full-001559,fpb,deepseek,deepseek-v4-pro,1,success,200,,,109,0,109,1,110,904.4,4.829e-05,2026-07-20T16:59:22.308153+00:00,2026-07-20T16:59:23.212716+00:00
71,pilot,B,fpb-full-001575,fpb,deepseek,deepseek-v4-pro,1,success,200,,,102,0,102,1,103,832.01,4.524e-05,2026-07-20T16:59:23.524851+00:00,2026-07-20T16:59:24.355725+00:00
72,pilot,B,fpb-full-001613,fpb,deepseek,deepseek-v4-pro,1,success,200,,,134,0,134,1,135,656.75,5.916e-05,2026-07-20T16:59:24.669611+00:00,2026-07-20T16:59:25.325381+00:00
73,pilot,B,fpb-full-001664,fpb,deepseek,deepseek-v4-pro,1,success,200,,,118,0,118,1,119,901.49,5.22e-05,2026-07-20T16:59:25.639579+00:00,2026-07-20T16:59:26.541529+00:00
74,pilot,B,fpb-full-001667,fpb,deepseek,deepseek-v4-pro,1,success,200,,,97,0,97,1,98,719.61,4.306e-05,2026-07-20T16:59:26.854327+00:00,2026-07-20T16:59:27.574093+00:00
75,pilot,B,fpb-full-001701,fpb,deepseek,deepseek-v4-pro,1,success,200,,,103,0,103,1,104,826.63,4.567e-05,2026-07-20T16:59:27.886621+00:00,2026-07-20T16:59:28.713761+00:00
76,pilot,B,fpb-full-001794,fpb,deepseek,deepseek-v4-pro,1,success,200,,,117,0,117,1,118,1027.95,5.176e-05,2026-07-20T16:59:29.026860+00:00,2026-07-20T16:59:30.054848+00:00
77,pilot,B,fpb-full-001799,fpb,deepseek,deepseek-v4-pro,1,success,200,,,87,0,87,1,88,850.48,3.871e-05,2026-07-20T16:59:30.368185+00:00,2026-07-20T16:59:31.218409+00:00
78,pilot,B,fpb-full-001862,fpb,deepseek,deepseek-v4-pro,1,success,200,,,96,0,96,1,97,1030.92,4.263e-05,2026-07-20T16:59:31.531423+00:00,2026-07-20T16:59:32.561636+00:00
79,pilot,B,fpb-full-001869,fpb,deepseek,deepseek-v4-pro,1,success,200,,,106,0,106,1,107,1145.21,4.698e-05,2026-07-20T16:59:32.875756+00:00,2026-07-20T16:59:34.020762+00:00
80,pilot,B,fpb-full-001870,fpb,deepseek,deepseek-v4-pro,1,success,200,,,105,0,105,1,106,1265.61,4.654e-05,2026-07-20T16:59:34.334525+00:00,2026-07-20T16:59:35.599876+00:00
81,pilot,B,fpb-full-001954,fpb,deepseek,deepseek-v4-pro,1,success,200,,,126,0,126,1,127,835.63,5.568e-05,2026-07-20T16:59:35.913514+00:00,2026-07-20T16:59:36.748345+00:00
82,pilot,B,fpb-full-001989,fpb,deepseek,deepseek-v4-pro,1,success,200,,,104,0,104,1,105,1093.2,4.611e-05,2026-07-20T16:59:37.062208+00:00,2026-07-20T16:59:38.155765+00:00
83,pilot,B,fpb-full-001990,fpb,deepseek,deepseek-v4-pro,1,success,200,,,97,0,97,1,98,767.14,4.306e-05,2026-07-20T16:59:38.468918+00:00,2026-07-20T16:59:39.235466+00:00
84,pilot,B,fpb-full-002017,fpb,deepseek,deepseek-v4-pro,1,success,200,,,97,0,97,1,98,919.58,4.306e-05,2026-07-20T16:59:39.549246+00:00,2026-07-20T16:59:40.467967+00:00
85,pilot,B,fpb-full-002018,fpb,deepseek,deepseek-v4-pro,1,success,200,,,97,0,97,1,98,1014.35,4.306e-05,2026-07-20T16:59:40.782428+00:00,2026-07-20T16:59:41.796379+00:00
86,pilot,B,fpb-full-002042,fpb,deepseek,deepseek-v4-pro,1,success,200,,,101,0,101,1,102,872.03,4.48e-05,2026-07-20T16:59:42.109425+00:00,2026-07-20T16:59:42.981015+00:00
87,pilot,B,fpb-full-002046,fpb,deepseek,deepseek-v4-pro,1,success,200,,,94,0,94,1,95,826.58,4.176e-05,2026-07-20T16:59:43.294681+00:00,2026-07-20T16:59:44.121067+00:00
88,pilot,B,fpb-full-002070,fpb,deepseek,deepseek-v4-pro,1,success,200,,,121,0,121,1,122,905.07,5.35e-05,2026-07-20T16:59:44.435379+00:00,2026-07-20T16:59:45.340949+00:00
89,pilot,B,fpb-full-002071,fpb,deepseek,deepseek-v4-pro,1,success,200,,,107,0,107,1,108,656.83,4.741e-05,2026-07-20T16:59:45.654212+00:00,2026-07-20T16:59:46.311017+00:00
90,pilot,B,fpb-full-002081,fpb,deepseek,deepseek-v4-pro,1,success,200,,,120,0,120,1,121,952.87,5.307e-05,2026-07-20T16:59:46.625333+00:00,2026-07-20T16:59:47.578232+00:00
91,pilot,B,fpb-full-002097,fpb,deepseek,deepseek-v4-pro,1,success,200,,,129,0,129,1,130,890.93,5.698e-05,2026-07-20T16:59:47.891170+00:00,2026-07-20T16:59:48.782263+00:00
92,pilot,B,fpb-full-002115,fpb,deepseek,deepseek-v4-pro,1,success,200,,,89,0,89,1,90,967.68,3.958e-05,2026-07-20T16:59:49.094619+00:00,2026-07-20T16:59:50.061740+00:00
93,pilot,B,fpb-full-002135,fpb,deepseek,deepseek-v4-pro,1,success,200,,,97,0,97,1,98,688.1,4.306e-05,2026-07-20T16:59:50.376136+00:00,2026-07-20T16:59:51.064648+00:00
94,pilot,B,fpb-full-002153,fpb,deepseek,deepseek-v4-pro,1,success,200,,,105,0,105,1,106,1173.05,4.654e-05,2026-07-20T16:59:51.378247+00:00,2026-07-20T16:59:52.551353+00:00
95,pilot,B,fpb-full-002171,fpb,deepseek,deepseek-v4-pro,1,success,200,,,97,0,97,1,98,682.35,4.306e-05,2026-07-20T16:59:52.864447+00:00,2026-07-20T16:59:53.545974+00:00
96,pilot,B,fpb-full-002175,fpb,deepseek,deepseek-v4-pro,1,success,200,,,102,0,102,1,103,992.56,4.524e-05,2026-07-20T16:59:53.859933+00:00,2026-07-20T16:59:54.852122+00:00
97,pilot,B,fpb-full-002196,fpb,deepseek,deepseek-v4-pro,1,success,200,,,89,0,89,1,90,746.98,3.958e-05,2026-07-20T16:59:55.166622+00:00,2026-07-20T16:59:55.913346+00:00
98,pilot,B,fpb-full-002263,fpb,deepseek,deepseek-v4-pro,1,success,200,,,106,0,106,1,107,1131.16,4.698e-05,2026-07-20T16:59:56.226388+00:00,2026-07-20T16:59:57.357150+00:00
99,pilot,B,fpb-full-002268,fpb,deepseek,deepseek-v4-pro,1,success,200,,,126,0,126,1,127,1142.83,5.568e-05,2026-07-20T16:59:57.670309+00:00,2026-07-20T16:59:58.813214+00:00
100,pilot,B,fpb-full-002274,fpb,deepseek,deepseek-v4-pro,1,success,200,,,102,0,102,1,103,1058.48,4.524e-05,2026-07-20T16:59:59.125767+00:00,2026-07-20T17:00:00.184002+00:00
101,pilot,B,fpb-full-002275,fpb,deepseek,deepseek-v4-pro,1,success,200,,,137,0,137,1,138,886.43,6.046e-05,2026-07-20T17:00:00.498827+00:00,2026-07-20T17:00:01.384625+00:00
102,pilot,B,fpb-full-002316,fpb,deepseek,deepseek-v4-pro,1,success,200,,,86,0,86,1,87,886.21,3.828e-05,2026-07-20T17:00:01.699506+00:00,2026-07-20T17:00:02.585132+00:00
103,pilot,B,fpb-full-002364,fpb,deepseek,deepseek-v4-pro,1,success,200,,,90,0,90,1,91,1074.95,4.002e-05,2026-07-20T17:00:02.899142+00:00,2026-07-20T17:00:03.974170+00:00
104,pilot,B,fpb-full-002385,fpb,deepseek,deepseek-v4-pro,1,success,200,,,98,0,98,1,99,1130.85,4.35e-05,2026-07-20T17:00:04.287217+00:00,2026-07-20T17:00:05.417971+00:00
105,pilot,B,fpb-full-002393,fpb,deepseek,deepseek-v4-pro,1,success,200,,,86,0,86,1,87,1459.98,3.828e-05,2026-07-20T17:00:05.731057+00:00,2026-07-20T17:00:07.191254+00:00
106,pilot,B,fpb-full-002395,fpb,deepseek,deepseek-v4-pro,1,success,200,,,99,0,99,1,100,1150.95,4.393e-05,2026-07-20T17:00:07.504114+00:00,2026-07-20T17:00:08.655142+00:00
107,pilot,B,fpb-full-002412,fpb,deepseek,deepseek-v4-pro,1,success,200,,,122,0,122,1,123,1383.46,5.394e-05,2026-07-20T17:00:08.969012+00:00,2026-07-20T17:00:10.352844+00:00
108,pilot,B,fpb-full-002413,fpb,deepseek,deepseek-v4-pro,1,success,200,,,139,0,139,1,140,1263.05,6.133e-05,2026-07-20T17:00:10.665422+00:00,2026-07-20T17:00:11.928661+00:00
109,pilot,B,fpb-full-002457,fpb,deepseek,deepseek-v4-pro,1,success,200,,,118,0,118,1,119,1151.6,5.22e-05,2026-07-20T17:00:12.241241+00:00,2026-07-20T17:00:13.392571+00:00
110,pilot,B,fpb-full-002464,fpb,deepseek,deepseek-v4-pro,1,success,200,,,90,0,90,1,91,1212.51,4.002e-05,2026-07-20T17:00:13.706756+00:00,2026-07-20T17:00:14.919392+00:00
111,pilot,B,fpb-full-002513,fpb,deepseek,deepseek-v4-pro,1,success,200,,,84,0,84,1,85,1317.53,3.741e-05,2026-07-20T17:00:15.233303+00:00,2026-07-20T17:00:16.550879+00:00
112,pilot,B,fpb-full-002581,fpb,deepseek,deepseek-v4-pro,1,success,200,,,89,0,89,1,90,1228.75,3.958e-05,2026-07-20T17:00:16.864758+00:00,2026-07-20T17:00:18.093275+00:00
113,pilot,B,fpb-full-002587,fpb,deepseek,deepseek-v4-pro,1,success,200,,,97,0,97,1,98,1322.87,4.306e-05,2026-07-20T17:00:18.407187+00:00,2026-07-20T17:00:19.730235+00:00
114,pilot,B,fpb-full-002605,fpb,deepseek,deepseek-v4-pro,1,success,200,,,116,0,116,1,117,1333.08,5.133e-05,2026-07-20T17:00:20.043683+00:00,2026-07-20T17:00:21.377085+00:00
115,pilot,B,fpb-full-002657,fpb,deepseek,deepseek-v4-pro,1,success,200,,,114,0,114,1,115,1276.24,5.046e-05,2026-07-20T17:00:21.690001+00:00,2026-07-20T17:00:22.965384+00:00
116,pilot,B,fpb-full-002705,fpb,deepseek,deepseek-v4-pro,1,success,200,,,82,0,82,1,83,1115.8,3.654e-05,2026-07-20T17:00:23.279303+00:00,2026-07-20T17:00:24.394387+00:00
117,pilot,B,fpb-full-002798,fpb,deepseek,deepseek-v4-pro,1,success,200,,,93,0,93,1,94,1173.86,4.132e-05,2026-07-20T17:00:24.708484+00:00,2026-07-20T17:00:25.882129+00:00
118,pilot,B,fpb-full-002801,fpb,deepseek,deepseek-v4-pro,1,success,200,,,137,0,137,1,138,1051.68,6.046e-05,2026-07-20T17:00:26.195164+00:00,2026-07-20T17:00:27.246440+00:00
119,pilot,B,fpb-full-002807,fpb,deepseek,deepseek-v4-pro,1,success,200,,,109,0,109,1,110,1478.87,4.829e-05,2026-07-20T17:00:27.560533+00:00,2026-07-20T17:00:29.039632+00:00
120,pilot,B,fpb-full-002829,fpb,deepseek,deepseek-v4-pro,1,success,200,,,81,0,81,1,82,1541.84,3.611e-05,2026-07-20T17:00:29.352062+00:00,2026-07-20T17:00:30.893583+00:00
121,pilot,B,fpb-full-002851,fpb,deepseek,deepseek-v4-pro,1,success,200,,,100,0,100,1,101,1310.85,4.437e-05,2026-07-20T17:00:31.206541+00:00,2026-07-20T17:00:32.517443+00:00
122,pilot,B,fpb-full-002866,fpb,deepseek,deepseek-v4-pro,1,success,200,,,82,0,82,1,83,1325.8,3.654e-05,2026-07-20T17:00:32.830197+00:00,2026-07-20T17:00:34.156407+00:00
123,pilot,B,fpb-full-002868,fpb,deepseek,deepseek-v4-pro,1,success,200,,,102,0,102,1,103,1210.01,4.524e-05,2026-07-20T17:00:34.468566+00:00,2026-07-20T17:00:35.679089+00:00
124,pilot,B,fpb-full-002887,fpb,deepseek,deepseek-v4-pro,1,success,200,,,115,0,115,1,116,1319.74,5.089e-05,2026-07-20T17:00:35.992175+00:00,2026-07-20T17:00:37.311845+00:00
125,pilot,B,fpb-full-002895,fpb,deepseek,deepseek-v4-pro,1,success,200,,,118,0,118,1,119,1289.48,5.22e-05,2026-07-20T17:00:37.625779+00:00,2026-07-20T17:00:38.915222+00:00
126,pilot,B,fpb-full-002935,fpb,deepseek,deepseek-v4-pro,1,success,200,,,123,0,123,1,124,1447.19,5.438e-05,2026-07-20T17:00:39.228306+00:00,2026-07-20T17:00:40.675788+00:00
127,pilot,B,fpb-full-002976,fpb,deepseek,deepseek-v4-pro,1,success,200,,,106,0,106,1,107,1231.94,4.698e-05,2026-07-20T17:00:40.993772+00:00,2026-07-20T17:00:42.226047+00:00
128,pilot,B,fpb-full-003002,fpb,deepseek,deepseek-v4-pro,1,success,200,,,97,0,97,1,98,1197.07,4.306e-05,2026-07-20T17:00:42.539791+00:00,2026-07-20T17:00:43.736942+00:00
129,pilot,B,fpb-full-003043,fpb,deepseek,deepseek-v4-pro,1,success,200,,,83,0,83,1,84,1166.65,3.697e-05,2026-07-20T17:00:44.049434+00:00,2026-07-20T17:00:45.216215+00:00
130,pilot,B,fpb-full-003080,fpb,deepseek,deepseek-v4-pro,1,success,200,,,81,0,81,1,82,1199.25,3.611e-05,2026-07-20T17:00:45.528907+00:00,2026-07-20T17:00:46.727588+00:00
131,pilot,B,fpb-full-003085,fpb,deepseek,deepseek-v4-pro,1,success,200,,,98,0,98,1,99,1170.59,4.35e-05,2026-07-20T17:00:47.041144+00:00,2026-07-20T17:00:48.211592+00:00
132,pilot,B,fpb-full-003086,fpb,deepseek,deepseek-v4-pro,1,success,200,,,87,0,87,1,88,1361.58,3.871e-05,2026-07-20T17:00:48.525680+00:00,2026-07-20T17:00:49.886954+00:00
133,pilot,B,fpb-full-003104,fpb,deepseek,deepseek-v4-pro,1,success,200,,,100,0,100,1,101,1499.81,4.437e-05,2026-07-20T17:00:50.200160+00:00,2026-07-20T17:00:51.699768+00:00
134,pilot,B,fpb-full-003144,fpb,deepseek,deepseek-v4-pro,1,success,200,,,97,0,97,1,98,1107.67,4.306e-05,2026-07-20T17:00:52.013607+00:00,2026-07-20T17:00:53.121433+00:00
135,pilot,B,fpb-full-003168,fpb,deepseek,deepseek-v4-pro,1,success,200,,,97,0,97,1,98,1331.86,4.306e-05,2026-07-20T17:00:53.434847+00:00,2026-07-20T17:00:54.766656+00:00
136,pilot,B,fpb-full-003171,fpb,deepseek,deepseek-v4-pro,1,success,200,,,88,0,88,1,89,1441.69,3.915e-05,2026-07-20T17:00:55.079342+00:00,2026-07-20T17:00:56.520870+00:00
137,pilot,B,fpb-full-003235,fpb,deepseek,deepseek-v4-pro,1,success,200,,,81,0,81,1,82,1547.29,3.611e-05,2026-07-20T17:00:56.833350+00:00,2026-07-20T17:00:58.380148+00:00
138,pilot,B,fpb-full-003299,fpb,deepseek,deepseek-v4-pro,1,success,200,,,119,0,119,1,120,1143.89,5.264e-05,2026-07-20T17:00:58.694862+00:00,2026-07-20T17:00:59.838335+00:00
139,pilot,B,fpb-full-003311,fpb,deepseek,deepseek-v4-pro,1,success,200,,,117,0,117,1,118,1380.35,5.176e-05,2026-07-20T17:01:00.152548+00:00,2026-07-20T17:01:01.532557+00:00
140,pilot,B,fpb-full-003315,fpb,deepseek,deepseek-v4-pro,1,success,200,,,86,0,86,1,87,1232.99,3.828e-05,2026-07-20T17:01:01.846734+00:00,2026-07-20T17:01:03.080216+00:00
141,pilot,B,fpb-full-003332,fpb,deepseek,deepseek-v4-pro,1,success,200,,,92,0,92,1,93,1240.0,4.089e-05,2026-07-20T17:01:03.393138+00:00,2026-07-20T17:01:04.633222+00:00
142,pilot,B,fpb-full-003363,fpb,deepseek,deepseek-v4-pro,1,success,200,,,94,0,94,1,95,1258.06,4.176e-05,2026-07-20T17:01:04.946097+00:00,2026-07-20T17:01:06.204095+00:00
143,pilot,B,fpb-full-003381,fpb,deepseek,deepseek-v4-pro,1,success,200,,,83,0,83,1,84,1199.39,3.697e-05,2026-07-20T17:01:06.517343+00:00,2026-07-20T17:01:07.716491+00:00
144,pilot,B,fpb-full-003384,fpb,deepseek,deepseek-v4-pro,1,success,200,,,124,0,124,1,125,1522.65,5.481e-05,2026-07-20T17:01:08.030305+00:00,2026-07-20T17:01:09.552498+00:00
145,pilot,B,fpb-full-003432,fpb,deepseek,deepseek-v4-pro,1,success,200,,,110,0,110,1,111,1292.83,4.872e-05,2026-07-20T17:01:09.866554+00:00,2026-07-20T17:01:11.159139+00:00
146,pilot,B,fpb-full-003435,fpb,deepseek,deepseek-v4-pro,1,success,200,,,110,0,110,1,111,1384.84,4.872e-05,2026-07-20T17:01:11.473770+00:00,2026-07-20T17:01:12.858643+00:00
147,pilot,B,fpb-full-003451,fpb,deepseek,deepseek-v4-pro,1,success,200,,,75,0,75,1,76,1275.99,3.349e-05,2026-07-20T17:01:13.172797+00:00,2026-07-20T17:01:14.448691+00:00
148,pilot,B,fpb-full-003470,fpb,deepseek,deepseek-v4-pro,1,success,200,,,87,0,87,1,88,841.5,3.871e-05,2026-07-20T17:01:14.763410+00:00,2026-07-20T17:01:15.604245+00:00
149,pilot,B,fpb-full-003487,fpb,deepseek,deepseek-v4-pro,1,success,200,,,77,0,77,1,78,1091.51,3.437e-05,2026-07-20T17:01:15.919514+00:00,2026-07-20T17:01:17.011245+00:00
150,pilot,B,fpb-full-003505,fpb,deepseek,deepseek-v4-pro,1,success,200,,,121,0,121,1,122,886.77,5.35e-05,2026-07-20T17:01:17.323889+00:00,2026-07-20T17:01:18.210012+00:00
151,pilot,B,fpb-full-003519,fpb,deepseek,deepseek-v4-pro,1,success,200,,,138,0,138,1,139,964.44,6.09e-05,2026-07-20T17:01:18.523853+00:00,2026-07-20T17:01:19.487602+00:00
152,pilot,B,fpb-full-003523,fpb,deepseek,deepseek-v4-pro,1,success,200,,,86,0,86,1,87,930.67,3.828e-05,2026-07-20T17:01:19.802036+00:00,2026-07-20T17:01:20.732012+00:00
153,pilot,B,fpb-full-003605,fpb,deepseek,deepseek-v4-pro,1,success,200,,,85,0,85,1,86,1037.99,3.785e-05,2026-07-20T17:01:21.046097+00:00,2026-07-20T17:01:22.084648+00:00
154,pilot,B,fpb-full-003634,fpb,deepseek,deepseek-v4-pro,1,success,200,,,111,0,111,1,112,920.18,4.915e-05,2026-07-20T17:01:22.398108+00:00,2026-07-20T17:01:23.318782+00:00
155,pilot,B,fpb-full-003667,fpb,deepseek,deepseek-v4-pro,1,success,200,,,97,0,97,1,98,1031.84,4.306e-05,2026-07-20T17:01:23.631960+00:00,2026-07-20T17:01:24.663868+00:00
156,pilot,B,fpb-full-003675,fpb,deepseek,deepseek-v4-pro,1,success,200,,,89,0,89,1,90,1351.35,3.958e-05,2026-07-20T17:01:24.976734+00:00,2026-07-20T17:01:26.327715+00:00
157,pilot,B,fpb-full-003702,fpb,deepseek,deepseek-v4-pro,1,success,200,,,98,0,98,1,99,1275.39,4.35e-05,2026-07-20T17:01:26.641753+00:00,2026-07-20T17:01:27.916572+00:00
158,pilot,B,fpb-full-003732,fpb,deepseek,deepseek-v4-pro,1,success,200,,,100,0,100,1,101,990.26,4.437e-05,2026-07-20T17:01:28.230343+00:00,2026-07-20T17:01:29.219951+00:00
159,pilot,B,fpb-full-003745,fpb,deepseek,deepseek-v4-pro,1,success,200,,,87,0,87,1,88,1301.22,3.871e-05,2026-07-20T17:01:29.534815+00:00,2026-07-20T17:01:30.835598+00:00
160,pilot,B,fpb-full-003746,fpb,deepseek,deepseek-v4-pro,1,success,200,,,103,0,103,1,104,1287.74,4.567e-05,2026-07-20T17:01:31.149697+00:00,2026-07-20T17:01:32.438095+00:00
161,pilot,B,fpb-full-003752,fpb,deepseek,deepseek-v4-pro,1,success,200,,,105,0,105,1,106,1435.94,4.654e-05,2026-07-20T17:01:32.752106+00:00,2026-07-20T17:01:34.187503+00:00
162,pilot,B,fpb-full-003774,fpb,deepseek,deepseek-v4-pro,1,success,200,,,81,0,81,1,82,1107.31,3.611e-05,2026-07-20T17:01:34.501043+00:00,2026-07-20T17:01:35.607815+00:00
163,pilot,B,fpb-full-003787,fpb,deepseek,deepseek-v4-pro,1,success,200,,,99,0,99,1,100,1492.43,4.393e-05,2026-07-20T17:01:35.921904+00:00,2026-07-20T17:01:37.413948+00:00
164,pilot,B,fpb-full-003790,fpb,deepseek,deepseek-v4-pro,1,success,200,,,103,0,103,1,104,1283.8,4.567e-05,2026-07-20T17:01:37.727291+00:00,2026-07-20T17:01:39.010333+00:00
165,pilot,B,fpb-full-003802,fpb,deepseek,deepseek-v4-pro,1,success,200,,,103,0,103,1,104,1318.08,4.567e-05,2026-07-20T17:01:39.324194+00:00,2026-07-20T17:01:40.641870+00:00
166,pilot,B,fpb-full-003817,fpb,deepseek,deepseek-v4-pro,1,success,200,,,103,0,103,1,104,1265.43,4.567e-05,2026-07-20T17:01:40.955230+00:00,2026-07-20T17:01:42.220157+00:00
167,pilot,B,fpb-full-003821,fpb,deepseek,deepseek-v4-pro,1,success,200,,,102,0,102,1,103,1287.01,4.524e-05,2026-07-20T17:01:42.534621+00:00,2026-07-20T17:01:43.821944+00:00
168,pilot,B,fpb-full-003824,fpb,deepseek,deepseek-v4-pro,1,success,200,,,90,0,90,1,91,915.74,4.002e-05,2026-07-20T17:01:44.135828+00:00,2026-07-20T17:01:45.051397+00:00
169,pilot,B,fpb-full-003837,fpb,deepseek,deepseek-v4-pro,1,success,200,,,94,0,94,1,95,1021.89,4.176e-05,2026-07-20T17:01:45.365114+00:00,2026-07-20T17:01:46.387190+00:00
170,pilot,B,fpb-full-003839,fpb,deepseek,deepseek-v4-pro,1,success,200,,,117,0,117,1,118,761.54,5.176e-05,2026-07-20T17:01:46.700650+00:00,2026-07-20T17:01:47.461704+00:00
171,pilot,B,fpb-full-003865,fpb,deepseek,deepseek-v4-pro,1,success,200,,,94,0,94,1,95,1150.56,4.176e-05,2026-07-20T17:01:47.775615+00:00,2026-07-20T17:01:48.925819+00:00
172,pilot,B,fpb-full-003943,fpb,deepseek,deepseek-v4-pro,1,success,200,,,98,0,98,1,99,960.55,4.35e-05,2026-07-20T17:01:49.240265+00:00,2026-07-20T17:01:50.200658+00:00
173,pilot,B,fpb-full-003948,fpb,deepseek,deepseek-v4-pro,1,success,200,,,105,0,105,1,106,899.52,4.654e-05,2026-07-20T17:01:50.513822+00:00,2026-07-20T17:01:51.413444+00:00
174,pilot,B,fpb-full-004054,fpb,deepseek,deepseek-v4-pro,1,success,200,,,98,0,98,1,99,831.09,4.35e-05,2026-07-20T17:01:51.727422+00:00,2026-07-20T17:01:52.557641+00:00
175,pilot,B,fpb-full-004160,fpb,deepseek,deepseek-v4-pro,1,success,200,,,107,0,107,1,108,1053.06,4.741e-05,2026-07-20T17:01:52.871705+00:00,2026-07-20T17:01:53.924755+00:00
176,pilot,B,fpb-full-004170,fpb,deepseek,deepseek-v4-pro,1,success,200,,,110,0,110,1,111,905.96,4.872e-05,2026-07-20T17:01:54.238166+00:00,2026-07-20T17:01:55.144438+00:00
177,pilot,B,fpb-full-004175,fpb,deepseek,deepseek-v4-pro,1,success,200,,,83,0,83,1,84,897.42,3.697e-05,2026-07-20T17:01:55.457055+00:00,2026-07-20T17:01:56.354964+00:00
178,pilot,B,fpb-full-004190,fpb,deepseek,deepseek-v4-pro,1,success,200,,,98,0,98,1,99,808.51,4.35e-05,2026-07-20T17:01:56.668813+00:00,2026-07-20T17:01:57.476628+00:00
179,pilot,B,fpb-full-004197,fpb,deepseek,deepseek-v4-pro,1,success,200,,,93,0,93,1,94,909.37,4.132e-05,2026-07-20T17:01:57.790019+00:00,2026-07-20T17:01:58.699221+00:00
180,pilot,B,fpb-full-004198,fpb,deepseek,deepseek-v4-pro,1,success,200,,,78,0,78,1,79,1113.36,3.48e-05,2026-07-20T17:01:59.012418+00:00,2026-07-20T17:02:00.125835+00:00
181,pilot,B,fpb-full-004211,fpb,deepseek,deepseek-v4-pro,1,success,200,,,99,0,99,1,100,912.63,4.393e-05,2026-07-20T17:02:00.440324+00:00,2026-07-20T17:02:01.353232+00:00
182,pilot,B,fpb-full-004220,fpb,deepseek,deepseek-v4-pro,1,success,200,,,82,0,82,1,83,865.13,3.654e-05,2026-07-20T17:02:01.667370+00:00,2026-07-20T17:02:02.532544+00:00
183,pilot,B,fpb-full-004288,fpb,deepseek,deepseek-v4-pro,1,success,200,,,98,0,98,1,99,816.54,4.35e-05,2026-07-20T17:02:02.846556+00:00,2026-07-20T17:02:03.663014+00:00
184,pilot,B,fpb-full-004296,fpb,deepseek,deepseek-v4-pro,1,success,200,,,87,0,87,1,88,878.78,3.871e-05,2026-07-20T17:02:03.975760+00:00,2026-07-20T17:02:04.854730+00:00
185,pilot,B,fpb-full-004322,fpb,deepseek,deepseek-v4-pro,1,success,200,,,94,0,94,1,95,1116.38,4.176e-05,2026-07-20T17:02:05.169140+00:00,2026-07-20T17:02:06.285328+00:00
186,pilot,B,fpb-full-004358,fpb,deepseek,deepseek-v4-pro,1,success,200,,,82,0,82,1,83,888.68,3.654e-05,2026-07-20T17:02:06.598770+00:00,2026-07-20T17:02:07.487281+00:00
187,pilot,B,fpb-full-004401,fpb,deepseek,deepseek-v4-pro,1,success,200,,,130,128,2,1,131,975.5,2.2e-06,2026-07-20T17:02:07.801715+00:00,2026-07-20T17:02:08.776990+00:00
188,pilot,B,fpb-full-004437,fpb,deepseek,deepseek-v4-pro,1,success,200,,,104,0,104,1,105,806.24,4.611e-05,2026-07-20T17:02:09.089972+00:00,2026-07-20T17:02:09.896590+00:00
189,pilot,B,fpb-full-004444,fpb,deepseek,deepseek-v4-pro,1,success,200,,,108,0,108,1,109,1285.86,4.785e-05,2026-07-20T17:02:10.210019+00:00,2026-07-20T17:02:11.496040+00:00
190,pilot,B,fpb-full-004449,fpb,deepseek,deepseek-v4-pro,1,success,200,,,97,0,97,1,98,1181.35,4.306e-05,2026-07-20T17:02:11.810674+00:00,2026-07-20T17:02:12.992362+00:00
191,pilot,B,fpb-full-004460,fpb,deepseek,deepseek-v4-pro,1,success,200,,,117,0,117,1,118,1132.71,5.176e-05,2026-07-20T17:02:13.305889+00:00,2026-07-20T17:02:14.438429+00:00
192,pilot,B,fpb-full-004559,fpb,deepseek,deepseek-v4-pro,1,success,200,,,111,0,111,1,112,653.8,4.915e-05,2026-07-20T17:02:14.751882+00:00,2026-07-20T17:02:15.405046+00:00
193,pilot,B,fpb-full-004565,fpb,deepseek,deepseek-v4-pro,1,success,200,,,86,0,86,1,87,1009.16,3.828e-05,2026-07-20T17:02:15.719068+00:00,2026-07-20T17:02:16.728357+00:00
194,pilot,B,fpb-full-004686,fpb,deepseek,deepseek-v4-pro,1,success,200,,,138,0,138,1,139,882.83,6.09e-05,2026-07-20T17:02:17.041757+00:00,2026-07-20T17:02:17.924035+00:00
195,pilot,B,fpb-full-004698,fpb,deepseek,deepseek-v4-pro,1,success,200,,,116,0,116,1,117,874.94,5.133e-05,2026-07-20T17:02:18.238203+00:00,2026-07-20T17:02:19.113426+00:00
196,pilot,B,fpb-full-004723,fpb,deepseek,deepseek-v4-pro,1,success,200,,,90,0,90,1,91,902.15,4.002e-05,2026-07-20T17:02:19.426728+00:00,2026-07-20T17:02:20.328066+00:00
197,pilot,B,fpb-full-004739,fpb,deepseek,deepseek-v4-pro,1,success,200,,,114,0,114,1,115,753.98,5.046e-05,2026-07-20T17:02:20.642031+00:00,2026-07-20T17:02:21.396421+00:00
198,pilot,B,fpb-full-004804,fpb,deepseek,deepseek-v4-pro,1,success,200,,,114,0,114,1,115,824.54,5.046e-05,2026-07-20T17:02:21.709499+00:00,2026-07-20T17:02:22.533975+00:00
199,pilot,B,fpb-full-004835,fpb,deepseek,deepseek-v4-pro,1,success,200,,,99,0,99,1,100,824.63,4.393e-05,2026-07-20T17:02:22.848470+00:00,2026-07-20T17:02:23.673290+00:00
200,pilot,B,fpb-full-004844,fpb,deepseek,deepseek-v4-pro,1,success,200,,,105,0,105,1,106,816.95,4.654e-05,2026-07-20T17:02:24.013569+00:00,2026-07-20T17:02:24.829843+00:00
201,pilot,B,fiqa_sa-test-000014,fiqa_sa,deepseek,deepseek-v4-pro,1,success,200,,,88,0,88,1,89,751.92,3.915e-05,2026-07-20T17:02:25.143645+00:00,2026-07-20T17:02:25.895974+00:00
202,pilot,B,fiqa_sa-test-000040,fiqa_sa,deepseek,deepseek-v4-pro,1,success,200,,,85,0,85,1,86,841.54,3.785e-05,2026-07-20T17:02:26.209695+00:00,2026-07-20T17:02:27.050901+00:00
203,pilot,B,fiqa_sa-test-000041,fiqa_sa,deepseek,deepseek-v4-pro,1,success,200,,,84,0,84,1,85,890.65,3.741e-05,2026-07-20T17:02:27.364429+00:00,2026-07-20T17:02:28.254359+00:00
204,pilot,B,fiqa_sa-test-000047,fiqa_sa,deepseek,deepseek-v4-pro,1,success,200,,,81,0,81,1,82,1070.22,3.611e-05,2026-07-20T17:02:28.569364+00:00,2026-07-20T17:02:29.639209+00:00
205,pilot,B,fiqa_sa-test-000055,fiqa_sa,deepseek,deepseek-v4-pro,1,success,200,,,81,0,81,1,82,942.54,3.611e-05,2026-07-20T17:02:29.953637+00:00,2026-07-20T17:02:30.895956+00:00
206,pilot,B,fiqa_sa-test-000057,fiqa_sa,deepseek,deepseek-v4-pro,1,success,200,,,89,0,89,1,90,941.81,3.958e-05,2026-07-20T17:02:31.209697+00:00,2026-07-20T17:02:32.151588+00:00
207,pilot,B,fiqa_sa-test-000064,fiqa_sa,deepseek,deepseek-v4-pro,1,success,200,,,86,0,86,1,87,878.56,3.828e-05,2026-07-20T17:02:32.465418+00:00,2026-07-20T17:02:33.343833+00:00
208,pilot,B,fiqa_sa-test-000067,fiqa_sa,deepseek,deepseek-v4-pro,1,success,200,,,91,0,91,1,92,899.28,4.045e-05,2026-07-20T17:02:33.657165+00:00,2026-07-20T17:02:34.555769+00:00
209,pilot,B,fiqa_sa-test-000069,fiqa_sa,deepseek,deepseek-v4-pro,1,success,200,,,89,0,89,1,90,963.16,3.958e-05,2026-07-20T17:02:34.869828+00:00,2026-07-20T17:02:35.833255+00:00
210,pilot,B,fiqa_sa-test-000076,fiqa_sa,deepseek,deepseek-v4-pro,1,success,200,,,91,0,91,1,92,792.41,4.045e-05,2026-07-20T17:02:36.146541+00:00,2026-07-20T17:02:36.939064+00:00
211,pilot,B,fiqa_sa-test-000079,fiqa_sa,deepseek,deepseek-v4-pro,1,success,200,,,86,0,86,1,87,804.24,3.828e-05,2026-07-20T17:02:37.252967+00:00,2026-07-20T17:02:38.057188+00:00
212,pilot,B,fiqa_sa-test-000095,fiqa_sa,deepseek,deepseek-v4-pro,1,success,200,,,79,0,79,1,80,872.06,3.523e-05,2026-07-20T17:02:38.372479+00:00,2026-07-20T17:02:39.244127+00:00
213,pilot,B,fiqa_sa-test-000097,fiqa_sa,deepseek,deepseek-v4-pro,1,success,200,,,86,0,86,1,87,802.13,3.828e-05,2026-07-20T17:02:39.559975+00:00,2026-07-20T17:02:40.361478+00:00
214,pilot,B,fiqa_sa-test-000104,fiqa_sa,deepseek,deepseek-v4-pro,1,success,200,,,96,0,96,1,97,1039.43,4.263e-05,2026-07-20T17:02:40.675168+00:00,2026-07-20T17:02:41.714303+00:00
215,pilot,B,fiqa_sa-test-000106,fiqa_sa,deepseek,deepseek-v4-pro,1,success,200,,,100,0,100,1,101,920.76,4.437e-05,2026-07-20T17:02:42.027968+00:00,2026-07-20T17:02:42.948835+00:00
216,pilot,B,fiqa_sa-test-000112,fiqa_sa,deepseek,deepseek-v4-pro,1,success,200,,,88,0,88,1,89,867.11,3.915e-05,2026-07-20T17:02:43.262216+00:00,2026-07-20T17:02:44.129283+00:00
217,pilot,B,fiqa_sa-test-000117,fiqa_sa,deepseek,deepseek-v4-pro,1,success,200,,,78,0,78,1,79,890.62,3.48e-05,2026-07-20T17:02:44.442289+00:00,2026-07-20T17:02:45.332870+00:00
218,pilot,B,fiqa_sa-test-000119,fiqa_sa,deepseek,deepseek-v4-pro,1,success,200,,,113,0,113,1,114,980.96,5.002e-05,2026-07-20T17:02:45.647166+00:00,2026-07-20T17:02:46.628247+00:00
219,pilot,B,fiqa_sa-test-000125,fiqa_sa,deepseek,deepseek-v4-pro,1,success,200,,,103,0,103,1,104,1259.78,4.567e-05,2026-07-20T17:02:46.942528+00:00,2026-07-20T17:02:48.202528+00:00
220,pilot,B,fiqa_sa-test-000127,fiqa_sa,deepseek,deepseek-v4-pro,1,success,200,,,110,0,110,1,111,1027.2,4.872e-05,2026-07-20T17:02:48.515958+00:00,2026-07-20T17:02:49.542679+00:00
221,pilot,B,fiqa_sa-test-000140,fiqa_sa,deepseek,deepseek-v4-pro,1,success,200,,,91,0,91,1,92,1158.77,4.045e-05,2026-07-20T17:02:49.856218+00:00,2026-07-20T17:02:51.014676+00:00
222,pilot,B,fiqa_sa-test-000142,fiqa_sa,deepseek,deepseek-v4-pro,1,success,200,,,90,0,90,1,91,1077.43,4.002e-05,2026-07-20T17:02:51.327814+00:00,2026-07-20T17:02:52.405196+00:00
223,pilot,B,fiqa_sa-test-000146,fiqa_sa,deepseek,deepseek-v4-pro,1,success,200,,,101,0,101,1,102,1022.96,4.48e-05,2026-07-20T17:02:52.718317+00:00,2026-07-20T17:02:53.741027+00:00
224,pilot,B,fiqa_sa-test-000147,fiqa_sa,deepseek,deepseek-v4-pro,1,success,200,,,103,0,103,1,104,771.35,4.567e-05,2026-07-20T17:02:54.054960+00:00,2026-07-20T17:02:54.826784+00:00
225,pilot,B,fiqa_sa-test-000153,fiqa_sa,deepseek,deepseek-v4-pro,1,success,200,,,92,0,92,1,93,930.05,4.089e-05,2026-07-20T17:02:55.141193+00:00,2026-07-20T17:02:56.071153+00:00
226,pilot,B,fiqa_sa-test-000154,fiqa_sa,deepseek,deepseek-v4-pro,1,success,200,,,79,0,79,1,80,1062.97,3.523e-05,2026-07-20T17:02:56.384558+00:00,2026-07-20T17:02:57.447325+00:00
227,pilot,B,fiqa_sa-test-000159,fiqa_sa,deepseek,deepseek-v4-pro,1,success,200,,,89,0,89,1,90,691.34,3.958e-05,2026-07-20T17:02:57.761938+00:00,2026-07-20T17:02:58.453498+00:00
228,pilot,B,fiqa_sa-test-000169,fiqa_sa,deepseek,deepseek-v4-pro,1,success,200,,,97,0,97,1,98,839.46,4.306e-05,2026-07-20T17:02:58.791973+00:00,2026-07-20T17:02:59.631669+00:00
229,pilot,B,fiqa_sa-test-000174,fiqa_sa,deepseek,deepseek-v4-pro,1,success,200,,,108,0,108,1,109,904.53,4.785e-05,2026-07-20T17:02:59.945583+00:00,2026-07-20T17:03:00.849883+00:00
230,pilot,B,fiqa_sa-test-000177,fiqa_sa,deepseek,deepseek-v4-pro,1,success,200,,,98,0,98,1,99,953.24,4.35e-05,2026-07-20T17:03:01.164066+00:00,2026-07-20T17:03:02.117147+00:00
231,pilot,B,fiqa_sa-test-000187,fiqa_sa,deepseek,deepseek-v4-pro,1,success,200,,,116,0,116,1,117,1156.52,5.133e-05,2026-07-20T17:03:02.432474+00:00,2026-07-20T17:03:03.588577+00:00
232,pilot,B,fiqa_sa-test-000188,fiqa_sa,deepseek,deepseek-v4-pro,1,success,200,,,77,0,77,1,78,931.73,3.437e-05,2026-07-20T17:03:03.903279+00:00,2026-07-20T17:03:04.834822+00:00
233,pilot,B,fiqa_sa-test-000191,fiqa_sa,deepseek,deepseek-v4-pro,1,success,200,,,81,0,81,1,82,1243.79,3.611e-05,2026-07-20T17:03:05.148826+00:00,2026-07-20T17:03:06.393046+00:00
234,pilot,B,fiqa_sa-test-000195,fiqa_sa,deepseek,deepseek-v4-pro,1,success,200,,,81,0,81,1,82,976.63,3.611e-05,2026-07-20T17:03:06.706452+00:00,2026-07-20T17:03:07.683430+00:00
235,pilot,B,fiqa_sa-test-000206,fiqa_sa,deepseek,deepseek-v4-pro,1,success,200,,,95,0,95,1,96,1042.35,4.219e-05,2026-07-20T17:03:07.996173+00:00,2026-07-20T17:03:09.038054+00:00
236,pilot,B,fiqa_sa-test-000211,fiqa_sa,deepseek,deepseek-v4-pro,1,success,200,,,112,0,112,1,113,1315.13,4.959e-05,2026-07-20T17:03:09.353096+00:00,2026-07-20T17:03:10.668754+00:00
237,pilot,B,fiqa_sa-test-000214,fiqa_sa,deepseek,deepseek-v4-pro,1,success,200,,,95,0,95,1,96,924.13,4.219e-05,2026-07-20T17:03:10.981842+00:00,2026-07-20T17:03:11.906334+00:00
238,pilot,B,fiqa_sa-test-000223,fiqa_sa,deepseek,deepseek-v4-pro,1,success,200,,,91,0,91,1,92,917.24,4.045e-05,2026-07-20T17:03:12.219844+00:00,2026-07-20T17:03:13.137260+00:00
239,pilot,B,fiqa_sa-test-000228,fiqa_sa,deepseek,deepseek-v4-pro,1,success,200,,,82,0,82,1,83,824.51,3.654e-05,2026-07-20T17:03:13.451351+00:00,2026-07-20T17:03:14.275968+00:00
240,pilot,B,fiqa_sa-test-000233,fiqa_sa,deepseek,deepseek-v4-pro,1,success,200,,,122,0,122,1,123,946.19,5.394e-05,2026-07-20T17:03:14.590164+00:00,2026-07-20T17:03:15.536534+00:00
241,pilot,B,fiqa_sa-train-000014,fiqa_sa,deepseek,deepseek-v4-pro,1,success,200,,,88,0,88,1,89,1030.12,3.915e-05,2026-07-20T17:03:15.850281+00:00,2026-07-20T17:03:16.880435+00:00
242,pilot,B,fiqa_sa-train-000015,fiqa_sa,deepseek,deepseek-v4-pro,1,success,200,,,86,0,86,1,87,1012.03,3.828e-05,2026-07-20T17:03:17.193566+00:00,2026-07-20T17:03:18.205886+00:00
243,pilot,B,fiqa_sa-train-000016,fiqa_sa,deepseek,deepseek-v4-pro,1,success,200,,,87,0,87,1,88,852.74,3.871e-05,2026-07-20T17:03:18.519689+00:00,2026-07-20T17:03:19.372309+00:00
244,pilot,B,fiqa_sa-train-000024,fiqa_sa,deepseek,deepseek-v4-pro,1,success,200,,,86,0,86,1,87,899.35,3.828e-05,2026-07-20T17:03:19.686034+00:00,2026-07-20T17:03:20.585423+00:00
245,pilot,B,fiqa_sa-train-000027,fiqa_sa,deepseek,deepseek-v4-pro,1,success,200,,,90,0,90,1,91,852.83,4.002e-05,2026-07-20T17:03:20.901700+00:00,2026-07-20T17:03:21.754664+00:00
246,pilot,B,fiqa_sa-train-000030,fiqa_sa,deepseek,deepseek-v4-pro,1,success,200,,,90,0,90,1,91,902.4,4.002e-05,2026-07-20T17:03:22.068667+00:00,2026-07-20T17:03:22.971531+00:00
247,pilot,B,fiqa_sa-train-000031,fiqa_sa,deepseek,deepseek-v4-pro,1,success,200,,,80,0,80,1,81,1129.03,3.567e-05,2026-07-20T17:03:23.312269+00:00,2026-07-20T17:03:24.440983+00:00
248,pilot,B,fiqa_sa-train-000041,fiqa_sa,deepseek,deepseek-v4-pro,1,success,200,,,90,0,90,1,91,1017.89,4.002e-05,2026-07-20T17:03:24.754693+00:00,2026-07-20T17:03:25.772819+00:00
249,pilot,B,fiqa_sa-train-000048,fiqa_sa,deepseek,deepseek-v4-pro,1,success,200,,,90,0,90,1,91,634.81,4.002e-05,2026-07-20T17:03:26.085717+00:00,2026-07-20T17:03:26.720993+00:00
250,pilot,B,fiqa_sa-train-000050,fiqa_sa,deepseek,deepseek-v4-pro,1,success,200,,,82,0,82,1,83,971.28,3.654e-05,2026-07-20T17:03:27.034920+00:00,2026-07-20T17:03:28.006644+00:00
251,pilot,B,fiqa_sa-train-000051,fiqa_sa,deepseek,deepseek-v4-pro,1,success,200,,,82,0,82,1,83,1217.14,3.654e-05,2026-07-20T17:03:28.319860+00:00,2026-07-20T17:03:29.536674+00:00
252,pilot,B,fiqa_sa-train-000054,fiqa_sa,deepseek,deepseek-v4-pro,1,success,200,,,92,0,92,1,93,762.92,4.089e-05,2026-07-20T17:03:29.850732+00:00,2026-07-20T17:03:30.613674+00:00
253,pilot,B,fiqa_sa-train-000059,fiqa_sa,deepseek,deepseek-v4-pro,1,success,200,,,82,0,82,1,83,758.49,3.654e-05,2026-07-20T17:03:30.927595+00:00,2026-07-20T17:03:31.685641+00:00
254,pilot,B,fiqa_sa-train-000061,fiqa_sa,deepseek,deepseek-v4-pro,1,success,200,,,85,0,85,1,86,921.89,3.785e-05,2026-07-20T17:03:31.998914+00:00,2026-07-20T17:03:32.920285+00:00
255,pilot,B,fiqa_sa-train-000063,fiqa_sa,deepseek,deepseek-v4-pro,1,success,200,,,85,0,85,1,86,1011.03,3.785e-05,2026-07-20T17:03:33.233940+00:00,2026-07-20T17:03:34.244807+00:00
256,pilot,B,fiqa_sa-train-000070,fiqa_sa,deepseek,deepseek-v4-pro,1,success,200,,,93,0,93,1,94,1217.04,4.132e-05,2026-07-20T17:03:34.558465+00:00,2026-07-20T17:03:35.775632+00:00
257,pilot,B,fiqa_sa-train-000075,fiqa_sa,deepseek,deepseek-v4-pro,1,success,200,,,84,0,84,1,85,864.64,3.741e-05,2026-07-20T17:03:36.089567+00:00,2026-07-20T17:03:36.953476+00:00
258,pilot,B,fiqa_sa-train-000089,fiqa_sa,deepseek,deepseek-v4-pro,1,success,200,,,81,0,81,1,82,845.36,3.611e-05,2026-07-20T17:03:37.267200+00:00,2026-07-20T17:03:38.112474+00:00
259,pilot,B,fiqa_sa-train-000092,fiqa_sa,deepseek,deepseek-v4-pro,1,success,200,,,92,0,92,1,93,762.07,4.089e-05,2026-07-20T17:03:38.426528+00:00,2026-07-20T17:03:39.188683+00:00
260,pilot,B,fiqa_sa-train-000097,fiqa_sa,deepseek,deepseek-v4-pro,1,success,200,,,84,0,84,1,85,919.71,3.741e-05,2026-07-20T17:03:39.502805+00:00,2026-07-20T17:03:40.422595+00:00
261,pilot,B,fiqa_sa-train-000099,fiqa_sa,deepseek,deepseek-v4-pro,1,success,200,,,83,0,83,1,84,875.68,3.697e-05,2026-07-20T17:03:40.738743+00:00,2026-07-20T17:03:41.614242+00:00
262,pilot,B,fiqa_sa-train-000100,fiqa_sa,deepseek,deepseek-v4-pro,1,success,200,,,82,0,82,1,83,660.44,3.654e-05,2026-07-20T17:03:41.928246+00:00,2026-07-20T17:03:42.588505+00:00
263,pilot,B,fiqa_sa-train-000118,fiqa_sa,deepseek,deepseek-v4-pro,1,success,200,,,96,0,96,1,97,955.52,4.263e-05,2026-07-20T17:03:42.903140+00:00,2026-07-20T17:03:43.858120+00:00
264,pilot,B,fiqa_sa-train-000123,fiqa_sa,deepseek,deepseek-v4-pro,1,success,200,,,80,0,80,1,81,691.99,3.567e-05,2026-07-20T17:03:44.172260+00:00,2026-07-20T17:03:44.863666+00:00
265,pilot,B,fiqa_sa-train-000124,fiqa_sa,deepseek,deepseek-v4-pro,1,success,200,,,89,0,89,1,90,912.84,3.958e-05,2026-07-20T17:03:45.177579+00:00,2026-07-20T17:03:46.090227+00:00
266,pilot,B,fiqa_sa-train-000129,fiqa_sa,deepseek,deepseek-v4-pro,1,success,200,,,89,0,89,1,90,824.54,3.958e-05,2026-07-20T17:03:46.404049+00:00,2026-07-20T17:03:47.228387+00:00
267,pilot,B,fiqa_sa-train-000140,fiqa_sa,deepseek,deepseek-v4-pro,1,success,200,,,80,0,80,1,81,1007.48,3.567e-05,2026-07-20T17:03:47.541793+00:00,2026-07-20T17:03:48.548977+00:00
268,pilot,B,fiqa_sa-train-000144,fiqa_sa,deepseek,deepseek-v4-pro,1,success,200,,,86,0,86,1,87,876.87,3.828e-05,2026-07-20T17:03:48.862938+00:00,2026-07-20T17:03:49.739510+00:00
269,pilot,B,fiqa_sa-train-000145,fiqa_sa,deepseek,deepseek-v4-pro,1,success,200,,,80,0,80,1,81,830.35,3.567e-05,2026-07-20T17:03:50.053509+00:00,2026-07-20T17:03:50.883517+00:00
270,pilot,B,fiqa_sa-train-000155,fiqa_sa,deepseek,deepseek-v4-pro,1,success,200,,,91,0,91,1,92,823.2,4.045e-05,2026-07-20T17:03:51.197560+00:00,2026-07-20T17:03:52.020018+00:00
271,pilot,B,fiqa_sa-train-000174,fiqa_sa,deepseek,deepseek-v4-pro,1,success,200,,,89,0,89,1,90,947.75,3.958e-05,2026-07-20T17:03:52.335337+00:00,2026-07-20T17:03:53.283249+00:00
272,pilot,B,fiqa_sa-train-000176,fiqa_sa,deepseek,deepseek-v4-pro,1,success,200,,,83,0,83,1,84,791.37,3.697e-05,2026-07-20T17:03:53.596570+00:00,2026-07-20T17:03:54.388293+00:00
273,pilot,B,fiqa_sa-train-000181,fiqa_sa,deepseek,deepseek-v4-pro,1,success,200,,,87,0,87,1,88,894.27,3.871e-05,2026-07-20T17:03:54.701801+00:00,2026-07-20T17:03:55.596127+00:00
274,pilot,B,fiqa_sa-train-000183,fiqa_sa,deepseek,deepseek-v4-pro,1,success,200,,,80,0,80,1,81,802.79,3.567e-05,2026-07-20T17:03:55.909943+00:00,2026-07-20T17:03:56.712861+00:00
275,pilot,B,fiqa_sa-train-000203,fiqa_sa,deepseek,deepseek-v4-pro,1,success,200,,,82,0,82,1,83,979.35,3.654e-05,2026-07-20T17:03:57.027891+00:00,2026-07-20T17:03:58.006476+00:00
276,pilot,B,fiqa_sa-train-000205,fiqa_sa,deepseek,deepseek-v4-pro,1,success,200,,,79,0,79,1,80,844.89,3.523e-05,2026-07-20T17:03:58.321378+00:00,2026-07-20T17:03:59.165383+00:00
277,pilot,B,fiqa_sa-train-000206,fiqa_sa,deepseek,deepseek-v4-pro,1,success,200,,,93,0,93,1,94,843.94,4.132e-05,2026-07-20T17:03:59.479953+00:00,2026-07-20T17:04:00.323887+00:00
278,pilot,B,fiqa_sa-train-000210,fiqa_sa,deepseek,deepseek-v4-pro,1,success,200,,,86,0,86,1,87,1109.6,3.828e-05,2026-07-20T17:04:00.638747+00:00,2026-07-20T17:04:01.748550+00:00
279,pilot,B,fiqa_sa-train-000234,fiqa_sa,deepseek,deepseek-v4-pro,1,success,200,,,83,0,83,1,84,697.73,3.697e-05,2026-07-20T17:04:02.063969+00:00,2026-07-20T17:04:02.760947+00:00
280,pilot,B,fiqa_sa-train-000239,fiqa_sa,deepseek,deepseek-v4-pro,1,success,200,,,81,0,81,1,82,843.59,3.611e-05,2026-07-20T17:04:03.074264+00:00,2026-07-20T17:04:03.918563+00:00
281,pilot,B,fiqa_sa-train-000247,fiqa_sa,deepseek,deepseek-v4-pro,1,success,200,,,86,0,86,1,87,842.66,3.828e-05,2026-07-20T17:04:04.231748+00:00,2026-07-20T17:04:05.074453+00:00
282,pilot,B,fiqa_sa-train-000254,fiqa_sa,deepseek,deepseek-v4-pro,1,success,200,,,90,0,90,1,91,735.33,4.002e-05,2026-07-20T17:04:05.388797+00:00,2026-07-20T17:04:06.123063+00:00
283,pilot,B,fiqa_sa-train-000259,fiqa_sa,deepseek,deepseek-v4-pro,1,success,200,,,86,0,86,1,87,873.41,3.828e-05,2026-07-20T17:04:06.437139+00:00,2026-07-20T17:04:07.310743+00:00
284,pilot,B,fiqa_sa-train-000262,fiqa_sa,deepseek,deepseek-v4-pro,1,success,200,,,91,0,91,1,92,871.29,4.045e-05,2026-07-20T17:04:07.625636+00:00,2026-07-20T17:04:08.496834+00:00
285,pilot,B,fiqa_sa-train-000263,fiqa_sa,deepseek,deepseek-v4-pro,1,success,200,,,90,0,90,1,91,853.89,4.002e-05,2026-07-20T17:04:08.810729+00:00,2026-07-20T17:04:09.664565+00:00
286,pilot,B,fiqa_sa-train-000272,fiqa_sa,deepseek,deepseek-v4-pro,1,success,200,,,85,0,85,1,86,911.79,3.785e-05,2026-07-20T17:04:09.978204+00:00,2026-07-20T17:04:10.890247+00:00
287,pilot,B,fiqa_sa-train-000274,fiqa_sa,deepseek,deepseek-v4-pro,1,success,200,,,91,0,91,1,92,841.44,4.045e-05,2026-07-20T17:04:11.203367+00:00,2026-07-20T17:04:12.044744+00:00
288,pilot,B,fiqa_sa-train-000276,fiqa_sa,deepseek,deepseek-v4-pro,1,success,200,,,87,0,87,1,88,1008.64,3.871e-05,2026-07-20T17:04:12.359299+00:00,2026-07-20T17:04:13.368022+00:00
289,pilot,B,fiqa_sa-train-000280,fiqa_sa,deepseek,deepseek-v4-pro,1,success,200,,,85,0,85,1,86,841.1,3.785e-05,2026-07-20T17:04:13.682933+00:00,2026-07-20T17:04:14.523611+00:00
290,pilot,B,fiqa_sa-train-000282,fiqa_sa,deepseek,deepseek-v4-pro,1,success,200,,,85,0,85,1,86,843.97,3.785e-05,2026-07-20T17:04:14.837898+00:00,2026-07-20T17:04:15.681577+00:00
291,pilot,B,fiqa_sa-train-000284,fiqa_sa,deepseek,deepseek-v4-pro,1,success,200,,,82,0,82,1,83,660.24,3.654e-05,2026-07-20T17:04:15.995587+00:00,2026-07-20T17:04:16.655643+00:00
292,pilot,B,fiqa_sa-train-000289,fiqa_sa,deepseek,deepseek-v4-pro,1,success,200,,,83,0,83,1,84,849.79,3.697e-05,2026-07-20T17:04:16.968878+00:00,2026-07-20T17:04:17.818631+00:00
293,pilot,B,fiqa_sa-train-000291,fiqa_sa,deepseek,deepseek-v4-pro,1,success,200,,,84,0,84,1,85,836.79,3.741e-05,2026-07-20T17:04:18.132440+00:00,2026-07-20T17:04:18.969805+00:00
294,pilot,B,fiqa_sa-train-000303,fiqa_sa,deepseek,deepseek-v4-pro,1,success,200,,,87,0,87,1,88,686.05,3.871e-05,2026-07-20T17:04:19.283148+00:00,2026-07-20T17:04:19.969116+00:00
295,pilot,B,fiqa_sa-train-000307,fiqa_sa,deepseek,deepseek-v4-pro,1,success,200,,,83,0,83,1,84,998.99,3.697e-05,2026-07-20T17:04:20.282588+00:00,2026-07-20T17:04:21.280781+00:00
296,pilot,B,fiqa_sa-train-000310,fiqa_sa,deepseek,deepseek-v4-pro,1,success,200,,,90,0,90,1,91,885.94,4.002e-05,2026-07-20T17:04:21.595347+00:00,2026-07-20T17:04:22.481786+00:00
297,pilot,B,fiqa_sa-train-000312,fiqa_sa,deepseek,deepseek-v4-pro,1,success,200,,,80,0,80,1,81,1066.79,3.567e-05,2026-07-20T17:04:22.795708+00:00,2026-07-20T17:04:23.862407+00:00
298,pilot,B,fiqa_sa-train-000317,fiqa_sa,deepseek,deepseek-v4-pro,1,success,200,,,86,0,86,1,87,886.22,3.828e-05,2026-07-20T17:04:24.176723+00:00,2026-07-20T17:04:25.062260+00:00
299,pilot,B,fiqa_sa-train-000318,fiqa_sa,deepseek,deepseek-v4-pro,1,success,200,,,87,0,87,1,88,718.64,3.871e-05,2026-07-20T17:04:25.376440+00:00,2026-07-20T17:04:26.095019+00:00
300,pilot,B,fiqa_sa-train-000325,fiqa_sa,deepseek,deepseek-v4-pro,1,success,200,,,89,0,89,1,90,847.36,3.958e-05,2026-07-20T17:04:26.408589+00:00,2026-07-20T17:04:27.255467+00:00
301,pilot,B,fiqa_sa-train-000339,fiqa_sa,deepseek,deepseek-v4-pro,1,success,200,,,87,0,87,1,88,1110.3,3.871e-05,2026-07-20T17:04:27.571544+00:00,2026-07-20T17:04:28.681716+00:00
302,pilot,B,fiqa_sa-train-000342,fiqa_sa,deepseek,deepseek-v4-pro,1,success,200,,,82,0,82,1,83,856.53,3.654e-05,2026-07-20T17:04:28.995675+00:00,2026-07-20T17:04:29.852257+00:00
303,pilot,B,fiqa_sa-train-000343,fiqa_sa,deepseek,deepseek-v4-pro,1,success,200,,,82,0,82,1,83,835.8,3.654e-05,2026-07-20T17:04:30.165492+00:00,2026-07-20T17:04:31.001529+00:00
304,pilot,B,fiqa_sa-train-000345,fiqa_sa,deepseek,deepseek-v4-pro,1,success,200,,,85,0,85,1,86,790.85,3.785e-05,2026-07-20T17:04:31.315441+00:00,2026-07-20T17:04:32.105974+00:00
305,pilot,B,fiqa_sa-train-000351,fiqa_sa,deepseek,deepseek-v4-pro,1,success,200,,,91,0,91,1,92,1124.2,4.045e-05,2026-07-20T17:04:32.420701+00:00,2026-07-20T17:04:33.544380+00:00
306,pilot,B,fiqa_sa-train-000356,fiqa_sa,deepseek,deepseek-v4-pro,1,success,200,,,109,0,109,1,110,902.26,4.829e-05,2026-07-20T17:04:33.858214+00:00,2026-07-20T17:04:34.760024+00:00
307,pilot,B,fiqa_sa-train-000357,fiqa_sa,deepseek,deepseek-v4-pro,1,success,200,,,101,0,101,1,102,986.77,4.48e-05,2026-07-20T17:04:35.074294+00:00,2026-07-20T17:04:36.061262+00:00
308,pilot,B,fiqa_sa-train-000367,fiqa_sa,deepseek,deepseek-v4-pro,1,success,200,,,93,0,93,1,94,1201.51,4.132e-05,2026-07-20T17:04:36.375717+00:00,2026-07-20T17:04:37.577046+00:00
309,pilot,B,fiqa_sa-train-000373,fiqa_sa,deepseek,deepseek-v4-pro,1,success,200,,,99,0,99,1,100,873.86,4.393e-05,2026-07-20T17:04:37.893377+00:00,2026-07-20T17:04:38.766609+00:00
310,pilot,B,fiqa_sa-train-000374,fiqa_sa,deepseek,deepseek-v4-pro,1,success,200,,,103,0,103,1,104,922.6,4.567e-05,2026-07-20T17:04:39.080676+00:00,2026-07-20T17:04:40.002688+00:00
311,pilot,B,fiqa_sa-train-000386,fiqa_sa,deepseek,deepseek-v4-pro,1,success,200,,,88,0,88,1,89,931.8,3.915e-05,2026-07-20T17:04:40.316395+00:00,2026-07-20T17:04:41.247781+00:00
312,pilot,B,fiqa_sa-train-000399,fiqa_sa,deepseek,deepseek-v4-pro,1,success,200,,,120,0,120,1,121,856.87,5.307e-05,2026-07-20T17:04:41.562166+00:00,2026-07-20T17:04:42.418684+00:00
313,pilot,B,fiqa_sa-train-000414,fiqa_sa,deepseek,deepseek-v4-pro,1,success,200,,,100,0,100,1,101,611.12,4.437e-05,2026-07-20T17:04:42.732946+00:00,2026-07-20T17:04:43.344155+00:00
314,pilot,B,fiqa_sa-train-000419,fiqa_sa,deepseek,deepseek-v4-pro,1,success,200,,,93,0,93,1,94,841.42,4.132e-05,2026-07-20T17:04:43.657277+00:00,2026-07-20T17:04:44.498627+00:00
315,pilot,B,fiqa_sa-train-000428,fiqa_sa,deepseek,deepseek-v4-pro,1,success,200,,,100,0,100,1,101,931.99,4.437e-05,2026-07-20T17:04:44.812424+00:00,2026-07-20T17:04:45.743826+00:00
316,pilot,B,fiqa_sa-train-000429,fiqa_sa,deepseek,deepseek-v4-pro,1,success,200,,,105,0,105,1,106,869.26,4.654e-05,2026-07-20T17:04:46.059375+00:00,2026-07-20T17:04:46.928797+00:00
317,pilot,B,fiqa_sa-train-000436,fiqa_sa,deepseek,deepseek-v4-pro,1,success,200,,,99,0,99,1,100,912.27,4.393e-05,2026-07-20T17:04:47.241980+00:00,2026-07-20T17:04:48.153989+00:00
318,pilot,B,fiqa_sa-train-000452,fiqa_sa,deepseek,deepseek-v4-pro,1,success,200,,,104,0,104,1,105,850.57,4.611e-05,2026-07-20T17:04:48.467682+00:00,2026-07-20T17:04:49.317716+00:00
319,pilot,B,fiqa_sa-train-000454,fiqa_sa,deepseek,deepseek-v4-pro,1,success,200,,,96,0,96,1,97,713.89,4.263e-05,2026-07-20T17:04:49.632039+00:00,2026-07-20T17:04:50.346102+00:00
320,pilot,B,fiqa_sa-train-000458,fiqa_sa,deepseek,deepseek-v4-pro,1,success,200,,,100,0,100,1,101,624.45,4.437e-05,2026-07-20T17:04:50.659131+00:00,2026-07-20T17:04:51.283461+00:00
321,pilot,B,fiqa_sa-train-000461,fiqa_sa,deepseek,deepseek-v4-pro,1,success,200,,,86,0,86,1,87,633.38,3.828e-05,2026-07-20T17:04:51.597833+00:00,2026-07-20T17:04:52.231510+00:00
322,pilot,B,fiqa_sa-train-000463,fiqa_sa,deepseek,deepseek-v4-pro,1,success,200,,,83,0,83,1,84,916.81,3.697e-05,2026-07-20T17:04:52.544540+00:00,2026-07-20T17:04:53.460948+00:00
323,pilot,B,fiqa_sa-train-000464,fiqa_sa,deepseek,deepseek-v4-pro,1,success,200,,,86,0,86,1,87,968.13,3.828e-05,2026-07-20T17:04:53.774350+00:00,2026-07-20T17:04:54.742663+00:00
324,pilot,B,fiqa_sa-train-000467,fiqa_sa,deepseek,deepseek-v4-pro,1,success,200,,,108,0,108,1,109,741.12,4.785e-05,2026-07-20T17:04:55.056299+00:00,2026-07-20T17:04:55.797375+00:00
325,pilot,B,fiqa_sa-train-000475,fiqa_sa,deepseek,deepseek-v4-pro,1,success,200,,,105,0,105,1,106,897.64,4.654e-05,2026-07-20T17:04:56.111015+00:00,2026-07-20T17:04:57.008595+00:00
326,pilot,B,fiqa_sa-train-000477,fiqa_sa,deepseek,deepseek-v4-pro,1,success,200,,,86,0,86,1,87,941.68,3.828e-05,2026-07-20T17:04:57.322238+00:00,2026-07-20T17:04:58.263588+00:00
327,pilot,B,fiqa_sa-train-000478,fiqa_sa,deepseek,deepseek-v4-pro,1,success,200,,,108,0,108,1,109,827.67,4.785e-05,2026-07-20T17:04:58.577544+00:00,2026-07-20T17:04:59.405297+00:00
328,pilot,B,fiqa_sa-train-000486,fiqa_sa,deepseek,deepseek-v4-pro,1,success,200,,,98,0,98,1,99,851.91,4.35e-05,2026-07-20T17:04:59.719783+00:00,2026-07-20T17:05:00.571349+00:00
329,pilot,B,fiqa_sa-train-000495,fiqa_sa,deepseek,deepseek-v4-pro,1,success,200,,,115,0,115,1,116,1005.47,5.089e-05,2026-07-20T17:05:00.886418+00:00,2026-07-20T17:05:01.891903+00:00
330,pilot,B,fiqa_sa-train-000500,fiqa_sa,deepseek,deepseek-v4-pro,1,success,200,,,82,0,82,1,83,886.63,3.654e-05,2026-07-20T17:05:02.205866+00:00,2026-07-20T17:05:03.091757+00:00
331,pilot,B,fiqa_sa-train-000504,fiqa_sa,deepseek,deepseek-v4-pro,1,success,200,,,76,0,76,1,77,856.02,3.393e-05,2026-07-20T17:05:03.406024+00:00,2026-07-20T17:05:04.262302+00:00
332,pilot,B,fiqa_sa-train-000506,fiqa_sa,deepseek,deepseek-v4-pro,1,success,200,,,99,0,99,1,100,1107.18,4.393e-05,2026-07-20T17:05:04.575755+00:00,2026-07-20T17:05:05.682650+00:00
333,pilot,B,fiqa_sa-train-000513,fiqa_sa,deepseek,deepseek-v4-pro,1,success,200,,,75,0,75,1,76,657.63,3.349e-05,2026-07-20T17:05:05.997014+00:00,2026-07-20T17:05:06.654921+00:00
334,pilot,B,fiqa_sa-train-000514,fiqa_sa,deepseek,deepseek-v4-pro,1,success,200,,,98,0,98,1,99,846.83,4.35e-05,2026-07-20T17:05:06.968900+00:00,2026-07-20T17:05:07.815880+00:00
335,pilot,B,fiqa_sa-train-000515,fiqa_sa,deepseek,deepseek-v4-pro,1,success,200,,,103,0,103,1,104,846.84,4.567e-05,2026-07-20T17:05:08.130241+00:00,2026-07-20T17:05:08.977557+00:00
336,pilot,B,fiqa_sa-train-000519,fiqa_sa,deepseek,deepseek-v4-pro,1,success,200,,,101,0,101,1,102,721.13,4.48e-05,2026-07-20T17:05:09.291340+00:00,2026-07-20T17:05:10.012845+00:00
337,pilot,B,fiqa_sa-train-000523,fiqa_sa,deepseek,deepseek-v4-pro,1,success,200,,,84,0,84,1,85,773.25,3.741e-05,2026-07-20T17:05:10.326273+00:00,2026-07-20T17:05:11.099879+00:00
338,pilot,B,fiqa_sa-train-000526,fiqa_sa,deepseek,deepseek-v4-pro,1,success,200,,,98,0,98,1,99,929.78,4.35e-05,2026-07-20T17:05:11.413977+00:00,2026-07-20T17:05:12.343454+00:00
339,pilot,B,fiqa_sa-train-000530,fiqa_sa,deepseek,deepseek-v4-pro,1,success,200,,,81,0,81,1,82,887.42,3.611e-05,2026-07-20T17:05:12.656929+00:00,2026-07-20T17:05:13.544563+00:00
340,pilot,B,fiqa_sa-train-000542,fiqa_sa,deepseek,deepseek-v4-pro,1,success,200,,,90,0,90,1,91,1010.0,4.002e-05,2026-07-20T17:05:13.858977+00:00,2026-07-20T17:05:14.869508+00:00
341,pilot,B,fiqa_sa-train-000552,fiqa_sa,deepseek,deepseek-v4-pro,1,success,200,,,100,0,100,1,101,914.04,4.437e-05,2026-07-20T17:05:15.182850+00:00,2026-07-20T17:05:16.096919+00:00
342,pilot,B,fiqa_sa-train-000553,fiqa_sa,deepseek,deepseek-v4-pro,1,success,200,,,83,0,83,1,84,851.98,3.697e-05,2026-07-20T17:05:16.410700+00:00,2026-07-20T17:05:17.262262+00:00
343,pilot,B,fiqa_sa-train-000556,fiqa_sa,deepseek,deepseek-v4-pro,1,success,200,,,113,0,113,1,114,880.31,5.002e-05,2026-07-20T17:05:17.575852+00:00,2026-07-20T17:05:18.456945+00:00
344,pilot,B,fiqa_sa-train-000574,fiqa_sa,deepseek,deepseek-v4-pro,1,success,200,,,95,0,95,1,96,1006.54,4.219e-05,2026-07-20T17:05:18.770881+00:00,2026-07-20T17:05:19.778066+00:00
345,pilot,B,fiqa_sa-train-000578,fiqa_sa,deepseek,deepseek-v4-pro,1,success,200,,,88,0,88,1,89,830.91,3.915e-05,2026-07-20T17:05:20.091303+00:00,2026-07-20T17:05:20.921371+00:00
346,pilot,B,fiqa_sa-train-000579,fiqa_sa,deepseek,deepseek-v4-pro,1,success,200,,,91,0,91,1,92,1161.12,4.045e-05,2026-07-20T17:05:21.236172+00:00,2026-07-20T17:05:22.397333+00:00
347,pilot,B,fiqa_sa-train-000593,fiqa_sa,deepseek,deepseek-v4-pro,1,success,200,,,98,0,98,1,99,1080.26,4.35e-05,2026-07-20T17:05:22.710831+00:00,2026-07-20T17:05:23.791580+00:00
348,pilot,B,fiqa_sa-train-000598,fiqa_sa,deepseek,deepseek-v4-pro,1,success,200,,,101,0,101,1,102,1026.98,4.48e-05,2026-07-20T17:05:24.105590+00:00,2026-07-20T17:05:25.131886+00:00
349,pilot,B,fiqa_sa-train-000615,fiqa_sa,deepseek,deepseek-v4-pro,1,success,200,,,79,0,79,1,80,921.58,3.523e-05,2026-07-20T17:05:25.446786+00:00,2026-07-20T17:05:26.368215+00:00
350,pilot,B,fiqa_sa-train-000634,fiqa_sa,deepseek,deepseek-v4-pro,1,success,200,,,79,0,79,1,80,846.32,3.523e-05,2026-07-20T17:05:26.683365+00:00,2026-07-20T17:05:27.529169+00:00
351,pilot,B,fiqa_sa-train-000637,fiqa_sa,deepseek,deepseek-v4-pro,1,success,200,,,98,0,98,1,99,661.45,4.35e-05,2026-07-20T17:05:27.843663+00:00,2026-07-20T17:05:28.505699+00:00
352,pilot,B,fiqa_sa-train-000646,fiqa_sa,deepseek,deepseek-v4-pro,1,success,200,,,105,0,105,1,106,972.05,4.654e-05,2026-07-20T17:05:28.819427+00:00,2026-07-20T17:05:29.791866+00:00
353,pilot,B,fiqa_sa-train-000648,fiqa_sa,deepseek,deepseek-v4-pro,1,success,200,,,104,0,104,1,105,959.75,4.611e-05,2026-07-20T17:05:30.109380+00:00,2026-07-20T17:05:31.068973+00:00
354,pilot,B,fiqa_sa-train-000664,fiqa_sa,deepseek,deepseek-v4-pro,1,success,200,,,95,0,95,1,96,807.36,4.219e-05,2026-07-20T17:05:31.382450+00:00,2026-07-20T17:05:32.189632+00:00
355,pilot,B,fiqa_sa-train-000674,fiqa_sa,deepseek,deepseek-v4-pro,1,success,200,,,102,0,102,1,103,832.33,4.524e-05,2026-07-20T17:05:32.504444+00:00,2026-07-20T17:05:33.336976+00:00
356,pilot,B,fiqa_sa-train-000683,fiqa_sa,deepseek,deepseek-v4-pro,1,success,200,,,100,0,100,1,101,937.74,4.437e-05,2026-07-20T17:05:33.651085+00:00,2026-07-20T17:05:34.589803+00:00
357,pilot,B,fiqa_sa-train-000685,fiqa_sa,deepseek,deepseek-v4-pro,1,success,200,,,84,0,84,1,85,904.22,3.741e-05,2026-07-20T17:05:34.905380+00:00,2026-07-20T17:05:35.809447+00:00
358,pilot,B,fiqa_sa-train-000688,fiqa_sa,deepseek,deepseek-v4-pro,1,success,200,,,101,0,101,1,102,815.0,4.48e-05,2026-07-20T17:05:36.123871+00:00,2026-07-20T17:05:36.938921+00:00
359,pilot,B,fiqa_sa-train-000691,fiqa_sa,deepseek,deepseek-v4-pro,1,success,200,,,92,0,92,1,93,954.94,4.089e-05,2026-07-20T17:05:37.252731+00:00,2026-07-20T17:05:38.207005+00:00
360,pilot,B,fiqa_sa-train-000693,fiqa_sa,deepseek,deepseek-v4-pro,1,success,200,,,116,0,116,1,117,1051.06,5.133e-05,2026-07-20T17:05:38.521777+00:00,2026-07-20T17:05:39.572384+00:00
361,pilot,B,fiqa_sa-train-000695,fiqa_sa,deepseek,deepseek-v4-pro,1,success,200,,,104,0,104,1,105,948.02,4.611e-05,2026-07-20T17:05:39.886238+00:00,2026-07-20T17:05:40.834570+00:00
362,pilot,B,fiqa_sa-train-000705,fiqa_sa,deepseek,deepseek-v4-pro,1,success,200,,,101,0,101,1,102,876.26,4.48e-05,2026-07-20T17:05:41.147987+00:00,2026-07-20T17:05:42.024781+00:00
363,pilot,B,fiqa_sa-train-000707,fiqa_sa,deepseek,deepseek-v4-pro,1,success,200,,,82,0,82,1,83,832.47,3.654e-05,2026-07-20T17:05:42.363518+00:00,2026-07-20T17:05:43.196105+00:00
364,pilot,B,fiqa_sa-train-000714,fiqa_sa,deepseek,deepseek-v4-pro,1,success,200,,,80,0,80,1,81,1167.28,3.567e-05,2026-07-20T17:05:43.509719+00:00,2026-07-20T17:05:44.677071+00:00
365,pilot,B,fiqa_sa-train-000727,fiqa_sa,deepseek,deepseek-v4-pro,1,success,200,,,93,0,93,1,94,894.47,4.132e-05,2026-07-20T17:05:44.992238+00:00,2026-07-20T17:05:45.886889+00:00
366,pilot,B,fiqa_sa-train-000735,fiqa_sa,deepseek,deepseek-v4-pro,1,success,200,,,84,0,84,1,85,1008.69,3.741e-05,2026-07-20T17:05:46.201102+00:00,2026-07-20T17:05:47.209784+00:00
367,pilot,B,fiqa_sa-train-000744,fiqa_sa,deepseek,deepseek-v4-pro,1,success,200,,,92,0,92,1,93,964.38,4.089e-05,2026-07-20T17:05:47.524314+00:00,2026-07-20T17:05:48.488364+00:00
368,pilot,B,fiqa_sa-train-000751,fiqa_sa,deepseek,deepseek-v4-pro,1,success,200,,,113,0,113,1,114,670.91,5.002e-05,2026-07-20T17:05:48.803279+00:00,2026-07-20T17:05:49.474021+00:00
369,pilot,B,fiqa_sa-train-000752,fiqa_sa,deepseek,deepseek-v4-pro,1,success,200,,,93,0,93,1,94,911.83,4.132e-05,2026-07-20T17:05:49.788252+00:00,2026-07-20T17:05:50.699794+00:00
370,pilot,B,fiqa_sa-train-000761,fiqa_sa,deepseek,deepseek-v4-pro,1,success,200,,,86,0,86,1,87,1117.49,3.828e-05,2026-07-20T17:05:51.014354+00:00,2026-07-20T17:05:52.131695+00:00
371,pilot,B,fiqa_sa-train-000768,fiqa_sa,deepseek,deepseek-v4-pro,1,success,200,,,95,0,95,1,96,886.86,4.219e-05,2026-07-20T17:05:52.446382+00:00,2026-07-20T17:05:53.333838+00:00
372,pilot,B,fiqa_sa-train-000769,fiqa_sa,deepseek,deepseek-v4-pro,1,success,200,,,93,0,93,1,94,841.0,4.132e-05,2026-07-20T17:05:53.648866+00:00,2026-07-20T17:05:54.490164+00:00
373,pilot,B,fiqa_sa-train-000781,fiqa_sa,deepseek,deepseek-v4-pro,1,success,200,,,101,0,101,1,102,826.3,4.48e-05,2026-07-20T17:05:54.803100+00:00,2026-07-20T17:05:55.629222+00:00
374,pilot,B,fiqa_sa-train-000783,fiqa_sa,deepseek,deepseek-v4-pro,1,success,200,,,102,0,102,1,103,868.41,4.524e-05,2026-07-20T17:05:55.944208+00:00,2026-07-20T17:05:56.812469+00:00
375,pilot,B,fiqa_sa-train-000787,fiqa_sa,deepseek,deepseek-v4-pro,1,success,200,,,92,0,92,1,93,801.15,4.089e-05,2026-07-20T17:05:57.125988+00:00,2026-07-20T17:05:57.926989+00:00
376,pilot,B,fiqa_sa-train-000791,fiqa_sa,deepseek,deepseek-v4-pro,1,success,200,,,91,0,91,1,92,816.15,4.045e-05,2026-07-20T17:05:58.242410+00:00,2026-07-20T17:05:59.057580+00:00
377,pilot,B,fiqa_sa-train-000799,fiqa_sa,deepseek,deepseek-v4-pro,1,success,200,,,86,0,86,1,87,907.68,3.828e-05,2026-07-20T17:05:59.371465+00:00,2026-07-20T17:06:00.279332+00:00
378,pilot,B,fiqa_sa-train-000804,fiqa_sa,deepseek,deepseek-v4-pro,1,success,200,,,106,0,106,1,107,665.84,4.698e-05,2026-07-20T17:06:00.592868+00:00,2026-07-20T17:06:01.259447+00:00
379,pilot,B,fiqa_sa-train-000806,fiqa_sa,deepseek,deepseek-v4-pro,1,success,200,,,109,0,109,1,110,1045.19,4.829e-05,2026-07-20T17:06:01.574404+00:00,2026-07-20T17:06:02.619454+00:00
380,pilot,B,fiqa_sa-train-000811,fiqa_sa,deepseek,deepseek-v4-pro,1,success,200,,,110,0,110,1,111,832.01,4.872e-05,2026-07-20T17:06:02.932835+00:00,2026-07-20T17:06:03.764504+00:00
381,pilot,B,fiqa_sa-valid-000003,fiqa_sa,deepseek,deepseek-v4-pro,1,success,200,,,78,0,78,1,79,841.25,3.48e-05,2026-07-20T17:06:04.078561+00:00,2026-07-20T17:06:04.919487+00:00
382,pilot,B,fiqa_sa-valid-000007,fiqa_sa,deepseek,deepseek-v4-pro,1,success,200,,,80,0,80,1,81,785.49,3.567e-05,2026-07-20T17:06:05.234194+00:00,2026-07-20T17:06:06.019194+00:00
383,pilot,B,fiqa_sa-valid-000008,fiqa_sa,deepseek,deepseek-v4-pro,1,success,200,,,88,0,88,1,89,874.0,3.915e-05,2026-07-20T17:06:06.333630+00:00,2026-07-20T17:06:07.207832+00:00
384,pilot,B,fiqa_sa-valid-000013,fiqa_sa,deepseek,deepseek-v4-pro,1,success,200,,,81,0,81,1,82,893.98,3.611e-05,2026-07-20T17:06:07.521084+00:00,2026-07-20T17:06:08.414847+00:00
385,pilot,B,fiqa_sa-valid-000015,fiqa_sa,deepseek,deepseek-v4-pro,1,success,200,,,82,0,82,1,83,878.06,3.654e-05,2026-07-20T17:06:08.728849+00:00,2026-07-20T17:06:09.607130+00:00
386,pilot,B,fiqa_sa-valid-000018,fiqa_sa,deepseek,deepseek-v4-pro,1,success,200,,,88,0,88,1,89,858.5,3.915e-05,2026-07-20T17:06:09.920779+00:00,2026-07-20T17:06:10.779912+00:00
387,pilot,B,fiqa_sa-valid-000027,fiqa_sa,deepseek,deepseek-v4-pro,1,success,200,,,83,0,83,1,84,978.74,3.697e-05,2026-07-20T17:06:11.093419+00:00,2026-07-20T17:06:12.071745+00:00
388,pilot,B,fiqa_sa-valid-000028,fiqa_sa,deepseek,deepseek-v4-pro,1,success,200,,,83,0,83,1,84,874.22,3.697e-05,2026-07-20T17:06:12.385937+00:00,2026-07-20T17:06:13.259825+00:00
389,pilot,B,fiqa_sa-valid-000029,fiqa_sa,deepseek,deepseek-v4-pro,1,success,200,,,83,0,83,1,84,818.77,3.697e-05,2026-07-20T17:06:13.575588+00:00,2026-07-20T17:06:14.394934+00:00
390,pilot,B,fiqa_sa-valid-000041,fiqa_sa,deepseek,deepseek-v4-pro,1,success,200,,,81,0,81,1,82,833.7,3.611e-05,2026-07-20T17:06:14.709096+00:00,2026-07-20T17:06:15.542898+00:00
391,pilot,B,fiqa_sa-valid-000047,fiqa_sa,deepseek,deepseek-v4-pro,1,success,200,,,92,0,92,1,93,832.64,4.089e-05,2026-07-20T17:06:15.856633+00:00,2026-07-20T17:06:16.689553+00:00
392,pilot,B,fiqa_sa-valid-000051,fiqa_sa,deepseek,deepseek-v4-pro,1,success,200,,,100,0,100,1,101,939.34,4.437e-05,2026-07-20T17:06:17.006371+00:00,2026-07-20T17:06:17.945477+00:00
393,pilot,B,fiqa_sa-valid-000054,fiqa_sa,deepseek,deepseek-v4-pro,1,success,200,,,108,0,108,1,109,947.18,4.785e-05,2026-07-20T17:06:18.260576+00:00,2026-07-20T17:06:19.206971+00:00
394,pilot,B,fiqa_sa-valid-000064,fiqa_sa,deepseek,deepseek-v4-pro,1,success,200,,,116,0,116,1,117,884.08,5.133e-05,2026-07-20T17:06:19.520660+00:00,2026-07-20T17:06:20.404870+00:00
395,pilot,B,fiqa_sa-valid-000066,fiqa_sa,deepseek,deepseek-v4-pro,1,success,200,,,109,0,109,1,110,1122.59,4.829e-05,2026-07-20T17:06:20.718240+00:00,2026-07-20T17:06:21.840177+00:00
396,pilot,B,fiqa_sa-valid-000074,fiqa_sa,deepseek,deepseek-v4-pro,1,success,200,,,86,0,86,1,87,1142.39,3.828e-05,2026-07-20T17:06:22.154901+00:00,2026-07-20T17:06:23.296654+00:00
397,pilot,B,fiqa_sa-valid-000077,fiqa_sa,deepseek,deepseek-v4-pro,1,success,200,,,94,0,94,1,95,976.3,4.176e-05,2026-07-20T17:06:23.611136+00:00,2026-07-20T17:06:24.586603+00:00
398,pilot,B,fiqa_sa-valid-000086,fiqa_sa,deepseek,deepseek-v4-pro,1,success,200,,,109,0,109,1,110,853.38,4.829e-05,2026-07-20T17:06:24.901528+00:00,2026-07-20T17:06:25.754586+00:00
399,pilot,B,fiqa_sa-valid-000099,fiqa_sa,deepseek,deepseek-v4-pro,1,success,200,,,109,0,109,1,110,1175.97,4.829e-05,2026-07-20T17:06:26.069360+00:00,2026-07-20T17:06:27.245470+00:00
400,pilot,B,fiqa_sa-valid-000107,fiqa_sa,deepseek,deepseek-v4-pro,1,success,200,,,94,0,94,1,95,849.76,4.176e-05,2026-07-20T17:06:27.559293+00:00,2026-07-20T17:06:28.409094+00:00
401,pilot,B,finqa-test-000036,finqa,deepseek,deepseek-v4-pro,1,success,200,,,1121,0,1121,3,1124,1294.94,0.00049024,2026-07-20T17:06:28.723589+00:00,2026-07-20T17:06:30.018427+00:00
402,pilot,B,finqa-test-000042,finqa,deepseek,deepseek-v4-pro,1,success,200,,,647,0,647,95,742,2036.73,0.0003641,2026-07-20T17:06:30.331538+00:00,2026-07-20T17:06:32.368396+00:00
403,pilot,B,finqa-test-000096,finqa,deepseek,deepseek-v4-pro,1,success,200,,,997,0,997,2,999,1008.86,0.00043544,2026-07-20T17:06:32.683137+00:00,2026-07-20T17:06:33.691996+00:00
404,pilot,B,finqa-test-000263,finqa,deepseek,deepseek-v4-pro,1,success,200,,,1112,0,1112,5,1117,949.32,0.00048807,2026-07-20T17:06:34.005881+00:00,2026-07-20T17:06:34.954553+00:00
405,pilot,B,finqa-test-000273,finqa,deepseek,deepseek-v4-pro,1,success,200,,,980,896,84,21,1001,1166.49,5.806e-05,2026-07-20T17:06:35.269058+00:00,2026-07-20T17:06:36.435148+00:00
406,pilot,B,finqa-test-000413,finqa,deepseek,deepseek-v4-pro,1,success,200,,,940,0,940,4,944,865.62,0.00041238,2026-07-20T17:06:36.749510+00:00,2026-07-20T17:06:37.614870+00:00
407,pilot,B,finqa-test-000430,finqa,deepseek,deepseek-v4-pro,1,success,200,,,959,0,959,5,964,1141.59,0.00042152,2026-07-20T17:06:37.928868+00:00,2026-07-20T17:06:39.070429+00:00
408,pilot,B,finqa-test-000483,finqa,deepseek,deepseek-v4-pro,1,success,200,,,643,0,643,24,667,1094.25,0.00030058,2026-07-20T17:06:39.384137+00:00,2026-07-20T17:06:40.478341+00:00
409,pilot,B,finqa-test-000490,finqa,deepseek,deepseek-v4-pro,1,success,200,,,973,0,973,17,990,1131.73,0.00043804,2026-07-20T17:06:40.792752+00:00,2026-07-20T17:06:41.924002+00:00
410,pilot,B,finqa-test-000535,finqa,deepseek,deepseek-v4-pro,1,success,200,,,896,768,128,4,900,994.84,6.194e-05,2026-07-20T17:06:42.239061+00:00,2026-07-20T17:06:43.233226+00:00
411,pilot,B,finqa-test-000562,finqa,deepseek,deepseek-v4-pro,1,success,200,,,829,0,829,15,844,1119.44,0.00037367,2026-07-20T17:06:43.547049+00:00,2026-07-20T17:06:44.666155+00:00
412,pilot,B,finqa-test-000577,finqa,deepseek,deepseek-v4-pro,1,success,200,,,983,0,983,8,991,1130.46,0.00043456,2026-07-20T17:06:44.979506+00:00,2026-07-20T17:06:46.109935+00:00
413,pilot,B,finqa-test-000581,finqa,deepseek,deepseek-v4-pro,1,success,200,,,984,0,984,5,989,1070.98,0.00043239,2026-07-20T17:06:46.424099+00:00,2026-07-20T17:06:47.495749+00:00
414,pilot,B,finqa-test-000592,finqa,deepseek,deepseek-v4-pro,1,success,200,,,969,0,969,3,972,880.37,0.00042413,2026-07-20T17:06:47.810088+00:00,2026-07-20T17:06:48.690164+00:00
415,pilot,B,finqa-test-000599,finqa,deepseek,deepseek-v4-pro,1,success,200,,,505,0,505,5,510,1008.29,0.00022403,2026-07-20T17:06:49.004020+00:00,2026-07-20T17:06:50.012807+00:00
416,pilot,B,finqa-test-000609,finqa,deepseek,deepseek-v4-pro,1,success,200,,,412,0,412,5,417,832.94,0.00018357,2026-07-20T17:06:50.326711+00:00,2026-07-20T17:06:51.159676+00:00
417,pilot,B,finqa-test-000683,finqa,deepseek,deepseek-v4-pro,1,success,200,,,816,0,816,24,840,1547.05,0.00037584,2026-07-20T17:06:51.473288+00:00,2026-07-20T17:06:53.020596+00:00
418,pilot,B,finqa-test-000721,finqa,deepseek,deepseek-v4-pro,1,success,200,,,1024,0,1024,3,1027,1122.53,0.00044805,2026-07-20T17:06:53.333828+00:00,2026-07-20T17:06:54.455904+00:00
419,pilot,B,finqa-test-000825,finqa,deepseek,deepseek-v4-pro,1,success,200,,,1264,0,1264,2,1266,806.12,0.00055158,2026-07-20T17:06:54.770761+00:00,2026-07-20T17:06:55.576424+00:00
420,pilot,B,finqa-test-000850,finqa,deepseek,deepseek-v4-pro,1,success,200,,,1101,0,1101,5,1106,968.22,0.00048329,2026-07-20T17:06:55.891525+00:00,2026-07-20T17:06:56.859469+00:00
421,pilot,B,finqa-test-000869,finqa,deepseek,deepseek-v4-pro,1,success,200,,,1167,0,1167,4,1171,1176.46,0.00051113,2026-07-20T17:06:57.174648+00:00,2026-07-20T17:06:58.350965+00:00
422,pilot,B,finqa-test-000930,finqa,deepseek,deepseek-v4-pro,1,success,200,,,1086,0,1086,4,1090,896.13,0.00047589,2026-07-20T17:06:58.692045+00:00,2026-07-20T17:06:59.588130+00:00
423,pilot,B,finqa-test-000932,finqa,deepseek,deepseek-v4-pro,1,success,200,,,521,384,137,80,601,2005.58,0.00013059,2026-07-20T17:06:59.902388+00:00,2026-07-20T17:07:01.907260+00:00
424,pilot,B,finqa-test-000934,finqa,deepseek,deepseek-v4-pro,1,success,200,,,764,0,764,4,768,933.92,0.00033582,2026-07-20T17:07:02.222145+00:00,2026-07-20T17:07:03.155035+00:00
425,pilot,B,finqa-test-001089,finqa,deepseek,deepseek-v4-pro,1,success,200,,,978,896,82,2,980,977.03,4.066e-05,2026-07-20T17:07:03.469959+00:00,2026-07-20T17:07:04.446838+00:00
426,pilot,B,finqa-test-001091,finqa,deepseek,deepseek-v4-pro,1,success,200,,,1284,1280,4,3,1287,1264.52,8.99e-06,2026-07-20T17:07:04.761189+00:00,2026-07-20T17:07:06.025434+00:00
427,pilot,B,finqa-test-001121,finqa,deepseek,deepseek-v4-pro,1,success,200,,,1623,0,1623,3,1626,1015.04,0.00070862,2026-07-20T17:07:06.340367+00:00,2026-07-20T17:07:07.355274+00:00
428,pilot,B,finqa-test-001139,finqa,deepseek,deepseek-v4-pro,1,success,200,,,657,0,657,8,665,1180.59,0.00029276,2026-07-20T17:07:07.669187+00:00,2026-07-20T17:07:08.849134+00:00
429,pilot,B,finqa-train-000021,finqa,deepseek,deepseek-v4-pro,1,success,200,,,799,0,799,4,803,961.65,0.00035104,2026-07-20T17:07:09.164505+00:00,2026-07-20T17:07:10.126704+00:00
430,pilot,B,finqa-train-000091,finqa,deepseek,deepseek-v4-pro,1,success,200,,,971,0,971,5,976,1043.43,0.00042674,2026-07-20T17:07:10.440196+00:00,2026-07-20T17:07:11.483647+00:00
431,pilot,B,finqa-train-000094,finqa,deepseek,deepseek-v4-pro,1,success,200,,,1436,0,1436,80,1516,2520.77,0.00069426,2026-07-20T17:07:11.797724+00:00,2026-07-20T17:07:14.319289+00:00
432,pilot,B,finqa-train-000124,finqa,deepseek,deepseek-v4-pro,1,success,200,,,898,0,898,24,922,1597.73,0.00041151,2026-07-20T17:07:14.632572+00:00,2026-07-20T17:07:16.230263+00:00
433,pilot,B,finqa-train-000146,finqa,deepseek,deepseek-v4-pro,1,success,200,,,1096,0,1096,4,1100,769.51,0.00048024,2026-07-20T17:07:16.556891+00:00,2026-07-20T17:07:17.326128+00:00
434,pilot,B,finqa-train-000230,finqa,deepseek,deepseek-v4-pro,1,success,200,,,1270,0,1270,5,1275,1065.87,0.0005568,2026-07-20T17:07:17.640280+00:00,2026-07-20T17:07:18.706731+00:00
435,pilot,B,finqa-train-000233,finqa,deepseek,deepseek-v4-pro,1,success,200,,,835,0,835,3,838,1286.14,0.00036584,2026-07-20T17:07:19.020468+00:00,2026-07-20T17:07:20.306374+00:00
436,pilot,B,finqa-train-000240,finqa,deepseek,deepseek-v4-pro,1,success,200,,,1081,0,1081,4,1085,1272.32,0.00047371,2026-07-20T17:07:20.620057+00:00,2026-07-20T17:07:21.892439+00:00
437,pilot,B,finqa-train-000301,finqa,deepseek,deepseek-v4-pro,1,success,200,,,1057,0,1057,4,1061,922.88,0.00046327,2026-07-20T17:07:22.206123+00:00,2026-07-20T17:07:23.128349+00:00
438,pilot,B,finqa-train-000409,finqa,deepseek,deepseek-v4-pro,1,success,200,,,954,0,954,27,981,1367.21,0.00043848,2026-07-20T17:07:23.442605+00:00,2026-07-20T17:07:24.810130+00:00
439,pilot,B,finqa-train-000521,finqa,deepseek,deepseek-v4-pro,1,success,200,,,636,0,636,4,640,891.83,0.00028014,2026-07-20T17:07:25.123992+00:00,2026-07-20T17:07:26.016023+00:00
440,pilot,B,finqa-train-000538,finqa,deepseek,deepseek-v4-pro,1,success,200,,,544,0,544,1,545,879.17,0.00023751,2026-07-20T17:07:26.330315+00:00,2026-07-20T17:07:27.209933+00:00
441,pilot,B,finqa-train-000556,finqa,deepseek,deepseek-v4-pro,1,success,200,,,1438,1408,30,25,1463,1010.98,3.99e-05,2026-07-20T17:07:27.524086+00:00,2026-07-20T17:07:28.535185+00:00
442,pilot,B,finqa-train-000557,finqa,deepseek,deepseek-v4-pro,1,success,200,,,582,0,582,5,587,1142.61,0.00025752,2026-07-20T17:07:28.849126+00:00,2026-07-20T17:07:29.992165+00:00
443,pilot,B,finqa-train-000641,finqa,deepseek,deepseek-v4-pro,1,success,200,,,736,0,736,4,740,978.35,0.00032364,2026-07-20T17:07:30.307294+00:00,2026-07-20T17:07:31.285180+00:00
444,pilot,B,finqa-train-000665,finqa,deepseek,deepseek-v4-pro,1,success,200,,,798,0,798,4,802,920.26,0.00035061,2026-07-20T17:07:31.599476+00:00,2026-07-20T17:07:32.519491+00:00
445,pilot,B,finqa-train-000749,finqa,deepseek,deepseek-v4-pro,1,success,200,,,896,0,896,23,919,1263.34,0.00040977,2026-07-20T17:07:32.834095+00:00,2026-07-20T17:07:34.097354+00:00
446,pilot,B,finqa-train-000759,finqa,deepseek,deepseek-v4-pro,1,success,200,,,827,0,827,54,881,1380.36,0.00040673,2026-07-20T17:07:34.411773+00:00,2026-07-20T17:07:35.792694+00:00
447,pilot,B,finqa-train-000766,finqa,deepseek,deepseek-v4-pro,1,success,200,,,823,0,823,5,828,1077.74,0.00036236,2026-07-20T17:07:36.106085+00:00,2026-07-20T17:07:37.183217+00:00
448,pilot,B,finqa-train-000809,finqa,deepseek,deepseek-v4-pro,1,success,200,,,801,0,801,47,848,1611.93,0.00038932,2026-07-20T17:07:37.498975+00:00,2026-07-20T17:07:39.110790+00:00
449,pilot,B,finqa-train-000857,finqa,deepseek,deepseek-v4-pro,1,success,200,,,903,0,903,24,927,1131.05,0.00041369,2026-07-20T17:07:39.425041+00:00,2026-07-20T17:07:40.556230+00:00
450,pilot,B,finqa-train-000898,finqa,deepseek,deepseek-v4-pro,1,success,200,,,1418,0,1418,5,1423,782.13,0.00062118,2026-07-20T17:07:40.870228+00:00,2026-07-20T17:07:41.651957+00:00
451,pilot,B,finqa-train-000942,finqa,deepseek,deepseek-v4-pro,1,success,200,,,1168,0,1168,3,1171,863.02,0.00051069,2026-07-20T17:07:41.966983+00:00,2026-07-20T17:07:42.829758+00:00
452,pilot,B,finqa-train-000973,finqa,deepseek,deepseek-v4-pro,1,success,200,,,562,0,562,5,567,1122.51,0.00024882,2026-07-20T17:07:43.143810+00:00,2026-07-20T17:07:44.265962+00:00
453,pilot,B,finqa-train-000975,finqa,deepseek,deepseek-v4-pro,1,success,200,,,1158,0,1158,2,1160,918.72,0.00050547,2026-07-20T17:07:44.580249+00:00,2026-07-20T17:07:45.498946+00:00
454,pilot,B,finqa-train-000981,finqa,deepseek,deepseek-v4-pro,1,success,200,,,630,0,630,23,653,1442.73,0.00029406,2026-07-20T17:07:45.812289+00:00,2026-07-20T17:07:47.255458+00:00
455,pilot,B,finqa-train-001018,finqa,deepseek,deepseek-v4-pro,1,success,200,,,1116,0,1116,4,1120,1107.42,0.00048894,2026-07-20T17:07:47.569476+00:00,2026-07-20T17:07:48.676904+00:00
456,pilot,B,finqa-train-001048,finqa,deepseek,deepseek-v4-pro,1,success,200,,,519,512,7,15,534,1313.72,1.795e-05,2026-07-20T17:07:48.991680+00:00,2026-07-20T17:07:50.305909+00:00
457,pilot,B,finqa-train-001148,finqa,deepseek,deepseek-v4-pro,1,success,200,,,839,0,839,4,843,994.47,0.00036845,2026-07-20T17:07:50.619506+00:00,2026-07-20T17:07:51.614089+00:00
458,pilot,B,finqa-train-001241,finqa,deepseek,deepseek-v4-pro,1,success,200,,,1289,0,1289,46,1335,1582.81,0.00060074,2026-07-20T17:07:51.928853+00:00,2026-07-20T17:07:53.511134+00:00
459,pilot,B,finqa-train-001246,finqa,deepseek,deepseek-v4-pro,1,success,200,,,1215,0,1215,4,1219,1268.67,0.000532,2026-07-20T17:07:53.827284+00:00,2026-07-20T17:07:55.095589+00:00
460,pilot,B,finqa-train-001304,finqa,deepseek,deepseek-v4-pro,1,success,200,,,1591,0,1591,4,1595,979.97,0.00069556,2026-07-20T17:07:55.411705+00:00,2026-07-20T17:07:56.391954+00:00
461,pilot,B,finqa-train-001347,finqa,deepseek,deepseek-v4-pro,1,success,200,,,779,0,779,40,819,1433.06,0.00037367,2026-07-20T17:07:56.706251+00:00,2026-07-20T17:07:58.139547+00:00
462,pilot,B,finqa-train-001356,finqa,deepseek,deepseek-v4-pro,1,success,200,,,245,0,245,5,250,1146.81,0.00011092,2026-07-20T17:07:58.452990+00:00,2026-07-20T17:07:59.599249+00:00
463,pilot,B,finqa-train-001404,finqa,deepseek,deepseek-v4-pro,1,success,200,,,1350,0,1350,4,1354,1167.62,0.00059073,2026-07-20T17:07:59.914154+00:00,2026-07-20T17:08:01.080973+00:00
464,pilot,B,finqa-train-001416,finqa,deepseek,deepseek-v4-pro,1,success,200,,,874,0,874,4,878,1196.25,0.00038367,2026-07-20T17:08:01.396233+00:00,2026-07-20T17:08:02.592189+00:00
465,pilot,B,finqa-train-001442,finqa,deepseek,deepseek-v4-pro,1,success,200,,,1225,0,1225,19,1244,1483.18,0.0005494,2026-07-20T17:08:02.907168+00:00,2026-07-20T17:08:04.389657+00:00
466,pilot,B,finqa-train-001455,finqa,deepseek,deepseek-v4-pro,1,success,200,,,577,0,577,3,580,719.96,0.00025361,2026-07-20T17:08:04.703847+00:00,2026-07-20T17:08:05.424067+00:00
467,pilot,B,finqa-train-001554,finqa,deepseek,deepseek-v4-pro,1,success,200,,,523,0,523,4,527,931.08,0.00023098,2026-07-20T17:08:05.738043+00:00,2026-07-20T17:08:06.669325+00:00
468,pilot,B,finqa-train-001573,finqa,deepseek,deepseek-v4-pro,1,success,200,,,1053,0,1053,3,1056,876.43,0.00046066,2026-07-20T17:08:06.983641+00:00,2026-07-20T17:08:07.859267+00:00
469,pilot,B,finqa-train-001680,finqa,deepseek,deepseek-v4-pro,1,success,200,,,1305,0,1305,4,1309,914.37,0.00057116,2026-07-20T17:08:08.174756+00:00,2026-07-20T17:08:09.089234+00:00
470,pilot,B,finqa-train-001696,finqa,deepseek,deepseek-v4-pro,1,success,200,,,821,0,821,3,824,1029.46,0.00035975,2026-07-20T17:08:09.404639+00:00,2026-07-20T17:08:10.433315+00:00
471,pilot,B,finqa-train-001740,finqa,deepseek,deepseek-v4-pro,1,success,200,,,515,0,515,4,519,1748.53,0.0002275,2026-07-20T17:08:10.748909+00:00,2026-07-20T17:08:12.498217+00:00
472,pilot,B,finqa-train-001772,finqa,deepseek,deepseek-v4-pro,1,success,200,,,868,0,868,18,886,1091.65,0.00039324,2026-07-20T17:08:12.812450+00:00,2026-07-20T17:08:13.903528+00:00
473,pilot,B,finqa-train-001794,finqa,deepseek,deepseek-v4-pro,1,success,200,,,1129,1024,105,24,1153,877.06,7.027e-05,2026-07-20T17:08:14.218015+00:00,2026-07-20T17:08:15.095991+00:00
474,pilot,B,finqa-train-001902,finqa,deepseek,deepseek-v4-pro,1,success,200,,,633,512,121,19,652,1160.62,7.102e-05,2026-07-20T17:08:15.409829+00:00,2026-07-20T17:08:16.570197+00:00
475,pilot,B,finqa-train-001925,finqa,deepseek,deepseek-v4-pro,1,success,200,,,1340,0,1340,4,1344,1095.03,0.00058638,2026-07-20T17:08:16.884758+00:00,2026-07-20T17:08:17.979839+00:00
476,pilot,B,finqa-train-001955,finqa,deepseek,deepseek-v4-pro,1,success,200,,,1338,0,1338,3,1341,944.05,0.00058464,2026-07-20T17:08:18.294826+00:00,2026-07-20T17:08:19.238859+00:00
477,pilot,B,finqa-train-001979,finqa,deepseek,deepseek-v4-pro,1,success,200,,,737,0,737,28,765,1083.65,0.00034496,2026-07-20T17:08:19.554572+00:00,2026-07-20T17:08:20.638637+00:00
478,pilot,B,finqa-train-002123,finqa,deepseek,deepseek-v4-pro,1,success,200,,,1434,0,1434,20,1454,1221.66,0.00064119,2026-07-20T17:08:20.953124+00:00,2026-07-20T17:08:22.174844+00:00
479,pilot,B,finqa-train-002159,finqa,deepseek,deepseek-v4-pro,1,success,200,,,838,0,838,4,842,1120.65,0.00036801,2026-07-20T17:08:22.489572+00:00,2026-07-20T17:08:23.609585+00:00
480,pilot,B,finqa-train-002163,finqa,deepseek,deepseek-v4-pro,1,success,200,,,1097,1024,73,37,1134,1175.97,6.766e-05,2026-07-20T17:08:23.924849+00:00,2026-07-20T17:08:25.099817+00:00
481,pilot,B,finqa-train-002181,finqa,deepseek,deepseek-v4-pro,1,success,200,,,879,0,879,5,884,875.7,0.00038672,2026-07-20T17:08:25.414306+00:00,2026-07-20T17:08:26.289887+00:00
482,pilot,B,finqa-train-002189,finqa,deepseek,deepseek-v4-pro,1,success,200,,,549,512,37,5,554,901.58,2.23e-05,2026-07-20T17:08:26.603728+00:00,2026-07-20T17:08:27.505766+00:00
483,pilot,B,finqa-train-002260,finqa,deepseek,deepseek-v4-pro,1,success,200,,,812,0,812,4,816,931.29,0.0003567,2026-07-20T17:08:27.820457+00:00,2026-07-20T17:08:28.750779+00:00
484,pilot,B,finqa-train-002276,finqa,deepseek,deepseek-v4-pro,1,success,200,,,865,0,865,22,887,1138.28,0.00039541,2026-07-20T17:08:29.065708+00:00,2026-07-20T17:08:30.203414+00:00
485,pilot,B,finqa-train-002410,finqa,deepseek,deepseek-v4-pro,1,success,200,,,946,0,946,4,950,1224.18,0.00041499,2026-07-20T17:08:30.518505+00:00,2026-07-20T17:08:31.742688+00:00
486,pilot,B,finqa-train-002417,finqa,deepseek,deepseek-v4-pro,1,success,200,,,907,0,907,4,911,1131.36,0.00039802,2026-07-20T17:08:32.057438+00:00,2026-07-20T17:08:33.188769+00:00
487,pilot,B,finqa-train-002428,finqa,deepseek,deepseek-v4-pro,1,success,200,,,907,0,907,3,910,926.64,0.00039716,2026-07-20T17:08:33.503831+00:00,2026-07-20T17:08:34.430580+00:00
488,pilot,B,finqa-train-002431,finqa,deepseek,deepseek-v4-pro,1,success,200,,,1118,0,1118,5,1123,839.67,0.00049068,2026-07-20T17:08:34.745092+00:00,2026-07-20T17:08:35.584414+00:00
489,pilot,B,finqa-train-002437,finqa,deepseek,deepseek-v4-pro,1,success,200,,,1045,0,1045,32,1077,1244.53,0.00048241,2026-07-20T17:08:35.899122+00:00,2026-07-20T17:08:37.143756+00:00
490,pilot,B,finqa-train-002449,finqa,deepseek,deepseek-v4-pro,1,success,200,,,772,0,772,2,774,860.85,0.00033756,2026-07-20T17:08:37.458351+00:00,2026-07-20T17:08:38.318893+00:00
491,pilot,B,finqa-train-002506,finqa,deepseek,deepseek-v4-pro,1,success,200,,,996,896,100,6,1002,1071.95,5.197e-05,2026-07-20T17:08:38.634152+00:00,2026-07-20T17:08:39.706239+00:00
492,pilot,B,finqa-train-002527,finqa,deepseek,deepseek-v4-pro,1,success,200,,,782,0,782,27,809,1214.77,0.00036366,2026-07-20T17:08:40.020027+00:00,2026-07-20T17:08:41.234338+00:00
493,pilot,B,finqa-train-002546,finqa,deepseek,deepseek-v4-pro,1,success,200,,,1170,0,1170,1,1171,1064.3,0.00050982,2026-07-20T17:08:41.549513+00:00,2026-07-20T17:08:42.614033+00:00
494,pilot,B,finqa-train-002649,finqa,deepseek,deepseek-v4-pro,1,success,200,,,988,0,988,4,992,949.29,0.00043326,2026-07-20T17:08:42.931966+00:00,2026-07-20T17:08:43.882123+00:00
495,pilot,B,finqa-train-002689,finqa,deepseek,deepseek-v4-pro,1,success,200,,,1270,1152,118,5,1275,924.37,5.986e-05,2026-07-20T17:08:44.195679+00:00,2026-07-20T17:08:45.119503+00:00
496,pilot,B,finqa-train-002747,finqa,deepseek,deepseek-v4-pro,1,success,200,,,1328,0,1328,4,1332,972.34,0.00058116,2026-07-20T17:08:45.434365+00:00,2026-07-20T17:08:46.406682+00:00
497,pilot,B,finqa-train-002771,finqa,deepseek,deepseek-v4-pro,1,success,200,,,1262,0,1262,5,1267,900.12,0.00055332,2026-07-20T17:08:46.722125+00:00,2026-07-20T17:08:47.622097+00:00
498,pilot,B,finqa-train-002799,finqa,deepseek,deepseek-v4-pro,1,success,200,,,577,0,577,3,580,713.91,0.00025361,2026-07-20T17:08:47.936515+00:00,2026-07-20T17:08:48.650577+00:00
499,pilot,B,finqa-train-002812,finqa,deepseek,deepseek-v4-pro,1,success,200,,,1106,0,1106,5,1111,992.14,0.00048546,2026-07-20T17:08:48.964291+00:00,2026-07-20T17:08:49.956446+00:00
500,pilot,B,finqa-train-002880,finqa,deepseek,deepseek-v4-pro,1,success,200,,,705,0,705,4,709,1042.92,0.00031016,2026-07-20T17:08:50.270851+00:00,2026-07-20T17:08:51.313333+00:00
501,pilot,B,finqa-train-002884,finqa,deepseek,deepseek-v4-pro,1,success,200,,,966,896,70,24,990,1230.12,5.458e-05,2026-07-20T17:08:51.629735+00:00,2026-07-20T17:08:52.859922+00:00
502,pilot,B,finqa-train-003143,finqa,deepseek,deepseek-v4-pro,1,success,200,,,1552,0,1552,24,1576,1095.39,0.000696,2026-07-20T17:08:53.205172+00:00,2026-07-20T17:08:54.300736+00:00
503,pilot,B,finqa-train-003289,finqa,deepseek,deepseek-v4-pro,1,success,200,,,1322,0,1322,4,1326,864.61,0.00057855,2026-07-20T17:08:54.615895+00:00,2026-07-20T17:08:55.480972+00:00
504,pilot,B,finqa-train-003319,finqa,deepseek,deepseek-v4-pro,1,success,200,,,668,0,668,4,672,766.34,0.00029406,2026-07-20T17:08:55.794578+00:00,2026-07-20T17:08:56.561220+00:00
505,pilot,B,finqa-train-003383,finqa,deepseek,deepseek-v4-pro,1,success,200,,,1503,0,1503,3,1506,706.19,0.00065642,2026-07-20T17:08:56.875703+00:00,2026-07-20T17:08:57.581404+00:00
506,pilot,B,finqa-train-003386,finqa,deepseek,deepseek-v4-pro,1,success,200,,,954,0,954,1,955,1128.44,0.00041586,2026-07-20T17:08:57.897824+00:00,2026-07-20T17:08:59.026096+00:00
507,pilot,B,finqa-train-003428,finqa,deepseek,deepseek-v4-pro,1,success,200,,,982,0,982,20,1002,875.08,0.00044457,2026-07-20T17:08:59.341040+00:00,2026-07-20T17:09:00.216059+00:00
508,pilot,B,finqa-train-003474,finqa,deepseek,deepseek-v4-pro,1,success,200,,,688,0,688,3,691,1124.12,0.00030189,2026-07-20T17:09:00.529192+00:00,2026-07-20T17:09:01.653317+00:00
509,pilot,B,finqa-train-003520,finqa,deepseek,deepseek-v4-pro,1,success,200,,,1080,1024,56,3,1083,988.79,3.068e-05,2026-07-20T17:09:01.967906+00:00,2026-07-20T17:09:02.957091+00:00
510,pilot,B,finqa-train-003581,finqa,deepseek,deepseek-v4-pro,1,success,200,,,1020,0,1020,4,1024,1136.52,0.00044718,2026-07-20T17:09:03.272099+00:00,2026-07-20T17:09:04.408484+00:00
511,pilot,B,finqa-train-003625,finqa,deepseek,deepseek-v4-pro,1,success,200,,,1166,0,1166,3,1169,924.08,0.00050982,2026-07-20T17:09:04.723473+00:00,2026-07-20T17:09:05.647144+00:00
512,pilot,B,finqa-train-003652,finqa,deepseek,deepseek-v4-pro,1,success,200,,,1729,0,1729,17,1746,1112.28,0.00076691,2026-07-20T17:09:05.962002+00:00,2026-07-20T17:09:07.074583+00:00
513,pilot,B,finqa-train-003656,finqa,deepseek,deepseek-v4-pro,1,success,200,,,1162,0,1162,4,1166,1210.41,0.00050895,2026-07-20T17:09:07.388701+00:00,2026-07-20T17:09:08.598717+00:00
514,pilot,B,finqa-train-003817,finqa,deepseek,deepseek-v4-pro,1,success,200,,,744,0,744,3,747,921.71,0.00032625,2026-07-20T17:09:08.913116+00:00,2026-07-20T17:09:09.834808+00:00
515,pilot,B,finqa-train-003938,finqa,deepseek,deepseek-v4-pro,1,success,200,,,1240,0,1240,5,1245,1020.02,0.00054375,2026-07-20T17:09:10.150603+00:00,2026-07-20T17:09:11.170149+00:00
516,pilot,B,finqa-train-003940,finqa,deepseek,deepseek-v4-pro,1,success,200,,,926,0,926,4,930,945.91,0.00040629,2026-07-20T17:09:11.484843+00:00,2026-07-20T17:09:12.430692+00:00
517,pilot,B,finqa-train-003942,finqa,deepseek,deepseek-v4-pro,1,success,200,,,744,0,744,78,822,2194.02,0.0003915,2026-07-20T17:09:12.745631+00:00,2026-07-20T17:09:14.939862+00:00
518,pilot,B,finqa-train-003943,finqa,deepseek,deepseek-v4-pro,1,success,200,,,1217,0,1217,4,1221,950.48,0.00053288,2026-07-20T17:09:15.254716+00:00,2026-07-20T17:09:16.204511+00:00
519,pilot,B,finqa-train-003949,finqa,deepseek,deepseek-v4-pro,1,success,200,,,816,0,816,4,820,893.16,0.00035844,2026-07-20T17:09:16.519440+00:00,2026-07-20T17:09:17.412646+00:00
520,pilot,B,finqa-train-003954,finqa,deepseek,deepseek-v4-pro,1,success,200,,,872,0,872,21,893,1712.47,0.00039759,2026-07-20T17:09:17.743592+00:00,2026-07-20T17:09:19.455346+00:00
521,pilot,B,finqa-train-003968,finqa,deepseek,deepseek-v4-pro,1,success,200,,,583,0,583,1,584,1016.1,0.00025447,2026-07-20T17:09:19.770837+00:00,2026-07-20T17:09:20.787426+00:00
522,pilot,B,finqa-train-004007,finqa,deepseek,deepseek-v4-pro,1,success,200,,,688,0,688,3,691,896.76,0.00030189,2026-07-20T17:09:21.102752+00:00,2026-07-20T17:09:21.999133+00:00
523,pilot,B,finqa-train-004036,finqa,deepseek,deepseek-v4-pro,1,success,200,,,1276,0,1276,10,1286,1006.06,0.00056376,2026-07-20T17:09:22.314755+00:00,2026-07-20T17:09:23.321326+00:00
524,pilot,B,finqa-train-004101,finqa,deepseek,deepseek-v4-pro,1,success,200,,,957,896,61,1,958,847.42,3.065e-05,2026-07-20T17:09:23.635258+00:00,2026-07-20T17:09:24.482710+00:00
525,pilot,B,finqa-train-004135,finqa,deepseek,deepseek-v4-pro,1,success,200,,,1025,0,1025,2,1027,917.7,0.00044762,2026-07-20T17:09:24.797841+00:00,2026-07-20T17:09:25.714844+00:00
526,pilot,B,finqa-train-004137,finqa,deepseek,deepseek-v4-pro,1,success,200,,,1647,0,1647,4,1651,938.23,0.00071993,2026-07-20T17:09:26.031109+00:00,2026-07-20T17:09:26.968818+00:00
527,pilot,B,finqa-train-004145,finqa,deepseek,deepseek-v4-pro,1,success,200,,,1071,0,1071,4,1075,903.61,0.00046936,2026-07-20T17:09:27.298094+00:00,2026-07-20T17:09:28.201791+00:00
528,pilot,B,finqa-train-004151,finqa,deepseek,deepseek-v4-pro,1,success,200,,,945,0,945,22,967,1210.46,0.00043022,2026-07-20T17:09:28.515694+00:00,2026-07-20T17:09:29.725876+00:00
529,pilot,B,finqa-train-004176,finqa,deepseek,deepseek-v4-pro,1,success,200,,,1036,1024,12,1,1037,948.92,9.8e-06,2026-07-20T17:09:30.040091+00:00,2026-07-20T17:09:30.989156+00:00
530,pilot,B,finqa-train-004304,finqa,deepseek,deepseek-v4-pro,1,success,200,,,1097,0,1097,3,1100,1024.11,0.00047981,2026-07-20T17:09:31.303249+00:00,2026-07-20T17:09:32.327529+00:00
531,pilot,B,finqa-train-004390,finqa,deepseek,deepseek-v4-pro,1,success,200,,,1007,0,1007,2,1009,967.68,0.00043979,2026-07-20T17:09:32.643368+00:00,2026-07-20T17:09:33.610911+00:00
532,pilot,B,finqa-train-004393,finqa,deepseek,deepseek-v4-pro,1,success,200,,,1406,1280,126,5,1411,727.57,6.38e-05,2026-07-20T17:09:33.925529+00:00,2026-07-20T17:09:34.653715+00:00
533,pilot,B,finqa-train-004407,finqa,deepseek,deepseek-v4-pro,1,success,200,,,1732,0,1732,5,1737,1075.39,0.00075777,2026-07-20T17:09:34.967862+00:00,2026-07-20T17:09:36.043242+00:00
534,pilot,B,finqa-train-004417,finqa,deepseek,deepseek-v4-pro,1,success,200,,,1150,0,1150,27,1177,1218.83,0.00052374,2026-07-20T17:09:36.356565+00:00,2026-07-20T17:09:37.575213+00:00
535,pilot,B,finqa-train-004448,finqa,deepseek,deepseek-v4-pro,1,success,200,,,829,0,829,5,834,1257.7,0.00036497,2026-07-20T17:09:37.889244+00:00,2026-07-20T17:09:39.146690+00:00
536,pilot,B,finqa-train-004513,finqa,deepseek,deepseek-v4-pro,1,success,200,,,640,0,640,107,747,1668.37,0.00037149,2026-07-20T17:09:39.461941+00:00,2026-07-20T17:09:41.130549+00:00
537,pilot,B,finqa-train-004545,finqa,deepseek,deepseek-v4-pro,1,success,200,,,1097,1024,73,2,1099,651.77,3.721e-05,2026-07-20T17:09:41.444148+00:00,2026-07-20T17:09:42.095746+00:00
538,pilot,B,finqa-train-004562,finqa,deepseek,deepseek-v4-pro,1,success,200,,,1029,0,1029,4,1033,1036.13,0.00045109,2026-07-20T17:09:42.410525+00:00,2026-07-20T17:09:43.446712+00:00
539,pilot,B,finqa-train-004590,finqa,deepseek,deepseek-v4-pro,1,success,200,,,561,0,561,4,565,960.02,0.00024751,2026-07-20T17:09:43.761734+00:00,2026-07-20T17:09:44.721624+00:00
540,pilot,B,finqa-train-004680,finqa,deepseek,deepseek-v4-pro,1,success,200,,,604,0,604,5,609,1028.76,0.00026709,2026-07-20T17:09:45.039581+00:00,2026-07-20T17:09:46.068051+00:00
541,pilot,B,finqa-train-004725,finqa,deepseek,deepseek-v4-pro,1,success,200,,,846,0,846,17,863,1000.81,0.0003828,2026-07-20T17:09:46.382125+00:00,2026-07-20T17:09:47.383216+00:00
542,pilot,B,finqa-train-004799,finqa,deepseek,deepseek-v4-pro,1,success,200,,,709,0,709,5,714,935.61,0.00031277,2026-07-20T17:09:47.728758+00:00,2026-07-20T17:09:48.664320+00:00
543,pilot,B,finqa-train-004800,finqa,deepseek,deepseek-v4-pro,1,success,200,,,1015,0,1015,2,1017,911.15,0.00044327,2026-07-20T17:09:48.980387+00:00,2026-07-20T17:09:49.891904+00:00
544,pilot,B,finqa-train-004860,finqa,deepseek,deepseek-v4-pro,1,success,200,,,585,0,585,2,587,874.78,0.00025622,2026-07-20T17:09:50.206012+00:00,2026-07-20T17:09:51.080595+00:00
545,pilot,B,finqa-train-004871,finqa,deepseek,deepseek-v4-pro,1,success,200,,,1264,0,1264,3,1267,882.83,0.00055245,2026-07-20T17:09:51.396595+00:00,2026-07-20T17:09:52.279473+00:00
546,pilot,B,finqa-train-004894,finqa,deepseek,deepseek-v4-pro,1,success,200,,,1040,1024,16,21,1061,1084.79,2.894e-05,2026-07-20T17:09:52.593878+00:00,2026-07-20T17:09:53.678643+00:00
547,pilot,B,finqa-train-004899,finqa,deepseek,deepseek-v4-pro,1,success,200,,,1276,1152,124,18,1294,1200.23,7.378e-05,2026-07-20T17:09:53.992996+00:00,2026-07-20T17:09:55.192701+00:00
548,pilot,B,finqa-train-004929,finqa,deepseek,deepseek-v4-pro,1,success,200,,,743,0,743,5,748,916.41,0.00032755,2026-07-20T17:09:55.506538+00:00,2026-07-20T17:09:56.423091+00:00
549,pilot,B,finqa-train-004951,finqa,deepseek,deepseek-v4-pro,1,success,200,,,1311,0,1311,4,1315,728.8,0.00057377,2026-07-20T17:09:56.737850+00:00,2026-07-20T17:09:57.467163+00:00
550,pilot,B,finqa-train-005000,finqa,deepseek,deepseek-v4-pro,1,success,200,,,743,0,743,25,768,1053.48,0.00034495,2026-07-20T17:09:57.782360+00:00,2026-07-20T17:09:58.836369+00:00
551,pilot,B,finqa-train-005047,finqa,deepseek,deepseek-v4-pro,1,success,200,,,916,0,916,34,950,1337.36,0.00042804,2026-07-20T17:09:59.150979+00:00,2026-07-20T17:10:00.487541+00:00
552,pilot,B,finqa-train-005118,finqa,deepseek,deepseek-v4-pro,1,success,200,,,1212,0,1212,3,1215,966.47,0.00052983,2026-07-20T17:10:00.802755+00:00,2026-07-20T17:10:01.769168+00:00
553,pilot,B,finqa-train-005161,finqa,deepseek,deepseek-v4-pro,1,success,200,,,747,0,747,4,751,928.6,0.00032843,2026-07-20T17:10:02.083401+00:00,2026-07-20T17:10:03.011346+00:00
554,pilot,B,finqa-train-005186,finqa,deepseek,deepseek-v4-pro,1,success,200,,,444,0,444,4,448,1086.01,0.00019662,2026-07-20T17:10:03.327001+00:00,2026-07-20T17:10:04.413237+00:00
555,pilot,B,finqa-train-005214,finqa,deepseek,deepseek-v4-pro,1,success,200,,,1124,0,1124,4,1128,927.92,0.00049242,2026-07-20T17:10:04.728549+00:00,2026-07-20T17:10:05.656729+00:00
556,pilot,B,finqa-train-005259,finqa,deepseek,deepseek-v4-pro,1,success,200,,,927,0,927,5,932,948.13,0.0004076,2026-07-20T17:10:05.970677+00:00,2026-07-20T17:10:06.918327+00:00
557,pilot,B,finqa-train-005286,finqa,deepseek,deepseek-v4-pro,1,success,200,,,1391,0,1391,20,1411,1235.2,0.00062248,2026-07-20T17:10:07.233630+00:00,2026-07-20T17:10:08.469640+00:00
558,pilot,B,finqa-train-005376,finqa,deepseek,deepseek-v4-pro,1,success,200,,,875,0,875,3,878,1017.32,0.00038323,2026-07-20T17:10:08.783751+00:00,2026-07-20T17:10:09.801285+00:00
559,pilot,B,finqa-train-005462,finqa,deepseek,deepseek-v4-pro,1,success,200,,,479,0,479,3,482,972.39,0.00021097,2026-07-20T17:10:10.114898+00:00,2026-07-20T17:10:11.087710+00:00
560,pilot,B,finqa-train-005468,finqa,deepseek,deepseek-v4-pro,1,success,200,,,910,896,14,11,921,1044.48,1.891e-05,2026-07-20T17:10:11.401969+00:00,2026-07-20T17:10:12.446951+00:00
561,pilot,B,finqa-train-005721,finqa,deepseek,deepseek-v4-pro,1,success,200,,,1113,0,1113,5,1118,1020.51,0.0004885,2026-07-20T17:10:12.760616+00:00,2026-07-20T17:10:13.781389+00:00
562,pilot,B,finqa-train-005743,finqa,deepseek,deepseek-v4-pro,1,success,200,,,1432,0,1432,23,1455,1269.36,0.00064293,2026-07-20T17:10:14.095342+00:00,2026-07-20T17:10:15.364745+00:00
563,pilot,B,finqa-train-005747,finqa,deepseek,deepseek-v4-pro,1,success,200,,,1019,0,1019,4,1023,843.04,0.00044674,2026-07-20T17:10:15.679000+00:00,2026-07-20T17:10:16.521812+00:00
564,pilot,B,finqa-train-005749,finqa,deepseek,deepseek-v4-pro,1,success,200,,,1139,1024,115,7,1146,940.09,5.983e-05,2026-07-20T17:10:16.835659+00:00,2026-07-20T17:10:17.775719+00:00
565,pilot,B,finqa-train-005757,finqa,deepseek,deepseek-v4-pro,1,success,200,,,1329,0,1329,4,1333,1028.32,0.0005816,2026-07-20T17:10:18.091413+00:00,2026-07-20T17:10:19.119830+00:00
566,pilot,B,finqa-train-005765,finqa,deepseek,deepseek-v4-pro,1,success,200,,,1053,0,1053,5,1058,1025.03,0.0004624,2026-07-20T17:10:19.434739+00:00,2026-07-20T17:10:20.459786+00:00
567,pilot,B,finqa-train-005768,finqa,deepseek,deepseek-v4-pro,1,success,200,,,1113,0,1113,7,1120,1093.32,0.00049025,2026-07-20T17:10:20.773974+00:00,2026-07-20T17:10:21.867702+00:00
568,pilot,B,finqa-train-005783,finqa,deepseek,deepseek-v4-pro,1,success,200,,,1515,0,1515,32,1547,1340.85,0.00068687,2026-07-20T17:10:22.182015+00:00,2026-07-20T17:10:23.522693+00:00
569,pilot,B,finqa-train-005793,finqa,deepseek,deepseek-v4-pro,1,success,200,,,1569,0,1569,2,1571,929.44,0.00068426,2026-07-20T17:10:23.837182+00:00,2026-07-20T17:10:24.765938+00:00
570,pilot,B,finqa-train-005815,finqa,deepseek,deepseek-v4-pro,1,success,200,,,1282,0,1282,44,1326,1213.61,0.00059595,2026-07-20T17:10:25.080629+00:00,2026-07-20T17:10:26.294616+00:00
571,pilot,B,finqa-train-005834,finqa,deepseek,deepseek-v4-pro,1,success,200,,,1335,0,1335,22,1357,1069.96,0.00059986,2026-07-20T17:10:26.609141+00:00,2026-07-20T17:10:27.678754+00:00
572,pilot,B,finqa-train-005958,finqa,deepseek,deepseek-v4-pro,1,success,200,,,1066,0,1066,3,1069,915.97,0.00046632,2026-07-20T17:10:27.992754+00:00,2026-07-20T17:10:28.908357+00:00
573,pilot,B,finqa-train-006024,finqa,deepseek,deepseek-v4-pro,1,success,200,,,906,0,906,84,990,1744.48,0.00046719,2026-07-20T17:10:29.222528+00:00,2026-07-20T17:10:30.967783+00:00
574,pilot,B,finqa-train-006042,finqa,deepseek,deepseek-v4-pro,1,success,200,,,699,0,699,5,704,1056.82,0.00030842,2026-07-20T17:10:31.281448+00:00,2026-07-20T17:10:32.338919+00:00
575,pilot,B,finqa-train-006106,finqa,deepseek,deepseek-v4-pro,1,success,200,,,1574,0,1574,4,1578,993.59,0.00068817,2026-07-20T17:10:32.652978+00:00,2026-07-20T17:10:33.646249+00:00
576,pilot,B,finqa-train-006150,finqa,deepseek,deepseek-v4-pro,1,success,200,,,981,896,85,2,983,922.05,4.196e-05,2026-07-20T17:10:33.961413+00:00,2026-07-20T17:10:34.883776+00:00
577,pilot,B,finqa-train-006159,finqa,deepseek,deepseek-v4-pro,1,success,200,,,1300,0,1300,2,1302,812.0,0.00056724,2026-07-20T17:10:35.198607+00:00,2026-07-20T17:10:36.010326+00:00
578,pilot,B,finqa-train-006172,finqa,deepseek,deepseek-v4-pro,1,success,200,,,1072,0,1072,4,1076,932.58,0.0004698,2026-07-20T17:10:36.324823+00:00,2026-07-20T17:10:37.257309+00:00
579,pilot,B,finqa-train-006209,finqa,deepseek,deepseek-v4-pro,1,success,200,,,920,896,24,4,924,1006.5,1.717e-05,2026-07-20T17:10:37.572670+00:00,2026-07-20T17:10:38.578889+00:00
580,pilot,B,finqa-valid-000036,finqa,deepseek,deepseek-v4-pro,1,success,200,,,1017,0,1017,92,1109,2121.02,0.00052243,2026-07-20T17:10:38.893655+00:00,2026-07-20T17:10:41.015006+00:00
581,pilot,B,finqa-valid-000037,finqa,deepseek,deepseek-v4-pro,1,success,200,,,1978,0,1978,5,1983,952.64,0.00086478,2026-07-20T17:10:41.329657+00:00,2026-07-20T17:10:42.282247+00:00
582,pilot,B,finqa-valid-000051,finqa,deepseek,deepseek-v4-pro,1,success,200,,,938,0,938,1,939,979.04,0.0004089,2026-07-20T17:10:42.596224+00:00,2026-07-20T17:10:43.575332+00:00
583,pilot,B,finqa-valid-000064,finqa,deepseek,deepseek-v4-pro,1,success,200,,,1194,0,1194,33,1227,1610.24,0.0005481,2026-07-20T17:10:43.889789+00:00,2026-07-20T17:10:45.499464+00:00
584,pilot,B,finqa-valid-000146,finqa,deepseek,deepseek-v4-pro,1,success,200,,,1347,0,1347,4,1351,1070.82,0.00058943,2026-07-20T17:10:45.815870+00:00,2026-07-20T17:10:46.885897+00:00
585,pilot,B,finqa-valid-000154,finqa,deepseek,deepseek-v4-pro,1,success,200,,,1169,0,1169,3,1172,940.91,0.00051112,2026-07-20T17:10:47.201686+00:00,2026-07-20T17:10:48.142153+00:00
586,pilot,B,finqa-valid-000273,finqa,deepseek,deepseek-v4-pro,1,success,200,,,921,0,921,21,942,1113.65,0.00041891,2026-07-20T17:10:48.457569+00:00,2026-07-20T17:10:49.570691+00:00
587,pilot,B,finqa-valid-000324,finqa,deepseek,deepseek-v4-pro,1,success,200,,,569,0,569,5,574,1006.33,0.00025186,2026-07-20T17:10:49.885226+00:00,2026-07-20T17:10:50.892337+00:00
588,pilot,B,finqa-valid-000340,finqa,deepseek,deepseek-v4-pro,1,success,200,,,643,0,643,10,653,2023.14,0.0002884,2026-07-20T17:10:51.206949+00:00,2026-07-20T17:10:53.229859+00:00
589,pilot,B,finqa-valid-000381,finqa,deepseek,deepseek-v4-pro,1,success,200,,,947,0,947,4,951,955.27,0.00041542,2026-07-20T17:10:53.545217+00:00,2026-07-20T17:10:54.500268+00:00
590,pilot,B,finqa-valid-000453,finqa,deepseek,deepseek-v4-pro,1,success,200,,,662,0,662,4,666,930.02,0.00029145,2026-07-20T17:10:54.815642+00:00,2026-07-20T17:10:55.746254+00:00
591,pilot,B,finqa-valid-000458,finqa,deepseek,deepseek-v4-pro,1,success,200,,,617,0,617,6,623,876.27,0.00027362,2026-07-20T17:10:56.060159+00:00,2026-07-20T17:10:56.936740+00:00
592,pilot,B,finqa-valid-000496,finqa,deepseek,deepseek-v4-pro,1,success,200,,,1008,0,1008,21,1029,1181.78,0.00045675,2026-07-20T17:10:57.258284+00:00,2026-07-20T17:10:58.440229+00:00
593,pilot,B,finqa-valid-000542,finqa,deepseek,deepseek-v4-pro,1,success,200,,,808,768,40,6,814,960.12,2.54e-05,2026-07-20T17:10:58.754702+00:00,2026-07-20T17:10:59.714454+00:00
594,pilot,B,finqa-valid-000605,finqa,deepseek,deepseek-v4-pro,1,success,200,,,550,512,38,15,565,1171.84,3.144e-05,2026-07-20T17:11:00.029140+00:00,2026-07-20T17:11:01.201489+00:00
595,pilot,B,finqa-valid-000659,finqa,deepseek,deepseek-v4-pro,1,success,200,,,900,0,900,4,904,782.12,0.00039498,2026-07-20T17:11:01.515533+00:00,2026-07-20T17:11:02.297634+00:00
596,pilot,B,finqa-valid-000709,finqa,deepseek,deepseek-v4-pro,1,success,200,,,1056,0,1056,3,1059,1247.88,0.00046197,2026-07-20T17:11:02.612663+00:00,2026-07-20T17:11:03.860233+00:00
597,pilot,B,finqa-valid-000730,finqa,deepseek,deepseek-v4-pro,1,success,200,,,1147,0,1147,3,1150,931.37,0.00050155,2026-07-20T17:11:04.174918+00:00,2026-07-20T17:11:05.106813+00:00
598,pilot,B,finqa-valid-000813,finqa,deepseek,deepseek-v4-pro,1,success,200,,,1248,0,1248,2,1250,1246.94,0.00054462,2026-07-20T17:11:05.427769+00:00,2026-07-20T17:11:06.674323+00:00
599,pilot,B,finqa-valid-000817,finqa,deepseek,deepseek-v4-pro,1,success,200,,,1359,0,1359,4,1363,890.44,0.00059464,2026-07-20T17:11:06.989885+00:00,2026-07-20T17:11:07.880311+00:00
600,pilot,B,finqa-valid-000877,finqa,deepseek,deepseek-v4-pro,1,success,200,,,920,0,920,15,935,1188.03,0.00041325,2026-07-20T17:11:08.194449+00:00,2026-07-20T17:11:09.382629+00:00
601,pilot,B,financial_mmlu_ko-test-000002,financial_mmlu_ko,deepseek,deepseek-v4-pro,1,success,200,,,253,0,253,1,254,819.2,0.00011093,2026-07-20T17:11:09.699197+00:00,2026-07-20T17:11:10.518142+00:00
602,pilot,B,financial_mmlu_ko-test-000004,financial_mmlu_ko,deepseek,deepseek-v4-pro,1,success,200,,,202,128,74,1,203,876.47,3.352e-05,2026-07-20T17:11:10.833822+00:00,2026-07-20T17:11:11.710216+00:00
603,pilot,B,financial_mmlu_ko-test-000007,financial_mmlu_ko,deepseek,deepseek-v4-pro,1,success,200,,,164,0,164,1,165,841.78,7.221e-05,2026-07-20T17:11:12.024666+00:00,2026-07-20T17:11:12.866220+00:00
604,pilot,B,financial_mmlu_ko-test-000009,financial_mmlu_ko,deepseek,deepseek-v4-pro,1,success,200,,,172,128,44,1,173,670.72,2.047e-05,2026-07-20T17:11:13.181118+00:00,2026-07-20T17:11:13.851473+00:00
605,pilot,B,financial_mmlu_ko-test-000010,financial_mmlu_ko,deepseek,deepseek-v4-pro,1,success,200,,,216,0,216,1,217,871.06,9.483e-05,2026-07-20T17:11:14.166023+00:00,2026-07-20T17:11:15.037008+00:00
606,pilot,B,financial_mmlu_ko-test-000012,financial_mmlu_ko,deepseek,deepseek-v4-pro,1,success,200,,,235,0,235,1,236,811.31,0.00010309,2026-07-20T17:11:15.351736+00:00,2026-07-20T17:11:16.162898+00:00
607,pilot,B,financial_mmlu_ko-test-000013,financial_mmlu_ko,deepseek,deepseek-v4-pro,1,success,200,,,212,0,212,1,213,876.46,9.309e-05,2026-07-20T17:11:16.478052+00:00,2026-07-20T17:11:17.354430+00:00
608,pilot,B,financial_mmlu_ko-test-000015,financial_mmlu_ko,deepseek,deepseek-v4-pro,1,success,200,,,124,0,124,1,125,1141.56,5.481e-05,2026-07-20T17:11:17.704304+00:00,2026-07-20T17:11:18.845798+00:00
609,pilot,B,financial_mmlu_ko-test-000020,financial_mmlu_ko,deepseek,deepseek-v4-pro,1,success,200,,,132,0,132,1,133,866.89,5.829e-05,2026-07-20T17:11:19.161011+00:00,2026-07-20T17:11:20.027305+00:00
610,pilot,B,financial_mmlu_ko-test-000024,financial_mmlu_ko,deepseek,deepseek-v4-pro,1,success,200,,,238,0,238,1,239,894.55,0.0001044,2026-07-20T17:11:20.344141+00:00,2026-07-20T17:11:21.238228+00:00
611,pilot,B,financial_mmlu_ko-test-000025,financial_mmlu_ko,deepseek,deepseek-v4-pro,1,success,200,,,234,0,234,1,235,806.85,0.00010266,2026-07-20T17:11:21.554230+00:00,2026-07-20T17:11:22.360928+00:00
612,pilot,B,financial_mmlu_ko-test-000027,financial_mmlu_ko,deepseek,deepseek-v4-pro,1,success,200,,,234,0,234,1,235,977.4,0.00010266,2026-07-20T17:11:22.677020+00:00,2026-07-20T17:11:23.654330+00:00
613,pilot,B,financial_mmlu_ko-test-000028,financial_mmlu_ko,deepseek,deepseek-v4-pro,1,success,200,,,238,0,238,1,239,675.52,0.0001044,2026-07-20T17:11:23.969048+00:00,2026-07-20T17:11:24.644306+00:00
614,pilot,B,financial_mmlu_ko-test-000030,financial_mmlu_ko,deepseek,deepseek-v4-pro,1,success,200,,,135,0,135,1,136,890.3,5.959e-05,2026-07-20T17:11:24.958951+00:00,2026-07-20T17:11:25.849937+00:00
615,pilot,B,financial_mmlu_ko-test-000031,financial_mmlu_ko,deepseek,deepseek-v4-pro,1,success,200,,,153,0,153,1,154,859.69,6.742e-05,2026-07-20T17:11:26.164628+00:00,2026-07-20T17:11:27.024176+00:00
616,pilot,B,financial_mmlu_ko-test-000032,financial_mmlu_ko,deepseek,deepseek-v4-pro,1,success,200,,,145,0,145,1,146,953.8,6.394e-05,2026-07-20T17:11:27.339447+00:00,2026-07-20T17:11:28.292401+00:00
617,pilot,B,financial_mmlu_ko-test-000033,financial_mmlu_ko,deepseek,deepseek-v4-pro,1,success,200,,,200,0,200,1,201,649.36,8.787e-05,2026-07-20T17:11:28.607655+00:00,2026-07-20T17:11:29.256572+00:00
618,pilot,B,financial_mmlu_ko-test-000035,financial_mmlu_ko,deepseek,deepseek-v4-pro,1,success,200,,,172,0,172,1,173,793.94,7.569e-05,2026-07-20T17:11:29.571588+00:00,2026-07-20T17:11:30.365231+00:00
619,pilot,B,financial_mmlu_ko-test-000036,financial_mmlu_ko,deepseek,deepseek-v4-pro,1,success,200,,,161,0,161,1,162,884.8,7.09e-05,2026-07-20T17:11:30.681636+00:00,2026-07-20T17:11:31.566565+00:00
620,pilot,B,financial_mmlu_ko-test-000038,financial_mmlu_ko,deepseek,deepseek-v4-pro,1,success,200,,,226,0,226,1,227,913.74,9.918e-05,2026-07-20T17:11:31.881708+00:00,2026-07-20T17:11:32.794986+00:00
621,pilot,B,financial_mmlu_ko-test-000040,financial_mmlu_ko,deepseek,deepseek-v4-pro,1,success,200,,,193,0,193,1,194,852.93,8.483e-05,2026-07-20T17:11:33.110992+00:00,2026-07-20T17:11:33.963443+00:00
622,pilot,B,financial_mmlu_ko-test-000041,financial_mmlu_ko,deepseek,deepseek-v4-pro,1,success,200,,,160,0,160,1,161,910.41,7.047e-05,2026-07-20T17:11:34.278505+00:00,2026-07-20T17:11:35.188954+00:00
623,pilot,B,financial_mmlu_ko-test-000043,financial_mmlu_ko,deepseek,deepseek-v4-pro,1,success,200,,,194,0,194,1,195,860.83,8.526e-05,2026-07-20T17:11:35.503253+00:00,2026-07-20T17:11:36.363679+00:00
624,pilot,B,financial_mmlu_ko-test-000044,financial_mmlu_ko,deepseek,deepseek-v4-pro,1,success,200,,,201,0,201,1,202,794.84,8.831e-05,2026-07-20T17:11:36.679152+00:00,2026-07-20T17:11:37.473460+00:00
625,pilot,B,financial_mmlu_ko-test-000048,financial_mmlu_ko,deepseek,deepseek-v4-pro,1,success,200,,,148,128,20,1,149,772.15,1.003e-05,2026-07-20T17:11:37.788058+00:00,2026-07-20T17:11:38.559554+00:00
626,pilot,B,financial_mmlu_ko-test-000052,financial_mmlu_ko,deepseek,deepseek-v4-pro,1,success,200,,,172,0,172,1,173,655.49,7.569e-05,2026-07-20T17:11:38.874283+00:00,2026-07-20T17:11:39.530027+00:00
627,pilot,B,financial_mmlu_ko-test-000054,financial_mmlu_ko,deepseek,deepseek-v4-pro,1,success,200,,,150,128,22,1,151,750.6,1.09e-05,2026-07-20T17:11:39.844182+00:00,2026-07-20T17:11:40.594786+00:00
628,pilot,B,financial_mmlu_ko-test-000057,financial_mmlu_ko,deepseek,deepseek-v4-pro,1,success,200,,,192,0,192,1,193,820.82,8.439e-05,2026-07-20T17:11:40.910204+00:00,2026-07-20T17:11:41.730589+00:00
629,pilot,B,financial_mmlu_ko-test-000059,financial_mmlu_ko,deepseek,deepseek-v4-pro,1,success,200,,,139,0,139,1,140,787.57,6.133e-05,2026-07-20T17:11:42.045103+00:00,2026-07-20T17:11:42.832785+00:00
630,pilot,B,financial_mmlu_ko-test-000065,financial_mmlu_ko,deepseek,deepseek-v4-pro,1,success,200,,,185,0,185,1,186,804.81,8.135e-05,2026-07-20T17:11:43.148025+00:00,2026-07-20T17:11:43.952330+00:00
631,pilot,B,financial_mmlu_ko-test-000068,financial_mmlu_ko,deepseek,deepseek-v4-pro,1,success,200,,,144,0,144,1,145,890.7,6.351e-05,2026-07-20T17:11:44.267199+00:00,2026-07-20T17:11:45.157240+00:00
632,pilot,B,financial_mmlu_ko-test-000070,financial_mmlu_ko,deepseek,deepseek-v4-pro,1,success,200,,,210,0,210,1,211,822.02,9.222e-05,2026-07-20T17:11:45.472895+00:00,2026-07-20T17:11:46.295129+00:00
633,pilot,B,financial_mmlu_ko-test-000079,financial_mmlu_ko,deepseek,deepseek-v4-pro,1,success,200,,,126,0,126,1,127,888.26,5.568e-05,2026-07-20T17:11:46.612929+00:00,2026-07-20T17:11:47.501599+00:00
634,pilot,B,financial_mmlu_ko-test-000083,financial_mmlu_ko,deepseek,deepseek-v4-pro,1,success,200,,,187,0,187,1,188,648.14,8.221e-05,2026-07-20T17:11:47.815910+00:00,2026-07-20T17:11:48.464002+00:00
635,pilot,B,financial_mmlu_ko-test-000088,financial_mmlu_ko,deepseek,deepseek-v4-pro,1,success,200,,,113,0,113,1,114,834.19,5.002e-05,2026-07-20T17:11:48.779135+00:00,2026-07-20T17:11:49.614070+00:00
636,pilot,B,financial_mmlu_ko-test-000091,financial_mmlu_ko,deepseek,deepseek-v4-pro,1,success,200,,,153,0,153,1,154,621.14,6.742e-05,2026-07-20T17:11:49.929291+00:00,2026-07-20T17:11:50.550697+00:00
637,pilot,B,financial_mmlu_ko-test-000092,financial_mmlu_ko,deepseek,deepseek-v4-pro,1,success,200,,,154,0,154,1,155,851.2,6.786e-05,2026-07-20T17:11:50.865264+00:00,2026-07-20T17:11:51.716103+00:00
638,pilot,B,financial_mmlu_ko-test-000095,financial_mmlu_ko,deepseek,deepseek-v4-pro,1,success,200,,,208,0,208,1,209,674.93,9.135e-05,2026-07-20T17:11:52.031017+00:00,2026-07-20T17:11:52.706168+00:00
639,pilot,B,financial_mmlu_ko-test-000096,financial_mmlu_ko,deepseek,deepseek-v4-pro,1,success,200,,,160,0,160,1,161,828.03,7.047e-05,2026-07-20T17:11:53.020393+00:00,2026-07-20T17:11:53.848271+00:00
640,pilot,B,financial_mmlu_ko-test-000097,financial_mmlu_ko,deepseek,deepseek-v4-pro,1,success,200,,,138,0,138,1,139,921.79,6.09e-05,2026-07-20T17:11:54.162528+00:00,2026-07-20T17:11:55.084429+00:00
641,pilot,B,financial_mmlu_ko-test-000100,financial_mmlu_ko,deepseek,deepseek-v4-pro,1,success,200,,,114,0,114,1,115,853.23,5.046e-05,2026-07-20T17:11:55.399039+00:00,2026-07-20T17:11:56.252336+00:00
642,pilot,B,financial_mmlu_ko-test-000102,financial_mmlu_ko,deepseek,deepseek-v4-pro,1,success,200,,,121,0,121,1,122,870.84,5.35e-05,2026-07-20T17:11:56.567169+00:00,2026-07-20T17:11:57.437696+00:00
643,pilot,B,financial_mmlu_ko-test-000104,financial_mmlu_ko,deepseek,deepseek-v4-pro,1,success,200,,,181,0,181,1,182,784.09,7.96e-05,2026-07-20T17:11:57.753197+00:00,2026-07-20T17:11:58.537458+00:00
644,pilot,B,financial_mmlu_ko-test-000105,financial_mmlu_ko,deepseek,deepseek-v4-pro,1,success,200,,,155,0,155,1,156,816.27,6.829e-05,2026-07-20T17:11:58.852131+00:00,2026-07-20T17:11:59.668016+00:00
645,pilot,B,financial_mmlu_ko-test-000106,financial_mmlu_ko,deepseek,deepseek-v4-pro,1,success,200,,,196,128,68,1,197,676.66,3.091e-05,2026-07-20T17:11:59.982843+00:00,2026-07-20T17:12:00.659157+00:00
646,pilot,B,financial_mmlu_ko-test-000108,financial_mmlu_ko,deepseek,deepseek-v4-pro,1,success,200,,,282,0,282,1,283,916.53,0.00012354,2026-07-20T17:12:00.974317+00:00,2026-07-20T17:12:01.891525+00:00
647,pilot,B,financial_mmlu_ko-test-000109,financial_mmlu_ko,deepseek,deepseek-v4-pro,1,success,200,,,169,0,169,1,170,916.04,7.438e-05,2026-07-20T17:12:02.206903+00:00,2026-07-20T17:12:03.122674+00:00
648,pilot,B,financial_mmlu_ko-test-000113,financial_mmlu_ko,deepseek,deepseek-v4-pro,1,success,200,,,201,0,201,1,202,875.99,8.831e-05,2026-07-20T17:12:03.436977+00:00,2026-07-20T17:12:04.312927+00:00
649,pilot,B,financial_mmlu_ko-test-000116,financial_mmlu_ko,deepseek,deepseek-v4-pro,1,success,200,,,199,0,199,1,200,653.81,8.744e-05,2026-07-20T17:12:04.627582+00:00,2026-07-20T17:12:05.281068+00:00
650,pilot,B,financial_mmlu_ko-test-000117,financial_mmlu_ko,deepseek,deepseek-v4-pro,1,success,200,,,202,0,202,1,203,720.48,8.874e-05,2026-07-20T17:12:05.596237+00:00,2026-07-20T17:12:06.317170+00:00
651,pilot,B,financial_mmlu_ko-test-000118,financial_mmlu_ko,deepseek,deepseek-v4-pro,1,success,200,,,213,0,213,1,214,934.0,9.352e-05,2026-07-20T17:12:06.631156+00:00,2026-07-20T17:12:07.564430+00:00
652,pilot,B,financial_mmlu_ko-test-000120,financial_mmlu_ko,deepseek,deepseek-v4-pro,1,success,200,,,225,128,97,1,226,879.74,4.353e-05,2026-07-20T17:12:07.879808+00:00,2026-07-20T17:12:08.759609+00:00
653,pilot,B,financial_mmlu_ko-test-000121,financial_mmlu_ko,deepseek,deepseek-v4-pro,1,success,200,,,115,0,115,1,116,862.45,5.089e-05,2026-07-20T17:12:09.073345+00:00,2026-07-20T17:12:09.936081+00:00
654,pilot,B,financial_mmlu_ko-test-000124,financial_mmlu_ko,deepseek,deepseek-v4-pro,1,success,200,,,218,0,218,1,219,818.75,9.57e-05,2026-07-20T17:12:10.250840+00:00,2026-07-20T17:12:11.069860+00:00
655,pilot,B,financial_mmlu_ko-test-000126,financial_mmlu_ko,deepseek,deepseek-v4-pro,1,success,200,,,139,128,11,1,140,796.81,6.12e-06,2026-07-20T17:12:11.384411+00:00,2026-07-20T17:12:12.181101+00:00
656,pilot,B,financial_mmlu_ko-test-000128,financial_mmlu_ko,deepseek,deepseek-v4-pro,1,success,200,,,237,0,237,1,238,1016.9,0.00010396,2026-07-20T17:12:12.497047+00:00,2026-07-20T17:12:13.514783+00:00
657,pilot,B,financial_mmlu_ko-test-000130,financial_mmlu_ko,deepseek,deepseek-v4-pro,1,success,200,,,167,0,167,1,168,802.24,7.351e-05,2026-07-20T17:12:13.828982+00:00,2026-07-20T17:12:14.631795+00:00
658,pilot,B,financial_mmlu_ko-test-000131,financial_mmlu_ko,deepseek,deepseek-v4-pro,1,success,200,,,222,0,222,1,223,872.37,9.744e-05,2026-07-20T17:12:14.964617+00:00,2026-07-20T17:12:15.836679+00:00
659,pilot,B,financial_mmlu_ko-test-000134,financial_mmlu_ko,deepseek,deepseek-v4-pro,1,success,200,,,219,0,219,1,220,884.49,9.614e-05,2026-07-20T17:12:16.183872+00:00,2026-07-20T17:12:17.068193+00:00
660,pilot,B,financial_mmlu_ko-test-000136,financial_mmlu_ko,deepseek,deepseek-v4-pro,1,success,200,,,225,0,225,1,226,930.8,9.874e-05,2026-07-20T17:12:17.383121+00:00,2026-07-20T17:12:18.313526+00:00
661,pilot,B,financial_mmlu_ko-test-000138,financial_mmlu_ko,deepseek,deepseek-v4-pro,1,success,200,,,207,0,207,1,208,920.44,9.091e-05,2026-07-20T17:12:18.628849+00:00,2026-07-20T17:12:19.549655+00:00
662,pilot,B,financial_mmlu_ko-test-000141,financial_mmlu_ko,deepseek,deepseek-v4-pro,1,success,200,,,183,0,183,1,184,820.95,8.047e-05,2026-07-20T17:12:19.862907+00:00,2026-07-20T17:12:20.683989+00:00
663,pilot,B,financial_mmlu_ko-test-000143,financial_mmlu_ko,deepseek,deepseek-v4-pro,1,success,200,,,204,128,76,1,205,679.77,3.439e-05,2026-07-20T17:12:20.999432+00:00,2026-07-20T17:12:21.679977+00:00
664,pilot,B,financial_mmlu_ko-test-000145,financial_mmlu_ko,deepseek,deepseek-v4-pro,1,success,200,,,180,0,180,1,181,874.48,7.917e-05,2026-07-20T17:12:21.994399+00:00,2026-07-20T17:12:22.869104+00:00
665,pilot,B,financial_mmlu_ko-test-000147,financial_mmlu_ko,deepseek,deepseek-v4-pro,1,success,200,,,245,0,245,1,246,819.55,0.00010744,2026-07-20T17:12:23.183180+00:00,2026-07-20T17:12:24.002862+00:00
666,pilot,B,financial_mmlu_ko-test-000151,financial_mmlu_ko,deepseek,deepseek-v4-pro,1,success,200,,,133,0,133,1,134,889.98,5.872e-05,2026-07-20T17:12:24.317922+00:00,2026-07-20T17:12:25.207423+00:00
667,pilot,B,financial_mmlu_ko-test-000152,financial_mmlu_ko,deepseek,deepseek-v4-pro,1,success,200,,,225,0,225,1,226,823.41,9.874e-05,2026-07-20T17:12:25.522680+00:00,2026-07-20T17:12:26.346397+00:00
668,pilot,B,financial_mmlu_ko-test-000153,financial_mmlu_ko,deepseek,deepseek-v4-pro,1,success,200,,,243,0,243,1,244,856.21,0.00010658,2026-07-20T17:12:26.660918+00:00,2026-07-20T17:12:27.517103+00:00
669,pilot,B,financial_mmlu_ko-test-000156,financial_mmlu_ko,deepseek,deepseek-v4-pro,1,success,200,,,288,0,288,1,289,1083.97,0.00012615,2026-07-20T17:12:27.831843+00:00,2026-07-20T17:12:28.916242+00:00
670,pilot,B,financial_mmlu_ko-test-000158,financial_mmlu_ko,deepseek,deepseek-v4-pro,1,success,200,,,212,0,212,1,213,632.25,9.309e-05,2026-07-20T17:12:29.232356+00:00,2026-07-20T17:12:29.864674+00:00
671,pilot,B,financial_mmlu_ko-test-000160,financial_mmlu_ko,deepseek,deepseek-v4-pro,1,success,200,,,198,0,198,1,199,823.19,8.7e-05,2026-07-20T17:12:30.178996+00:00,2026-07-20T17:12:31.002618+00:00
672,pilot,B,financial_mmlu_ko-test-000161,financial_mmlu_ko,deepseek,deepseek-v4-pro,1,success,200,,,202,0,202,1,203,828.06,8.874e-05,2026-07-20T17:12:31.316409+00:00,2026-07-20T17:12:32.144679+00:00
673,pilot,B,financial_mmlu_ko-test-000162,financial_mmlu_ko,deepseek,deepseek-v4-pro,1,success,200,,,216,0,216,1,217,780.45,9.483e-05,2026-07-20T17:12:32.458812+00:00,2026-07-20T17:12:33.239201+00:00
674,pilot,B,financial_mmlu_ko-test-000164,financial_mmlu_ko,deepseek,deepseek-v4-pro,1,success,200,,,275,0,275,1,276,806.68,0.0001205,2026-07-20T17:12:33.553703+00:00,2026-07-20T17:12:34.360149+00:00
675,pilot,B,financial_mmlu_ko-test-000167,financial_mmlu_ko,deepseek,deepseek-v4-pro,1,success,200,,,166,128,38,1,167,1173.41,1.786e-05,2026-07-20T17:12:34.676020+00:00,2026-07-20T17:12:35.850033+00:00
676,pilot,B,financial_mmlu_ko-test-000169,financial_mmlu_ko,deepseek,deepseek-v4-pro,1,success,200,,,201,0,201,1,202,876.53,8.831e-05,2026-07-20T17:12:36.164616+00:00,2026-07-20T17:12:37.041936+00:00
677,pilot,B,financial_mmlu_ko-test-000172,financial_mmlu_ko,deepseek,deepseek-v4-pro,1,success,200,,,264,0,264,1,265,835.18,0.00011571,2026-07-20T17:12:37.355826+00:00,2026-07-20T17:12:38.190744+00:00
678,pilot,B,financial_mmlu_ko-test-000173,financial_mmlu_ko,deepseek,deepseek-v4-pro,1,success,200,,,244,0,244,1,245,708.61,0.00010701,2026-07-20T17:12:38.505457+00:00,2026-07-20T17:12:39.213902+00:00
679,pilot,B,financial_mmlu_ko-test-000175,financial_mmlu_ko,deepseek,deepseek-v4-pro,1,success,200,,,213,128,85,1,214,675.4,3.831e-05,2026-07-20T17:12:39.528823+00:00,2026-07-20T17:12:40.204065+00:00
680,pilot,B,financial_mmlu_ko-test-000177,financial_mmlu_ko,deepseek,deepseek-v4-pro,1,success,200,,,282,0,282,1,283,928.91,0.00012354,2026-07-20T17:12:40.520273+00:00,2026-07-20T17:12:41.448654+00:00
681,pilot,B,financial_mmlu_ko-test-000181,financial_mmlu_ko,deepseek,deepseek-v4-pro,1,success,200,,,278,0,278,1,279,855.73,0.0001218,2026-07-20T17:12:41.764182+00:00,2026-07-20T17:12:42.619685+00:00
682,pilot,B,financial_mmlu_ko-test-000182,financial_mmlu_ko,deepseek,deepseek-v4-pro,1,success,200,,,190,0,190,1,191,944.57,8.352e-05,2026-07-20T17:12:42.935549+00:00,2026-07-20T17:12:43.879623+00:00
683,pilot,B,financial_mmlu_ko-test-000188,financial_mmlu_ko,deepseek,deepseek-v4-pro,1,success,200,,,164,0,164,1,165,820.32,7.221e-05,2026-07-20T17:12:44.196505+00:00,2026-07-20T17:12:45.016517+00:00
684,pilot,B,financial_mmlu_ko-test-000192,financial_mmlu_ko,deepseek,deepseek-v4-pro,1,success,200,,,183,0,183,1,184,938.64,8.047e-05,2026-07-20T17:12:45.331910+00:00,2026-07-20T17:12:46.270632+00:00
685,pilot,B,financial_mmlu_ko-test-000193,financial_mmlu_ko,deepseek,deepseek-v4-pro,1,success,200,,,236,0,236,1,237,567.16,0.00010353,2026-07-20T17:12:46.585851+00:00,2026-07-20T17:12:47.152587+00:00
686,pilot,B,financial_mmlu_ko-test-000194,financial_mmlu_ko,deepseek,deepseek-v4-pro,1,success,200,,,203,0,203,1,204,816.84,8.917e-05,2026-07-20T17:12:47.468486+00:00,2026-07-20T17:12:48.284995+00:00
687,pilot,B,financial_mmlu_ko-test-000197,financial_mmlu_ko,deepseek,deepseek-v4-pro,1,success,200,,,254,0,254,1,255,876.89,0.00011136,2026-07-20T17:12:48.600661+00:00,2026-07-20T17:12:49.477413+00:00
688,pilot,B,financial_mmlu_ko-test-000200,financial_mmlu_ko,deepseek,deepseek-v4-pro,1,success,200,,,193,0,193,1,194,1055.02,8.483e-05,2026-07-20T17:12:49.793156+00:00,2026-07-20T17:12:50.847626+00:00
689,pilot,B,financial_mmlu_ko-test-000203,financial_mmlu_ko,deepseek,deepseek-v4-pro,1,success,200,,,203,0,203,1,204,858.92,8.917e-05,2026-07-20T17:12:51.163453+00:00,2026-07-20T17:12:52.022389+00:00
690,pilot,B,financial_mmlu_ko-test-000210,financial_mmlu_ko,deepseek,deepseek-v4-pro,1,success,200,,,221,0,221,1,222,879.3,9.7e-05,2026-07-20T17:12:52.336841+00:00,2026-07-20T17:12:53.216029+00:00
691,pilot,B,financial_mmlu_ko-test-000214,financial_mmlu_ko,deepseek,deepseek-v4-pro,1,success,200,,,238,0,238,1,239,611.34,0.0001044,2026-07-20T17:12:53.530878+00:00,2026-07-20T17:12:54.142255+00:00
692,pilot,B,financial_mmlu_ko-test-000216,financial_mmlu_ko,deepseek,deepseek-v4-pro,1,success,200,,,250,0,250,1,251,747.84,0.00010962,2026-07-20T17:12:54.491430+00:00,2026-07-20T17:12:55.239210+00:00
693,pilot,B,financial_mmlu_ko-test-000219,financial_mmlu_ko,deepseek,deepseek-v4-pro,1,success,200,,,243,0,243,1,244,861.77,0.00010658,2026-07-20T17:12:55.554123+00:00,2026-07-20T17:12:56.415629+00:00
694,pilot,B,financial_mmlu_ko-test-000221,financial_mmlu_ko,deepseek,deepseek-v4-pro,1,success,200,,,152,128,24,1,153,844.28,1.177e-05,2026-07-20T17:12:56.731382+00:00,2026-07-20T17:12:57.576054+00:00
695,pilot,B,financial_mmlu_ko-test-000223,financial_mmlu_ko,deepseek,deepseek-v4-pro,1,success,200,,,241,0,241,1,242,705.04,0.0001057,2026-07-20T17:12:57.890483+00:00,2026-07-20T17:12:58.596149+00:00
696,pilot,B,financial_mmlu_ko-test-000224,financial_mmlu_ko,deepseek,deepseek-v4-pro,1,success,200,,,233,0,233,1,234,866.17,0.00010222,2026-07-20T17:12:58.911127+00:00,2026-07-20T17:12:59.778036+00:00
697,pilot,B,financial_mmlu_ko-test-000225,financial_mmlu_ko,deepseek,deepseek-v4-pro,1,success,200,,,184,0,184,1,185,769.12,8.091e-05,2026-07-20T17:13:00.093625+00:00,2026-07-20T17:13:00.862419+00:00
698,pilot,B,financial_mmlu_ko-test-000227,financial_mmlu_ko,deepseek,deepseek-v4-pro,1,success,200,,,155,0,155,1,156,942.11,6.829e-05,2026-07-20T17:13:01.177449+00:00,2026-07-20T17:13:02.118420+00:00
699,pilot,B,financial_mmlu_ko-test-000229,financial_mmlu_ko,deepseek,deepseek-v4-pro,1,success,200,,,231,128,103,1,232,838.48,4.614e-05,2026-07-20T17:13:02.435006+00:00,2026-07-20T17:13:03.273164+00:00
700,pilot,B,financial_mmlu_ko-test-000230,financial_mmlu_ko,deepseek,deepseek-v4-pro,1,success,200,,,207,0,207,1,208,884.79,9.091e-05,2026-07-20T17:13:03.588034+00:00,2026-07-20T17:13:04.473401+00:00
701,pilot,B,financial_mmlu_ko-test-000234,financial_mmlu_ko,deepseek,deepseek-v4-pro,1,success,200,,,220,0,220,1,221,742.26,9.657e-05,2026-07-20T17:13:04.788503+00:00,2026-07-20T17:13:05.530592+00:00
702,pilot,B,financial_mmlu_ko-test-000235,financial_mmlu_ko,deepseek,deepseek-v4-pro,1,success,200,,,279,0,279,1,280,896.05,0.00012223,2026-07-20T17:13:05.845232+00:00,2026-07-20T17:13:06.741889+00:00
703,pilot,B,financial_mmlu_ko-test-000236,financial_mmlu_ko,deepseek,deepseek-v4-pro,1,success,200,,,220,0,220,1,221,1167.17,9.657e-05,2026-07-20T17:13:07.056607+00:00,2026-07-20T17:13:08.224204+00:00
704,pilot,B,financial_mmlu_ko-test-000237,financial_mmlu_ko,deepseek,deepseek-v4-pro,1,success,200,,,220,0,220,1,221,1011.56,9.657e-05,2026-07-20T17:13:08.539479+00:00,2026-07-20T17:13:09.550652+00:00
705,pilot,B,financial_mmlu_ko-test-000241,financial_mmlu_ko,deepseek,deepseek-v4-pro,1,success,200,,,124,0,124,1,125,858.55,5.481e-05,2026-07-20T17:13:09.865517+00:00,2026-07-20T17:13:10.723982+00:00
706,pilot,B,financial_mmlu_ko-test-000242,financial_mmlu_ko,deepseek,deepseek-v4-pro,1,success,200,,,165,0,165,1,166,804.42,7.264e-05,2026-07-20T17:13:11.041273+00:00,2026-07-20T17:13:11.846103+00:00
707,pilot,B,financial_mmlu_ko-test-000243,financial_mmlu_ko,deepseek,deepseek-v4-pro,1,success,200,,,216,0,216,1,217,821.88,9.483e-05,2026-07-20T17:13:12.159866+00:00,2026-07-20T17:13:12.982494+00:00
708,pilot,B,financial_mmlu_ko-test-000244,financial_mmlu_ko,deepseek,deepseek-v4-pro,1,success,200,,,231,0,231,1,232,840.68,0.00010135,2026-07-20T17:13:13.297377+00:00,2026-07-20T17:13:14.137911+00:00
709,pilot,B,financial_mmlu_ko-test-000245,financial_mmlu_ko,deepseek,deepseek-v4-pro,1,success,200,,,228,0,228,1,229,729.99,0.00010005,2026-07-20T17:13:14.452688+00:00,2026-07-20T17:13:15.182739+00:00
710,pilot,B,financial_mmlu_ko-test-000246,financial_mmlu_ko,deepseek,deepseek-v4-pro,1,success,200,,,208,0,208,1,209,973.58,9.135e-05,2026-07-20T17:13:15.497249+00:00,2026-07-20T17:13:16.471102+00:00
711,pilot,B,financial_mmlu_ko-test-000247,financial_mmlu_ko,deepseek,deepseek-v4-pro,1,success,200,,,277,0,277,1,278,859.77,0.00012137,2026-07-20T17:13:16.785492+00:00,2026-07-20T17:13:17.645594+00:00
712,pilot,B,financial_mmlu_ko-test-000249,financial_mmlu_ko,deepseek,deepseek-v4-pro,1,success,200,,,132,0,132,1,133,783.99,5.829e-05,2026-07-20T17:13:17.959718+00:00,2026-07-20T17:13:18.744108+00:00
713,pilot,B,financial_mmlu_ko-test-000252,financial_mmlu_ko,deepseek,deepseek-v4-pro,1,success,200,,,226,0,226,1,227,757.2,9.918e-05,2026-07-20T17:13:19.058689+00:00,2026-07-20T17:13:19.816294+00:00
714,pilot,B,financial_mmlu_ko-test-000253,financial_mmlu_ko,deepseek,deepseek-v4-pro,1,success,200,,,216,128,88,1,217,616.54,3.961e-05,2026-07-20T17:13:20.131157+00:00,2026-07-20T17:13:20.747727+00:00
715,pilot,B,financial_mmlu_ko-test-000257,financial_mmlu_ko,deepseek,deepseek-v4-pro,1,success,200,,,274,0,274,1,275,878.75,0.00012006,2026-07-20T17:13:21.063857+00:00,2026-07-20T17:13:21.943170+00:00
716,pilot,B,financial_mmlu_ko-test-000259,financial_mmlu_ko,deepseek,deepseek-v4-pro,1,success,200,,,226,0,226,1,227,836.08,9.918e-05,2026-07-20T17:13:22.258125+00:00,2026-07-20T17:13:23.094313+00:00
717,pilot,B,financial_mmlu_ko-test-000260,financial_mmlu_ko,deepseek,deepseek-v4-pro,1,success,200,,,165,0,165,1,166,1115.97,7.264e-05,2026-07-20T17:13:23.408840+00:00,2026-07-20T17:13:24.524290+00:00
718,pilot,B,financial_mmlu_ko-test-000262,financial_mmlu_ko,deepseek,deepseek-v4-pro,1,success,200,,,192,0,192,1,193,866.65,8.439e-05,2026-07-20T17:13:24.838905+00:00,2026-07-20T17:13:25.705579+00:00
719,pilot,B,financial_mmlu_ko-test-000264,financial_mmlu_ko,deepseek,deepseek-v4-pro,1,success,200,,,172,0,172,1,173,923.25,7.569e-05,2026-07-20T17:13:26.020866+00:00,2026-07-20T17:13:26.943500+00:00
720,pilot,B,financial_mmlu_ko-test-000268,financial_mmlu_ko,deepseek,deepseek-v4-pro,1,success,200,,,246,0,246,1,247,900.03,0.00010788,2026-07-20T17:13:27.258581+00:00,2026-07-20T17:13:28.159422+00:00
721,pilot,B,financial_mmlu_ko-test-000270,financial_mmlu_ko,deepseek,deepseek-v4-pro,1,success,200,,,217,0,217,1,218,843.1,9.526e-05,2026-07-20T17:13:28.473930+00:00,2026-07-20T17:13:29.316835+00:00
722,pilot,B,financial_mmlu_ko-test-000271,financial_mmlu_ko,deepseek,deepseek-v4-pro,1,success,200,,,192,0,192,1,193,963.56,8.439e-05,2026-07-20T17:13:29.631772+00:00,2026-07-20T17:13:30.594937+00:00
723,pilot,B,financial_mmlu_ko-test-000273,financial_mmlu_ko,deepseek,deepseek-v4-pro,1,success,200,,,161,0,161,1,162,1035.68,7.09e-05,2026-07-20T17:13:30.911623+00:00,2026-07-20T17:13:31.946904+00:00
724,pilot,B,financial_mmlu_ko-test-000274,financial_mmlu_ko,deepseek,deepseek-v4-pro,1,success,200,,,242,0,242,1,243,931.24,0.00010614,2026-07-20T17:13:32.262574+00:00,2026-07-20T17:13:33.193899+00:00
725,pilot,B,financial_mmlu_ko-test-000275,financial_mmlu_ko,deepseek,deepseek-v4-pro,1,success,200,,,190,0,190,1,191,956.08,8.352e-05,2026-07-20T17:13:33.509020+00:00,2026-07-20T17:13:34.465422+00:00
726,pilot,B,financial_mmlu_ko-test-000279,financial_mmlu_ko,deepseek,deepseek-v4-pro,1,success,200,,,162,0,162,1,163,867.26,7.134e-05,2026-07-20T17:13:34.779616+00:00,2026-07-20T17:13:35.646941+00:00
727,pilot,B,financial_mmlu_ko-test-000281,financial_mmlu_ko,deepseek,deepseek-v4-pro,1,success,200,,,207,0,207,1,208,895.94,9.091e-05,2026-07-20T17:13:35.962634+00:00,2026-07-20T17:13:36.859048+00:00
728,pilot,B,financial_mmlu_ko-test-000282,financial_mmlu_ko,deepseek,deepseek-v4-pro,1,success,200,,,270,0,270,1,271,685.27,0.00011832,2026-07-20T17:13:37.173786+00:00,2026-07-20T17:13:37.859672+00:00
729,pilot,B,financial_mmlu_ko-test-000283,financial_mmlu_ko,deepseek,deepseek-v4-pro,1,success,200,,,192,0,192,1,193,984.57,8.439e-05,2026-07-20T17:13:38.175299+00:00,2026-07-20T17:13:39.159584+00:00
730,pilot,B,financial_mmlu_ko-test-000284,financial_mmlu_ko,deepseek,deepseek-v4-pro,1,success,200,,,242,0,242,1,243,732.78,0.00010614,2026-07-20T17:13:39.474481+00:00,2026-07-20T17:13:40.207000+00:00
731,pilot,B,financial_mmlu_ko-test-000285,financial_mmlu_ko,deepseek,deepseek-v4-pro,1,success,200,,,193,0,193,1,194,1162.41,8.483e-05,2026-07-20T17:13:40.522949+00:00,2026-07-20T17:13:41.685092+00:00
732,pilot,B,financial_mmlu_ko-test-000288,financial_mmlu_ko,deepseek,deepseek-v4-pro,1,success,200,,,181,0,181,1,182,854.21,7.96e-05,2026-07-20T17:13:42.000085+00:00,2026-07-20T17:13:42.854130+00:00
733,pilot,B,financial_mmlu_ko-test-000291,financial_mmlu_ko,deepseek,deepseek-v4-pro,1,success,200,,,153,0,153,1,154,859.44,6.742e-05,2026-07-20T17:13:43.169189+00:00,2026-07-20T17:13:44.028555+00:00
734,pilot,B,financial_mmlu_ko-test-000293,financial_mmlu_ko,deepseek,deepseek-v4-pro,1,success,200,,,158,0,158,1,159,889.94,6.96e-05,2026-07-20T17:13:44.343837+00:00,2026-07-20T17:13:45.233992+00:00
735,pilot,B,financial_mmlu_ko-test-000301,financial_mmlu_ko,deepseek,deepseek-v4-pro,1,success,200,,,248,0,248,1,249,752.52,0.00010875,2026-07-20T17:13:45.549151+00:00,2026-07-20T17:13:46.300690+00:00
736,pilot,B,financial_mmlu_ko-test-000302,financial_mmlu_ko,deepseek,deepseek-v4-pro,1,success,200,,,143,128,15,1,144,824.02,7.86e-06,2026-07-20T17:13:46.615742+00:00,2026-07-20T17:13:47.439797+00:00
737,pilot,B,financial_mmlu_ko-test-000309,financial_mmlu_ko,deepseek,deepseek-v4-pro,1,success,200,,,223,0,223,1,224,891.05,9.787e-05,2026-07-20T17:13:47.753852+00:00,2026-07-20T17:13:48.645445+00:00
738,pilot,B,financial_mmlu_ko-test-000310,financial_mmlu_ko,deepseek,deepseek-v4-pro,1,success,200,,,265,0,265,1,266,855.86,0.00011614,2026-07-20T17:13:48.960987+00:00,2026-07-20T17:13:49.816605+00:00
739,pilot,B,financial_mmlu_ko-test-000312,financial_mmlu_ko,deepseek,deepseek-v4-pro,1,success,200,,,139,128,11,1,140,870.27,6.12e-06,2026-07-20T17:13:50.131992+00:00,2026-07-20T17:13:51.002182+00:00
740,pilot,B,financial_mmlu_ko-test-000313,financial_mmlu_ko,deepseek,deepseek-v4-pro,1,success,200,,,196,0,196,1,197,852.71,8.613e-05,2026-07-20T17:13:51.316596+00:00,2026-07-20T17:13:52.170076+00:00
741,pilot,B,financial_mmlu_ko-test-000316,financial_mmlu_ko,deepseek,deepseek-v4-pro,1,success,200,,,191,0,191,1,192,1058.69,8.396e-05,2026-07-20T17:13:52.485039+00:00,2026-07-20T17:13:53.544763+00:00
742,pilot,B,financial_mmlu_ko-test-000319,financial_mmlu_ko,deepseek,deepseek-v4-pro,1,success,200,,,186,0,186,1,187,881.13,8.178e-05,2026-07-20T17:13:53.859509+00:00,2026-07-20T17:13:54.741101+00:00
743,pilot,B,financial_mmlu_ko-test-000320,financial_mmlu_ko,deepseek,deepseek-v4-pro,1,success,200,,,206,0,206,1,207,748.56,9.048e-05,2026-07-20T17:13:55.055587+00:00,2026-07-20T17:13:55.803749+00:00
744,pilot,B,financial_mmlu_ko-test-000322,financial_mmlu_ko,deepseek,deepseek-v4-pro,1,success,200,,,182,0,182,1,183,1084.16,8.004e-05,2026-07-20T17:13:56.120271+00:00,2026-07-20T17:13:57.204238+00:00
745,pilot,B,financial_mmlu_ko-test-000323,financial_mmlu_ko,deepseek,deepseek-v4-pro,1,success,200,,,173,0,173,1,174,920.75,7.612e-05,2026-07-20T17:13:57.518963+00:00,2026-07-20T17:13:58.439418+00:00
746,pilot,B,financial_mmlu_ko-test-000325,financial_mmlu_ko,deepseek,deepseek-v4-pro,1,success,200,,,316,0,316,1,317,875.56,0.00013833,2026-07-20T17:13:58.756605+00:00,2026-07-20T17:13:59.632451+00:00
747,pilot,B,financial_mmlu_ko-test-000326,financial_mmlu_ko,deepseek,deepseek-v4-pro,1,success,200,,,230,0,230,1,231,1342.26,0.00010092,2026-07-20T17:13:59.947760+00:00,2026-07-20T17:14:01.289758+00:00
748,pilot,B,financial_mmlu_ko-test-000331,financial_mmlu_ko,deepseek,deepseek-v4-pro,1,success,200,,,189,0,189,1,190,1012.37,8.309e-05,2026-07-20T17:14:01.605282+00:00,2026-07-20T17:14:02.617787+00:00
749,pilot,B,financial_mmlu_ko-test-000332,financial_mmlu_ko,deepseek,deepseek-v4-pro,1,success,200,,,167,0,167,1,168,931.28,7.351e-05,2026-07-20T17:14:02.933987+00:00,2026-07-20T17:14:03.865673+00:00
750,pilot,B,financial_mmlu_ko-test-000334,financial_mmlu_ko,deepseek,deepseek-v4-pro,1,success,200,,,134,0,134,1,135,1219.4,5.916e-05,2026-07-20T17:14:04.180495+00:00,2026-07-20T17:14:05.400383+00:00
751,pilot,B,financial_mmlu_ko-test-000336,financial_mmlu_ko,deepseek,deepseek-v4-pro,1,success,200,,,212,0,212,1,213,897.53,9.309e-05,2026-07-20T17:14:05.715439+00:00,2026-07-20T17:14:06.612746+00:00
752,pilot,B,financial_mmlu_ko-test-000339,financial_mmlu_ko,deepseek,deepseek-v4-pro,1,success,200,,,164,0,164,1,165,668.9,7.221e-05,2026-07-20T17:14:06.927851+00:00,2026-07-20T17:14:07.596596+00:00
753,pilot,B,financial_mmlu_ko-test-000348,financial_mmlu_ko,deepseek,deepseek-v4-pro,1,success,200,,,211,0,211,1,212,883.75,9.265e-05,2026-07-20T17:14:07.911939+00:00,2026-07-20T17:14:08.795827+00:00
754,pilot,B,financial_mmlu_ko-test-000353,financial_mmlu_ko,deepseek,deepseek-v4-pro,1,success,200,,,190,128,62,1,191,907.93,2.83e-05,2026-07-20T17:14:09.110323+00:00,2026-07-20T17:14:10.018666+00:00
755,pilot,B,financial_mmlu_ko-test-000354,financial_mmlu_ko,deepseek,deepseek-v4-pro,1,success,200,,,162,0,162,1,163,884.6,7.134e-05,2026-07-20T17:14:10.333336+00:00,2026-07-20T17:14:11.217547+00:00
756,pilot,B,financial_mmlu_ko-test-000356,financial_mmlu_ko,deepseek,deepseek-v4-pro,1,success,200,,,211,0,211,1,212,1089.92,9.265e-05,2026-07-20T17:14:11.533700+00:00,2026-07-20T17:14:12.623500+00:00
757,pilot,B,financial_mmlu_ko-test-000357,financial_mmlu_ko,deepseek,deepseek-v4-pro,1,success,200,,,276,0,276,1,277,811.85,0.00012093,2026-07-20T17:14:12.939150+00:00,2026-07-20T17:14:13.750989+00:00
758,pilot,B,financial_mmlu_ko-test-000358,financial_mmlu_ko,deepseek,deepseek-v4-pro,1,success,200,,,184,0,184,1,185,1016.61,8.091e-05,2026-07-20T17:14:14.066280+00:00,2026-07-20T17:14:15.082842+00:00
759,pilot,B,financial_mmlu_ko-test-000362,financial_mmlu_ko,deepseek,deepseek-v4-pro,1,success,200,,,168,0,168,1,169,991.16,7.395e-05,2026-07-20T17:14:15.397375+00:00,2026-07-20T17:14:16.388278+00:00
760,pilot,B,financial_mmlu_ko-test-000368,financial_mmlu_ko,deepseek,deepseek-v4-pro,1,success,200,,,141,0,141,1,142,910.99,6.221e-05,2026-07-20T17:14:16.703073+00:00,2026-07-20T17:14:17.613358+00:00
761,pilot,B,financial_mmlu_ko-test-000369,financial_mmlu_ko,deepseek,deepseek-v4-pro,1,success,200,,,281,0,281,1,282,833.92,0.00012311,2026-07-20T17:14:17.966930+00:00,2026-07-20T17:14:18.801119+00:00
762,pilot,B,financial_mmlu_ko-test-000370,financial_mmlu_ko,deepseek,deepseek-v4-pro,1,success,200,,,186,0,186,1,187,945.72,8.178e-05,2026-07-20T17:14:19.116919+00:00,2026-07-20T17:14:20.062286+00:00
763,pilot,B,financial_mmlu_ko-test-000371,financial_mmlu_ko,deepseek,deepseek-v4-pro,1,success,200,,,129,0,129,1,130,910.75,5.698e-05,2026-07-20T17:14:20.378743+00:00,2026-07-20T17:14:21.289109+00:00
764,pilot,B,financial_mmlu_ko-test-000372,financial_mmlu_ko,deepseek,deepseek-v4-pro,1,success,200,,,230,0,230,1,231,877.95,0.00010092,2026-07-20T17:14:21.604803+00:00,2026-07-20T17:14:22.483602+00:00
765,pilot,B,financial_mmlu_ko-test-000373,financial_mmlu_ko,deepseek,deepseek-v4-pro,1,success,200,,,239,0,239,1,240,1025.91,0.00010483,2026-07-20T17:14:22.797937+00:00,2026-07-20T17:14:23.823648+00:00
766,pilot,B,financial_mmlu_ko-test-000374,financial_mmlu_ko,deepseek,deepseek-v4-pro,1,success,200,,,216,0,216,1,217,912.23,9.483e-05,2026-07-20T17:14:24.139114+00:00,2026-07-20T17:14:25.051086+00:00
767,pilot,B,financial_mmlu_ko-test-000380,financial_mmlu_ko,deepseek,deepseek-v4-pro,1,success,200,,,153,0,153,1,154,869.64,6.742e-05,2026-07-20T17:14:25.367161+00:00,2026-07-20T17:14:26.237043+00:00
768,pilot,B,financial_mmlu_ko-test-000385,financial_mmlu_ko,deepseek,deepseek-v4-pro,1,success,200,,,273,0,273,1,274,851.43,0.00011963,2026-07-20T17:14:26.553344+00:00,2026-07-20T17:14:27.404831+00:00
769,pilot,B,financial_mmlu_ko-test-000387,financial_mmlu_ko,deepseek,deepseek-v4-pro,1,success,200,,,216,0,216,1,217,1163.42,9.483e-05,2026-07-20T17:14:27.719920+00:00,2026-07-20T17:14:28.883540+00:00
770,pilot,B,financial_mmlu_ko-test-000388,financial_mmlu_ko,deepseek,deepseek-v4-pro,1,success,200,,,245,0,245,1,246,811.94,0.00010744,2026-07-20T17:14:29.199264+00:00,2026-07-20T17:14:30.010556+00:00
771,pilot,B,financial_mmlu_ko-test-000390,financial_mmlu_ko,deepseek,deepseek-v4-pro,1,success,200,,,219,0,219,1,220,958.67,9.614e-05,2026-07-20T17:14:30.329232+00:00,2026-07-20T17:14:31.287460+00:00
772,pilot,B,financial_mmlu_ko-test-000391,financial_mmlu_ko,deepseek,deepseek-v4-pro,1,success,200,,,192,0,192,1,193,834.95,8.439e-05,2026-07-20T17:14:31.602625+00:00,2026-07-20T17:14:32.437475+00:00
773,pilot,B,financial_mmlu_ko-test-000392,financial_mmlu_ko,deepseek,deepseek-v4-pro,1,success,200,,,198,0,198,1,199,1191.66,8.7e-05,2026-07-20T17:14:32.753775+00:00,2026-07-20T17:14:33.945363+00:00
774,pilot,B,financial_mmlu_ko-test-000394,financial_mmlu_ko,deepseek,deepseek-v4-pro,1,success,200,,,264,0,264,1,265,876.36,0.00011571,2026-07-20T17:14:34.260012+00:00,2026-07-20T17:14:35.136536+00:00
775,pilot,B,financial_mmlu_ko-test-000395,financial_mmlu_ko,deepseek,deepseek-v4-pro,1,success,200,,,212,0,212,1,213,895.71,9.309e-05,2026-07-20T17:14:35.453502+00:00,2026-07-20T17:14:36.349340+00:00
776,pilot,B,financial_mmlu_ko-test-000397,financial_mmlu_ko,deepseek,deepseek-v4-pro,1,success,200,,,171,0,171,1,172,803.93,7.525e-05,2026-07-20T17:14:36.663998+00:00,2026-07-20T17:14:37.468036+00:00
777,pilot,B,financial_mmlu_ko-test-000399,financial_mmlu_ko,deepseek,deepseek-v4-pro,1,success,200,,,182,0,182,1,183,872.87,8.004e-05,2026-07-20T17:14:37.783798+00:00,2026-07-20T17:14:38.656225+00:00
778,pilot,B,financial_mmlu_ko-test-000402,financial_mmlu_ko,deepseek,deepseek-v4-pro,1,success,200,,,151,0,151,1,152,812.81,6.656e-05,2026-07-20T17:14:38.972488+00:00,2026-07-20T17:14:39.785580+00:00
779,pilot,B,financial_mmlu_ko-test-000404,financial_mmlu_ko,deepseek,deepseek-v4-pro,1,success,200,,,225,0,225,1,226,873.63,9.874e-05,2026-07-20T17:14:40.100234+00:00,2026-07-20T17:14:40.973455+00:00
780,pilot,B,financial_mmlu_ko-test-000405,financial_mmlu_ko,deepseek,deepseek-v4-pro,1,success,200,,,221,128,93,1,222,842.51,4.179e-05,2026-07-20T17:14:41.288684+00:00,2026-07-20T17:14:42.130971+00:00
781,pilot,B,financial_mmlu_ko-test-000406,financial_mmlu_ko,deepseek,deepseek-v4-pro,1,success,200,,,142,0,142,1,143,648.43,6.264e-05,2026-07-20T17:14:42.446945+00:00,2026-07-20T17:14:43.095164+00:00
782,pilot,B,financial_mmlu_ko-test-000413,financial_mmlu_ko,deepseek,deepseek-v4-pro,1,success,200,,,120,0,120,1,121,829.71,5.307e-05,2026-07-20T17:14:43.410957+00:00,2026-07-20T17:14:44.240406+00:00
783,pilot,B,financial_mmlu_ko-test-000417,financial_mmlu_ko,deepseek,deepseek-v4-pro,1,success,200,,,144,0,144,1,145,841.25,6.351e-05,2026-07-20T17:14:44.556241+00:00,2026-07-20T17:14:45.397244+00:00
784,pilot,B,financial_mmlu_ko-test-000419,financial_mmlu_ko,deepseek,deepseek-v4-pro,1,success,200,,,205,0,205,1,206,904.77,9.004e-05,2026-07-20T17:14:45.712868+00:00,2026-07-20T17:14:46.617001+00:00
785,pilot,B,financial_mmlu_ko-test-000423,financial_mmlu_ko,deepseek,deepseek-v4-pro,1,success,200,,,163,0,163,1,164,675.91,7.177e-05,2026-07-20T17:14:46.932749+00:00,2026-07-20T17:14:47.608863+00:00
786,pilot,B,financial_mmlu_ko-test-000429,financial_mmlu_ko,deepseek,deepseek-v4-pro,1,success,200,,,198,128,70,1,199,758.46,3.178e-05,2026-07-20T17:14:47.923219+00:00,2026-07-20T17:14:48.680732+00:00
787,pilot,B,financial_mmlu_ko-test-000430,financial_mmlu_ko,deepseek,deepseek-v4-pro,1,success,200,,,170,0,170,1,171,1036.58,7.482e-05,2026-07-20T17:14:48.999700+00:00,2026-07-20T17:14:50.036075+00:00
788,pilot,B,financial_mmlu_ko-test-000432,financial_mmlu_ko,deepseek,deepseek-v4-pro,1,success,200,,,219,0,219,1,220,821.07,9.614e-05,2026-07-20T17:14:50.351549+00:00,2026-07-20T17:14:51.172943+00:00
789,pilot,B,financial_mmlu_ko-test-000436,financial_mmlu_ko,deepseek,deepseek-v4-pro,1,success,200,,,233,0,233,1,234,696.4,0.00010222,2026-07-20T17:14:51.487004+00:00,2026-07-20T17:14:52.183998+00:00
790,pilot,B,financial_mmlu_ko-test-000438,financial_mmlu_ko,deepseek,deepseek-v4-pro,1,success,200,,,243,0,243,1,244,913.77,0.00010658,2026-07-20T17:14:52.500741+00:00,2026-07-20T17:14:53.414897+00:00
791,pilot,B,financial_mmlu_ko-test-000439,financial_mmlu_ko,deepseek,deepseek-v4-pro,1,success,200,,,208,0,208,1,209,911.63,9.135e-05,2026-07-20T17:14:53.730687+00:00,2026-07-20T17:14:54.641934+00:00
792,pilot,B,financial_mmlu_ko-test-000442,financial_mmlu_ko,deepseek,deepseek-v4-pro,1,success,200,,,225,0,225,1,226,734.39,9.874e-05,2026-07-20T17:14:54.957126+00:00,2026-07-20T17:14:55.692191+00:00
793,pilot,B,financial_mmlu_ko-test-000444,financial_mmlu_ko,deepseek,deepseek-v4-pro,1,success,200,,,258,0,258,1,259,799.31,0.0001131,2026-07-20T17:14:56.006818+00:00,2026-07-20T17:14:56.805946+00:00
794,pilot,B,financial_mmlu_ko-test-000445,financial_mmlu_ko,deepseek,deepseek-v4-pro,1,success,200,,,174,0,174,1,175,915.41,7.656e-05,2026-07-20T17:14:57.121053+00:00,2026-07-20T17:14:58.036495+00:00
795,pilot,B,financial_mmlu_ko-test-000446,financial_mmlu_ko,deepseek,deepseek-v4-pro,1,success,200,,,215,0,215,1,216,880.97,9.439e-05,2026-07-20T17:14:58.352594+00:00,2026-07-20T17:14:59.233752+00:00
796,pilot,B,financial_mmlu_ko-test-000447,financial_mmlu_ko,deepseek,deepseek-v4-pro,1,success,200,,,208,0,208,1,209,910.84,9.135e-05,2026-07-20T17:14:59.548391+00:00,2026-07-20T17:15:00.458452+00:00
797,pilot,B,financial_mmlu_ko-test-000448,financial_mmlu_ko,deepseek,deepseek-v4-pro,1,success,200,,,283,0,283,1,284,1094.37,0.00012398,2026-07-20T17:15:00.774386+00:00,2026-07-20T17:15:01.868632+00:00
798,pilot,B,financial_mmlu_ko-test-000450,financial_mmlu_ko,deepseek,deepseek-v4-pro,1,success,200,,,219,0,219,1,220,1150.64,9.614e-05,2026-07-20T17:15:02.184095+00:00,2026-07-20T17:15:03.334740+00:00
799,pilot,B,financial_mmlu_ko-test-000452,financial_mmlu_ko,deepseek,deepseek-v4-pro,1,success,200,,,229,0,229,1,230,890.07,0.00010048,2026-07-20T17:15:03.649122+00:00,2026-07-20T17:15:04.539729+00:00
800,pilot,B,financial_mmlu_ko-test-000455,financial_mmlu_ko,deepseek,deepseek-v4-pro,1,success,200,,,256,128,128,1,257,1142.78,5.701e-05,2026-07-20T17:15:04.854106+00:00,2026-07-20T17:15:05.997501+00:00
