request_number,scope,variant,sample_id,dataset,provider,model,attempt,status,http_status,error_type,error_message,input_tokens,cache_hit_input_tokens,cache_miss_input_tokens,output_tokens,total_tokens,latency_ms,estimated_cost_usd,requested_at_utc,completed_at_utc
1,pilot,A,fpb-full-000025,fpb,upstage,solar-pro3,1,success,200,,,177,0,177,3,180,1389.19,2.835e-05,2026-07-21T02:36:17.808827+00:00,2026-07-21T02:36:19.197790+00:00
2,pilot,A,fpb-full-000040,fpb,upstage,solar-pro3,1,success,200,,,170,0,170,3,173,407.0,2.73e-05,2026-07-21T02:36:19.510365+00:00,2026-07-21T02:36:19.916586+00:00
3,pilot,A,fpb-full-000063,fpb,upstage,solar-pro3,1,success,200,,,201,0,201,3,204,409.94,3.195e-05,2026-07-21T02:36:20.230169+00:00,2026-07-21T02:36:20.639670+00:00
4,pilot,A,fpb-full-000080,fpb,upstage,solar-pro3,1,success,200,,,186,0,186,3,189,403.9,2.97e-05,2026-07-21T02:36:20.976743+00:00,2026-07-21T02:36:21.380448+00:00
5,pilot,A,fpb-full-000101,fpb,upstage,solar-pro3,1,success,200,,,169,0,169,3,172,397.34,2.715e-05,2026-07-21T02:36:21.716760+00:00,2026-07-21T02:36:22.113144+00:00
6,pilot,A,fpb-full-000126,fpb,upstage,solar-pro3,1,success,200,,,148,0,148,3,151,1393.93,2.4e-05,2026-07-21T02:37:18.982556+00:00,2026-07-21T02:37:20.376169+00:00
7,pilot,A,fpb-full-000142,fpb,upstage,solar-pro3,1,success,200,,,153,0,153,3,156,420.16,2.475e-05,2026-07-21T02:37:20.690620+00:00,2026-07-21T02:37:21.111103+00:00
8,pilot,A,fpb-full-000178,fpb,upstage,solar-pro3,1,success,200,,,139,0,139,3,142,397.27,2.265e-05,2026-07-21T02:37:21.424002+00:00,2026-07-21T02:37:21.820926+00:00
9,pilot,A,fpb-full-000235,fpb,upstage,solar-pro3,1,success,200,,,193,0,193,3,196,648.19,3.075e-05,2026-07-21T02:37:22.134527+00:00,2026-07-21T02:37:22.782757+00:00
10,pilot,A,fpb-full-000264,fpb,upstage,solar-pro3,1,success,200,,,165,0,165,3,168,383.2,2.655e-05,2026-07-21T02:37:23.095688+00:00,2026-07-21T02:37:23.478609+00:00
11,pilot,A,fpb-full-000271,fpb,upstage,solar-pro3,1,success,200,,,150,0,150,3,153,409.74,2.43e-05,2026-07-21T02:37:23.791356+00:00,2026-07-21T02:37:24.201369+00:00
12,pilot,A,fpb-full-000296,fpb,upstage,solar-pro3,1,success,200,,,149,0,149,3,152,403.86,2.415e-05,2026-07-21T02:37:24.531081+00:00,2026-07-21T02:37:24.934777+00:00
13,pilot,A,fpb-full-000298,fpb,upstage,solar-pro3,1,success,200,,,204,0,204,3,207,403.34,3.24e-05,2026-07-21T02:37:25.248984+00:00,2026-07-21T02:37:25.652431+00:00
14,pilot,A,fpb-full-000319,fpb,upstage,solar-pro3,1,success,200,,,187,0,187,3,190,406.17,2.985e-05,2026-07-21T02:37:25.967122+00:00,2026-07-21T02:37:26.373069+00:00
15,pilot,A,fpb-full-000347,fpb,upstage,solar-pro3,1,success,200,,,152,0,152,3,155,395.52,2.46e-05,2026-07-21T02:37:26.685942+00:00,2026-07-21T02:37:27.081327+00:00
16,pilot,A,fpb-full-000352,fpb,upstage,solar-pro3,1,success,200,,,155,0,155,3,158,388.26,2.505e-05,2026-07-21T02:37:27.394159+00:00,2026-07-21T02:37:27.782145+00:00
17,pilot,A,fpb-full-000396,fpb,upstage,solar-pro3,1,success,200,,,156,0,156,3,159,396.68,2.52e-05,2026-07-21T02:37:28.116423+00:00,2026-07-21T02:37:28.512813+00:00
18,pilot,A,fpb-full-000400,fpb,upstage,solar-pro3,1,success,200,,,183,0,183,3,186,411.38,2.925e-05,2026-07-21T02:37:28.825886+00:00,2026-07-21T02:37:29.236698+00:00
19,pilot,A,fpb-full-000427,fpb,upstage,solar-pro3,1,success,200,,,183,0,183,3,186,396.73,2.925e-05,2026-07-21T02:37:29.550444+00:00,2026-07-21T02:37:29.947556+00:00
20,pilot,A,fpb-full-000442,fpb,upstage,solar-pro3,1,success,200,,,156,0,156,3,159,956.56,2.52e-05,2026-07-21T02:37:30.259557+00:00,2026-07-21T02:37:31.216420+00:00
21,pilot,A,fpb-full-000474,fpb,upstage,solar-pro3,1,success,200,,,166,0,166,3,169,406.08,2.67e-05,2026-07-21T02:37:31.529566+00:00,2026-07-21T02:37:31.935603+00:00
22,pilot,A,fpb-full-000479,fpb,upstage,solar-pro3,1,success,200,,,153,0,153,3,156,399.47,2.475e-05,2026-07-21T02:37:32.248546+00:00,2026-07-21T02:37:32.648062+00:00
23,pilot,A,fpb-full-000488,fpb,upstage,solar-pro3,1,success,200,,,150,0,150,3,153,464.04,2.43e-05,2026-07-21T02:37:32.961544+00:00,2026-07-21T02:37:33.425726+00:00
24,pilot,A,fpb-full-000494,fpb,upstage,solar-pro3,1,success,200,,,156,0,156,3,159,393.57,2.52e-05,2026-07-21T02:37:33.738987+00:00,2026-07-21T02:37:34.132372+00:00
25,pilot,A,fpb-full-000527,fpb,upstage,solar-pro3,1,success,200,,,150,0,150,3,153,398.48,2.43e-05,2026-07-21T02:37:34.445386+00:00,2026-07-21T02:37:34.843922+00:00
26,pilot,A,fpb-full-000540,fpb,upstage,solar-pro3,1,success,200,,,160,0,160,3,163,402.47,2.58e-05,2026-07-21T02:37:35.175849+00:00,2026-07-21T02:37:35.577878+00:00
27,pilot,A,fpb-full-000545,fpb,upstage,solar-pro3,1,success,200,,,143,0,143,3,146,393.27,2.325e-05,2026-07-21T02:37:35.892058+00:00,2026-07-21T02:37:36.284748+00:00
28,pilot,A,fpb-full-000546,fpb,upstage,solar-pro3,1,success,200,,,166,0,166,3,169,400.15,2.67e-05,2026-07-21T02:37:36.598600+00:00,2026-07-21T02:37:36.998803+00:00
29,pilot,A,fpb-full-000581,fpb,upstage,solar-pro3,1,success,200,,,171,0,171,3,174,408.46,2.745e-05,2026-07-21T02:37:37.312679+00:00,2026-07-21T02:37:37.720278+00:00
30,pilot,A,fpb-full-000582,fpb,upstage,solar-pro3,1,success,200,,,151,0,151,3,154,401.77,2.445e-05,2026-07-21T02:37:38.034285+00:00,2026-07-21T02:37:38.436385+00:00
31,pilot,A,fpb-full-000593,fpb,upstage,solar-pro3,1,success,200,,,174,0,174,3,177,396.09,2.79e-05,2026-07-21T02:37:38.749056+00:00,2026-07-21T02:37:39.144420+00:00
32,pilot,A,fpb-full-000634,fpb,upstage,solar-pro3,1,success,200,,,169,0,169,3,172,425.47,2.715e-05,2026-07-21T02:37:39.457362+00:00,2026-07-21T02:37:39.882226+00:00
33,pilot,A,fpb-full-000645,fpb,upstage,solar-pro3,1,success,200,,,198,0,198,3,201,393.91,3.15e-05,2026-07-21T02:37:40.197235+00:00,2026-07-21T02:37:40.591948+00:00
34,pilot,A,fpb-full-000681,fpb,upstage,solar-pro3,1,success,200,,,157,0,157,3,160,381.02,2.535e-05,2026-07-21T02:37:40.904636+00:00,2026-07-21T02:37:41.285796+00:00
35,pilot,A,fpb-full-000687,fpb,upstage,solar-pro3,1,success,200,,,175,0,175,3,178,388.86,2.805e-05,2026-07-21T02:37:41.599226+00:00,2026-07-21T02:37:41.988098+00:00
36,pilot,A,fpb-full-000692,fpb,upstage,solar-pro3,1,success,200,,,155,0,155,3,158,388.11,2.505e-05,2026-07-21T02:37:42.301555+00:00,2026-07-21T02:37:42.689124+00:00
37,pilot,A,fpb-full-000695,fpb,upstage,solar-pro3,1,success,200,,,172,0,172,3,175,380.49,2.76e-05,2026-07-21T02:37:43.002945+00:00,2026-07-21T02:37:43.383615+00:00
38,pilot,A,fpb-full-000696,fpb,upstage,solar-pro3,1,success,200,,,157,0,157,3,160,394.84,2.535e-05,2026-07-21T02:37:43.696168+00:00,2026-07-21T02:37:44.090622+00:00
39,pilot,A,fpb-full-000710,fpb,upstage,solar-pro3,1,success,200,,,177,0,177,3,180,390.22,2.835e-05,2026-07-21T02:37:44.406114+00:00,2026-07-21T02:37:44.795899+00:00
40,pilot,A,fpb-full-000712,fpb,upstage,solar-pro3,1,success,200,,,196,0,196,3,199,401.44,3.12e-05,2026-07-21T02:37:45.111406+00:00,2026-07-21T02:37:45.513231+00:00
41,pilot,A,fpb-full-000737,fpb,upstage,solar-pro3,1,success,200,,,155,0,155,3,158,431.6,2.505e-05,2026-07-21T02:37:45.843988+00:00,2026-07-21T02:37:46.275906+00:00
42,pilot,A,fpb-full-000796,fpb,upstage,solar-pro3,1,success,200,,,170,0,170,3,173,880.15,2.73e-05,2026-07-21T02:37:46.588491+00:00,2026-07-21T02:37:47.468452+00:00
43,pilot,A,fpb-full-000875,fpb,upstage,solar-pro3,1,success,200,,,177,0,177,3,180,402.38,2.835e-05,2026-07-21T02:37:47.782036+00:00,2026-07-21T02:37:48.184526+00:00
44,pilot,A,fpb-full-000900,fpb,upstage,solar-pro3,1,success,200,,,164,0,164,3,167,949.86,2.64e-05,2026-07-21T02:37:48.498081+00:00,2026-07-21T02:37:49.447701+00:00
45,pilot,A,fpb-full-000980,fpb,upstage,solar-pro3,1,success,200,,,146,0,146,3,149,410.03,2.37e-05,2026-07-21T02:37:49.762033+00:00,2026-07-21T02:37:50.171909+00:00
46,pilot,A,fpb-full-000990,fpb,upstage,solar-pro3,1,success,200,,,144,0,144,3,147,395.49,2.34e-05,2026-07-21T02:37:50.485000+00:00,2026-07-21T02:37:50.879867+00:00
47,pilot,A,fpb-full-000999,fpb,upstage,solar-pro3,1,success,200,,,141,0,141,3,144,408.25,2.295e-05,2026-07-21T02:37:51.193725+00:00,2026-07-21T02:37:51.601947+00:00
48,pilot,A,fpb-full-001040,fpb,upstage,solar-pro3,1,success,200,,,143,0,143,3,146,397.86,2.325e-05,2026-07-21T02:37:51.916304+00:00,2026-07-21T02:37:52.314018+00:00
49,pilot,A,fpb-full-001054,fpb,upstage,solar-pro3,1,success,200,,,179,0,179,3,182,393.38,2.865e-05,2026-07-21T02:37:52.628199+00:00,2026-07-21T02:37:53.021592+00:00
50,pilot,A,fpb-full-001062,fpb,upstage,solar-pro3,1,success,200,,,170,0,170,3,173,407.86,2.73e-05,2026-07-21T02:37:53.335038+00:00,2026-07-21T02:37:53.742681+00:00
51,pilot,A,fpb-full-001085,fpb,upstage,solar-pro3,1,success,200,,,142,0,142,3,145,400.98,2.31e-05,2026-07-21T02:37:54.056357+00:00,2026-07-21T02:37:54.456868+00:00
52,pilot,A,fpb-full-001087,fpb,upstage,solar-pro3,1,success,200,,,156,0,156,3,159,389.0,2.52e-05,2026-07-21T02:37:54.770204+00:00,2026-07-21T02:37:55.158736+00:00
53,pilot,A,fpb-full-001109,fpb,upstage,solar-pro3,1,success,200,,,155,0,155,3,158,403.4,2.505e-05,2026-07-21T02:37:55.472539+00:00,2026-07-21T02:37:55.875772+00:00
54,pilot,A,fpb-full-001122,fpb,upstage,solar-pro3,1,success,200,,,164,0,164,3,167,400.03,2.64e-05,2026-07-21T02:37:56.189643+00:00,2026-07-21T02:37:56.589398+00:00
55,pilot,A,fpb-full-001127,fpb,upstage,solar-pro3,1,success,200,,,161,0,161,3,164,401.09,2.595e-05,2026-07-21T02:37:56.902695+00:00,2026-07-21T02:37:57.303846+00:00
56,pilot,A,fpb-full-001131,fpb,upstage,solar-pro3,1,success,200,,,146,0,146,3,149,391.52,2.37e-05,2026-07-21T02:37:57.617361+00:00,2026-07-21T02:37:58.008390+00:00
57,pilot,A,fpb-full-001137,fpb,upstage,solar-pro3,1,success,200,,,155,0,155,3,158,391.8,2.505e-05,2026-07-21T02:37:58.322483+00:00,2026-07-21T02:37:58.714525+00:00
58,pilot,A,fpb-full-001186,fpb,upstage,solar-pro3,1,success,200,,,153,0,153,3,156,412.79,2.475e-05,2026-07-21T02:37:59.027180+00:00,2026-07-21T02:37:59.440046+00:00
59,pilot,A,fpb-full-001224,fpb,upstage,solar-pro3,1,success,200,,,201,0,201,3,204,404.04,3.195e-05,2026-07-21T02:37:59.752963+00:00,2026-07-21T02:38:00.156972+00:00
60,pilot,A,fpb-full-001262,fpb,upstage,solar-pro3,1,success,200,,,149,0,149,3,152,395.08,2.415e-05,2026-07-21T02:38:00.470394+00:00,2026-07-21T02:38:00.865003+00:00
61,pilot,A,fpb-full-001273,fpb,upstage,solar-pro3,1,success,200,,,151,0,151,3,154,396.09,2.445e-05,2026-07-21T02:38:01.178749+00:00,2026-07-21T02:38:01.574138+00:00
62,pilot,A,fpb-full-001290,fpb,upstage,solar-pro3,1,success,200,,,158,0,158,3,161,491.94,2.55e-05,2026-07-21T02:38:01.908380+00:00,2026-07-21T02:38:02.399498+00:00
63,pilot,A,fpb-full-001372,fpb,upstage,solar-pro3,1,success,200,,,151,0,151,3,154,402.82,2.445e-05,2026-07-21T02:38:02.714090+00:00,2026-07-21T02:38:03.117156+00:00
64,pilot,A,fpb-full-001401,fpb,upstage,solar-pro3,1,success,200,,,143,0,143,3,146,397.53,2.325e-05,2026-07-21T02:38:03.430477+00:00,2026-07-21T02:38:03.827367+00:00
65,pilot,A,fpb-full-001435,fpb,upstage,solar-pro3,1,success,200,,,146,0,146,3,149,393.3,2.37e-05,2026-07-21T02:38:04.140954+00:00,2026-07-21T02:38:04.535044+00:00
66,pilot,A,fpb-full-001439,fpb,upstage,solar-pro3,1,success,200,,,160,0,160,3,163,380.04,2.58e-05,2026-07-21T02:38:04.848169+00:00,2026-07-21T02:38:05.227979+00:00
67,pilot,A,fpb-full-001477,fpb,upstage,solar-pro3,1,success,200,,,154,0,154,3,157,393.68,2.49e-05,2026-07-21T02:38:05.541124+00:00,2026-07-21T02:38:05.934655+00:00
68,pilot,A,fpb-full-001493,fpb,upstage,solar-pro3,1,success,200,,,145,0,145,3,148,392.59,2.355e-05,2026-07-21T02:38:06.247751+00:00,2026-07-21T02:38:06.640088+00:00
69,pilot,A,fpb-full-001547,fpb,upstage,solar-pro3,1,success,200,,,157,0,157,3,160,403.91,2.535e-05,2026-07-21T02:38:06.954918+00:00,2026-07-21T02:38:07.358566+00:00
70,pilot,A,fpb-full-001559,fpb,upstage,solar-pro3,1,success,200,,,168,0,168,3,171,413.22,2.7e-05,2026-07-21T02:38:07.671762+00:00,2026-07-21T02:38:08.085391+00:00
71,pilot,A,fpb-full-001575,fpb,upstage,solar-pro3,1,success,200,,,164,0,164,3,167,403.84,2.64e-05,2026-07-21T02:38:08.398082+00:00,2026-07-21T02:38:08.802251+00:00
72,pilot,A,fpb-full-001613,fpb,upstage,solar-pro3,1,success,200,,,193,0,193,3,196,412.32,3.075e-05,2026-07-21T02:38:09.114945+00:00,2026-07-21T02:38:09.527683+00:00
73,pilot,A,fpb-full-001664,fpb,upstage,solar-pro3,1,success,200,,,178,0,178,3,181,399.48,2.85e-05,2026-07-21T02:38:09.840332+00:00,2026-07-21T02:38:10.239428+00:00
74,pilot,A,fpb-full-001667,fpb,upstage,solar-pro3,1,success,200,,,155,0,155,3,158,969.0,2.505e-05,2026-07-21T02:38:10.553055+00:00,2026-07-21T02:38:11.521575+00:00
75,pilot,A,fpb-full-001701,fpb,upstage,solar-pro3,1,success,200,,,162,0,162,3,165,397.73,2.61e-05,2026-07-21T02:38:11.834878+00:00,2026-07-21T02:38:12.232790+00:00
76,pilot,A,fpb-full-001794,fpb,upstage,solar-pro3,1,success,200,,,174,0,174,3,177,414.48,2.79e-05,2026-07-21T02:38:12.545434+00:00,2026-07-21T02:38:12.959355+00:00
77,pilot,A,fpb-full-001799,fpb,upstage,solar-pro3,1,success,200,,,146,0,146,3,149,394.1,2.37e-05,2026-07-21T02:38:13.273217+00:00,2026-07-21T02:38:13.667815+00:00
78,pilot,A,fpb-full-001862,fpb,upstage,solar-pro3,1,success,200,,,153,0,153,3,156,396.69,2.475e-05,2026-07-21T02:38:13.980960+00:00,2026-07-21T02:38:14.377252+00:00
79,pilot,A,fpb-full-001869,fpb,upstage,solar-pro3,1,success,200,,,169,0,169,3,172,411.01,2.715e-05,2026-07-21T02:38:14.716374+00:00,2026-07-21T02:38:15.127974+00:00
80,pilot,A,fpb-full-001870,fpb,upstage,solar-pro3,1,success,200,,,166,0,166,3,169,403.99,2.67e-05,2026-07-21T02:38:15.440689+00:00,2026-07-21T02:38:15.845514+00:00
81,pilot,A,fpb-full-001954,fpb,upstage,solar-pro3,1,success,200,,,189,0,189,3,192,413.39,3.015e-05,2026-07-21T02:38:16.158588+00:00,2026-07-21T02:38:16.571369+00:00
82,pilot,A,fpb-full-001989,fpb,upstage,solar-pro3,1,success,200,,,164,0,164,3,167,955.38,2.64e-05,2026-07-21T02:38:16.885197+00:00,2026-07-21T02:38:17.840174+00:00
83,pilot,A,fpb-full-001990,fpb,upstage,solar-pro3,1,success,200,,,155,0,155,3,158,402.39,2.505e-05,2026-07-21T02:38:18.154096+00:00,2026-07-21T02:38:18.556044+00:00
84,pilot,A,fpb-full-002017,fpb,upstage,solar-pro3,1,success,200,,,162,0,162,3,165,380.38,2.61e-05,2026-07-21T02:38:18.869920+00:00,2026-07-21T02:38:19.250172+00:00
85,pilot,A,fpb-full-002018,fpb,upstage,solar-pro3,1,success,200,,,161,0,161,3,164,398.07,2.595e-05,2026-07-21T02:38:19.565115+00:00,2026-07-21T02:38:19.962732+00:00
86,pilot,A,fpb-full-002042,fpb,upstage,solar-pro3,1,success,200,,,165,0,165,3,168,399.88,2.655e-05,2026-07-21T02:38:20.277395+00:00,2026-07-21T02:38:20.677749+00:00
87,pilot,A,fpb-full-002046,fpb,upstage,solar-pro3,1,success,200,,,153,0,153,3,156,397.27,2.475e-05,2026-07-21T02:38:20.991864+00:00,2026-07-21T02:38:21.389378+00:00
88,pilot,A,fpb-full-002070,fpb,upstage,solar-pro3,1,success,200,,,174,0,174,3,177,394.97,2.79e-05,2026-07-21T02:38:21.703903+00:00,2026-07-21T02:38:22.099035+00:00
89,pilot,A,fpb-full-002071,fpb,upstage,solar-pro3,1,success,200,,,167,0,167,3,170,392.65,2.685e-05,2026-07-21T02:38:22.412089+00:00,2026-07-21T02:38:22.804693+00:00
90,pilot,A,fpb-full-002081,fpb,upstage,solar-pro3,1,success,200,,,184,0,184,3,187,401.79,2.94e-05,2026-07-21T02:38:23.118247+00:00,2026-07-21T02:38:23.520069+00:00
91,pilot,A,fpb-full-002097,fpb,upstage,solar-pro3,1,success,200,,,190,0,190,3,193,381.07,3.03e-05,2026-07-21T02:38:23.832687+00:00,2026-07-21T02:38:24.213364+00:00
92,pilot,A,fpb-full-002115,fpb,upstage,solar-pro3,1,success,200,,,150,0,150,3,153,406.45,2.43e-05,2026-07-21T02:38:24.527074+00:00,2026-07-21T02:38:24.934141+00:00
93,pilot,A,fpb-full-002135,fpb,upstage,solar-pro3,1,success,200,,,156,0,156,3,159,397.96,2.52e-05,2026-07-21T02:38:25.247962+00:00,2026-07-21T02:38:25.645541+00:00
94,pilot,A,fpb-full-002153,fpb,upstage,solar-pro3,1,success,200,,,166,0,166,3,169,410.89,2.67e-05,2026-07-21T02:38:25.959507+00:00,2026-07-21T02:38:26.370617+00:00
95,pilot,A,fpb-full-002171,fpb,upstage,solar-pro3,1,success,200,,,162,0,162,3,165,396.83,2.61e-05,2026-07-21T02:38:26.682963+00:00,2026-07-21T02:38:27.079128+00:00
96,pilot,A,fpb-full-002175,fpb,upstage,solar-pro3,1,success,200,,,163,0,163,3,166,392.58,2.625e-05,2026-07-21T02:38:27.393437+00:00,2026-07-21T02:38:27.786366+00:00
97,pilot,A,fpb-full-002196,fpb,upstage,solar-pro3,1,success,200,,,151,0,151,3,154,396.79,2.445e-05,2026-07-21T02:38:28.099527+00:00,2026-07-21T02:38:28.495853+00:00
98,pilot,A,fpb-full-002263,fpb,upstage,solar-pro3,1,success,200,,,164,0,164,3,167,390.53,2.64e-05,2026-07-21T02:38:28.809220+00:00,2026-07-21T02:38:29.199250+00:00
99,pilot,A,fpb-full-002268,fpb,upstage,solar-pro3,1,success,200,,,195,0,195,3,198,388.37,3.105e-05,2026-07-21T02:38:29.512918+00:00,2026-07-21T02:38:29.901464+00:00
100,pilot,A,fpb-full-002274,fpb,upstage,solar-pro3,1,success,200,,,163,0,163,3,166,390.01,2.625e-05,2026-07-21T02:38:30.214122+00:00,2026-07-21T02:38:30.604601+00:00
101,pilot,A,fpb-full-002275,fpb,upstage,solar-pro3,1,success,200,,,203,0,203,3,206,398.46,3.225e-05,2026-07-21T02:38:30.917305+00:00,2026-07-21T02:38:31.315940+00:00
102,pilot,A,fpb-full-002316,fpb,upstage,solar-pro3,1,success,200,,,147,0,147,3,150,389.62,2.385e-05,2026-07-21T02:38:31.628654+00:00,2026-07-21T02:38:32.018154+00:00
103,pilot,A,fpb-full-002364,fpb,upstage,solar-pro3,1,success,200,,,150,0,150,3,153,385.32,2.43e-05,2026-07-21T02:38:32.331877+00:00,2026-07-21T02:38:32.716898+00:00
104,pilot,A,fpb-full-002385,fpb,upstage,solar-pro3,1,success,200,,,161,0,161,3,164,656.06,2.595e-05,2026-07-21T02:38:33.030569+00:00,2026-07-21T02:38:33.686179+00:00
105,pilot,A,fpb-full-002393,fpb,upstage,solar-pro3,1,success,200,,,145,0,145,3,148,388.76,2.355e-05,2026-07-21T02:38:33.999626+00:00,2026-07-21T02:38:34.388381+00:00
106,pilot,A,fpb-full-002395,fpb,upstage,solar-pro3,1,success,200,,,161,0,161,3,164,401.15,2.595e-05,2026-07-21T02:38:34.701516+00:00,2026-07-21T02:38:35.102299+00:00
107,pilot,A,fpb-full-002412,fpb,upstage,solar-pro3,1,success,200,,,183,0,183,3,186,946.18,2.925e-05,2026-07-21T02:38:35.416070+00:00,2026-07-21T02:38:36.361792+00:00
108,pilot,A,fpb-full-002413,fpb,upstage,solar-pro3,1,success,200,,,208,0,208,3,211,397.36,3.3e-05,2026-07-21T02:38:36.675785+00:00,2026-07-21T02:38:37.072988+00:00
109,pilot,A,fpb-full-002457,fpb,upstage,solar-pro3,1,success,200,,,179,0,179,3,182,384.89,2.865e-05,2026-07-21T02:38:37.386945+00:00,2026-07-21T02:38:37.771862+00:00
110,pilot,A,fpb-full-002464,fpb,upstage,solar-pro3,1,success,200,,,150,0,150,3,153,388.23,2.43e-05,2026-07-21T02:38:38.085093+00:00,2026-07-21T02:38:38.473532+00:00
111,pilot,A,fpb-full-002513,fpb,upstage,solar-pro3,1,success,200,,,143,0,143,3,146,404.69,2.325e-05,2026-07-21T02:38:38.787397+00:00,2026-07-21T02:38:39.192234+00:00
112,pilot,A,fpb-full-002581,fpb,upstage,solar-pro3,1,success,200,,,150,0,150,3,153,418.62,2.43e-05,2026-07-21T02:38:39.505648+00:00,2026-07-21T02:38:39.924423+00:00
113,pilot,A,fpb-full-002587,fpb,upstage,solar-pro3,1,success,200,,,156,0,156,3,159,398.55,2.52e-05,2026-07-21T02:38:40.238332+00:00,2026-07-21T02:38:40.637157+00:00
114,pilot,A,fpb-full-002605,fpb,upstage,solar-pro3,1,success,200,,,177,0,177,3,180,396.92,2.835e-05,2026-07-21T02:38:40.950397+00:00,2026-07-21T02:38:41.347092+00:00
115,pilot,A,fpb-full-002657,fpb,upstage,solar-pro3,1,success,200,,,170,0,170,3,173,396.11,2.73e-05,2026-07-21T02:38:41.660807+00:00,2026-07-21T02:38:42.057052+00:00
116,pilot,A,fpb-full-002705,fpb,upstage,solar-pro3,1,success,200,,,141,0,141,3,144,393.0,2.295e-05,2026-07-21T02:38:42.370734+00:00,2026-07-21T02:38:42.763544+00:00
117,pilot,A,fpb-full-002798,fpb,upstage,solar-pro3,1,success,200,,,152,0,152,3,155,400.11,2.46e-05,2026-07-21T02:38:43.077901+00:00,2026-07-21T02:38:43.477866+00:00
118,pilot,A,fpb-full-002801,fpb,upstage,solar-pro3,1,success,200,,,200,0,200,3,203,436.48,3.18e-05,2026-07-21T02:38:43.791573+00:00,2026-07-21T02:38:44.227532+00:00
119,pilot,A,fpb-full-002807,fpb,upstage,solar-pro3,1,success,200,,,169,0,169,3,172,407.97,2.715e-05,2026-07-21T02:38:44.541573+00:00,2026-07-21T02:38:44.949466+00:00
120,pilot,A,fpb-full-002829,fpb,upstage,solar-pro3,1,success,200,,,140,0,140,3,143,398.98,2.28e-05,2026-07-21T02:38:45.262445+00:00,2026-07-21T02:38:45.661455+00:00
121,pilot,A,fpb-full-002851,fpb,upstage,solar-pro3,1,success,200,,,165,0,165,3,168,402.11,2.655e-05,2026-07-21T02:38:45.975252+00:00,2026-07-21T02:38:46.377598+00:00
122,pilot,A,fpb-full-002866,fpb,upstage,solar-pro3,1,success,200,,,141,0,141,3,144,982.19,2.295e-05,2026-07-21T02:38:46.692272+00:00,2026-07-21T02:38:47.674379+00:00
123,pilot,A,fpb-full-002868,fpb,upstage,solar-pro3,1,success,200,,,169,0,169,3,172,406.62,2.715e-05,2026-07-21T02:38:47.995495+00:00,2026-07-21T02:38:48.402123+00:00
124,pilot,A,fpb-full-002887,fpb,upstage,solar-pro3,1,success,200,,,178,0,178,3,181,526.37,2.85e-05,2026-07-21T02:38:48.724777+00:00,2026-07-21T02:38:49.251179+00:00
125,pilot,A,fpb-full-002895,fpb,upstage,solar-pro3,1,success,200,,,178,0,178,3,181,945.35,2.85e-05,2026-07-21T02:38:49.567343+00:00,2026-07-21T02:38:50.512928+00:00
126,pilot,A,fpb-full-002935,fpb,upstage,solar-pro3,1,success,200,,,183,0,183,3,186,404.48,2.925e-05,2026-07-21T02:38:50.829601+00:00,2026-07-21T02:38:51.234280+00:00
127,pilot,A,fpb-full-002976,fpb,upstage,solar-pro3,1,success,200,,,166,0,166,3,169,415.11,2.67e-05,2026-07-21T02:38:51.548307+00:00,2026-07-21T02:38:51.962994+00:00
128,pilot,A,fpb-full-003002,fpb,upstage,solar-pro3,1,success,200,,,158,0,158,3,161,401.79,2.55e-05,2026-07-21T02:38:52.277122+00:00,2026-07-21T02:38:52.678782+00:00
129,pilot,A,fpb-full-003043,fpb,upstage,solar-pro3,1,success,200,,,142,0,142,3,145,393.97,2.31e-05,2026-07-21T02:38:52.998982+00:00,2026-07-21T02:38:53.392665+00:00
130,pilot,A,fpb-full-003080,fpb,upstage,solar-pro3,1,success,200,,,140,0,140,3,143,389.42,2.28e-05,2026-07-21T02:38:53.711991+00:00,2026-07-21T02:38:54.101051+00:00
131,pilot,A,fpb-full-003085,fpb,upstage,solar-pro3,1,success,200,,,156,0,156,3,159,422.85,2.52e-05,2026-07-21T02:38:54.418734+00:00,2026-07-21T02:38:54.841834+00:00
132,pilot,A,fpb-full-003086,fpb,upstage,solar-pro3,1,success,200,,,146,0,146,3,149,972.19,2.37e-05,2026-07-21T02:38:55.157688+00:00,2026-07-21T02:38:56.130671+00:00
133,pilot,A,fpb-full-003104,fpb,upstage,solar-pro3,1,success,200,,,159,0,159,3,162,394.8,2.565e-05,2026-07-21T02:38:56.449139+00:00,2026-07-21T02:38:56.843974+00:00
134,pilot,A,fpb-full-003144,fpb,upstage,solar-pro3,1,success,200,,,156,0,156,3,159,400.79,2.52e-05,2026-07-21T02:38:57.157835+00:00,2026-07-21T02:38:57.558859+00:00
135,pilot,A,fpb-full-003168,fpb,upstage,solar-pro3,1,success,200,,,158,0,158,3,161,395.6,2.55e-05,2026-07-21T02:38:57.872044+00:00,2026-07-21T02:38:58.267582+00:00
136,pilot,A,fpb-full-003171,fpb,upstage,solar-pro3,1,success,200,,,147,0,147,3,150,400.62,2.385e-05,2026-07-21T02:38:58.581042+00:00,2026-07-21T02:38:58.981474+00:00
137,pilot,A,fpb-full-003235,fpb,upstage,solar-pro3,1,success,200,,,141,0,141,3,144,393.33,2.295e-05,2026-07-21T02:38:59.297023+00:00,2026-07-21T02:38:59.689854+00:00
138,pilot,A,fpb-full-003299,fpb,upstage,solar-pro3,1,success,200,,,181,0,181,3,184,594.62,2.895e-05,2026-07-21T02:39:00.007378+00:00,2026-07-21T02:39:00.601519+00:00
139,pilot,A,fpb-full-003311,fpb,upstage,solar-pro3,1,success,200,,,175,0,175,3,178,403.43,2.805e-05,2026-07-21T02:39:00.918571+00:00,2026-07-21T02:39:01.321923+00:00
140,pilot,A,fpb-full-003315,fpb,upstage,solar-pro3,1,success,200,,,144,0,144,3,147,411.65,2.34e-05,2026-07-21T02:39:01.641385+00:00,2026-07-21T02:39:02.053057+00:00
141,pilot,A,fpb-full-003332,fpb,upstage,solar-pro3,1,success,200,,,150,0,150,3,153,403.31,2.43e-05,2026-07-21T02:39:02.379001+00:00,2026-07-21T02:39:02.782073+00:00
142,pilot,A,fpb-full-003363,fpb,upstage,solar-pro3,1,success,200,,,156,0,156,3,159,393.72,2.52e-05,2026-07-21T02:39:03.095415+00:00,2026-07-21T02:39:03.489162+00:00
143,pilot,A,fpb-full-003381,fpb,upstage,solar-pro3,1,success,200,,,143,0,143,3,146,389.64,2.325e-05,2026-07-21T02:39:03.803316+00:00,2026-07-21T02:39:04.193214+00:00
144,pilot,A,fpb-full-003384,fpb,upstage,solar-pro3,1,success,200,,,191,0,191,3,194,400.63,3.045e-05,2026-07-21T02:39:04.507472+00:00,2026-07-21T02:39:04.908046+00:00
145,pilot,A,fpb-full-003432,fpb,upstage,solar-pro3,1,success,200,,,169,0,169,3,172,948.58,2.715e-05,2026-07-21T02:39:05.221804+00:00,2026-07-21T02:39:06.170708+00:00
146,pilot,A,fpb-full-003435,fpb,upstage,solar-pro3,1,success,200,,,169,0,169,3,172,413.34,2.715e-05,2026-07-21T02:39:06.520995+00:00,2026-07-21T02:39:06.933642+00:00
147,pilot,A,fpb-full-003451,fpb,upstage,solar-pro3,1,success,200,,,134,0,134,3,137,401.57,2.19e-05,2026-07-21T02:39:07.247678+00:00,2026-07-21T02:39:07.649642+00:00
148,pilot,A,fpb-full-003470,fpb,upstage,solar-pro3,1,success,200,,,149,0,149,3,152,398.78,2.415e-05,2026-07-21T02:39:07.963275+00:00,2026-07-21T02:39:08.362478+00:00
149,pilot,A,fpb-full-003487,fpb,upstage,solar-pro3,1,success,200,,,136,0,136,3,139,385.97,2.22e-05,2026-07-21T02:39:08.675124+00:00,2026-07-21T02:39:09.060458+00:00
150,pilot,A,fpb-full-003505,fpb,upstage,solar-pro3,1,success,200,,,180,0,180,3,183,399.76,2.88e-05,2026-07-21T02:39:09.375965+00:00,2026-07-21T02:39:09.776468+00:00
151,pilot,A,fpb-full-003519,fpb,upstage,solar-pro3,1,success,200,,,199,0,199,3,202,413.7,3.165e-05,2026-07-21T02:39:10.088706+00:00,2026-07-21T02:39:10.502220+00:00
152,pilot,A,fpb-full-003523,fpb,upstage,solar-pro3,1,success,200,,,145,0,145,3,148,404.43,2.355e-05,2026-07-21T02:39:10.819526+00:00,2026-07-21T02:39:11.224811+00:00
153,pilot,A,fpb-full-003605,fpb,upstage,solar-pro3,1,success,200,,,144,0,144,3,147,400.93,2.34e-05,2026-07-21T02:39:11.538604+00:00,2026-07-21T02:39:11.939752+00:00
154,pilot,A,fpb-full-003634,fpb,upstage,solar-pro3,1,success,200,,,171,0,171,3,174,483.15,2.745e-05,2026-07-21T02:39:12.253455+00:00,2026-07-21T02:39:12.736808+00:00
155,pilot,A,fpb-full-003667,fpb,upstage,solar-pro3,1,success,200,,,156,0,156,3,159,398.28,2.52e-05,2026-07-21T02:39:13.050910+00:00,2026-07-21T02:39:13.449300+00:00
156,pilot,A,fpb-full-003675,fpb,upstage,solar-pro3,1,success,200,,,148,0,148,3,151,413.39,2.4e-05,2026-07-21T02:39:13.765601+00:00,2026-07-21T02:39:14.179076+00:00
157,pilot,A,fpb-full-003702,fpb,upstage,solar-pro3,1,success,200,,,158,0,158,3,161,401.84,2.55e-05,2026-07-21T02:39:14.494522+00:00,2026-07-21T02:39:14.896175+00:00
158,pilot,A,fpb-full-003732,fpb,upstage,solar-pro3,1,success,200,,,162,0,162,3,165,386.52,2.61e-05,2026-07-21T02:39:15.214325+00:00,2026-07-21T02:39:15.600391+00:00
159,pilot,A,fpb-full-003745,fpb,upstage,solar-pro3,1,success,200,,,148,0,148,3,151,391.2,2.4e-05,2026-07-21T02:39:15.919210+00:00,2026-07-21T02:39:16.309965+00:00
160,pilot,A,fpb-full-003746,fpb,upstage,solar-pro3,1,success,200,,,167,0,167,3,170,394.05,2.685e-05,2026-07-21T02:39:16.624462+00:00,2026-07-21T02:39:17.018726+00:00
161,pilot,A,fpb-full-003752,fpb,upstage,solar-pro3,1,success,200,,,170,0,170,3,173,388.41,2.73e-05,2026-07-21T02:39:17.337869+00:00,2026-07-21T02:39:17.726010+00:00
162,pilot,A,fpb-full-003774,fpb,upstage,solar-pro3,1,success,200,,,140,0,140,3,143,387.51,2.28e-05,2026-07-21T02:39:18.038865+00:00,2026-07-21T02:39:18.426127+00:00
163,pilot,A,fpb-full-003787,fpb,upstage,solar-pro3,1,success,200,,,157,0,157,3,160,402.55,2.535e-05,2026-07-21T02:39:18.740801+00:00,2026-07-21T02:39:19.144004+00:00
164,pilot,A,fpb-full-003790,fpb,upstage,solar-pro3,1,success,200,,,165,0,165,3,168,397.7,2.655e-05,2026-07-21T02:39:19.457229+00:00,2026-07-21T02:39:19.854674+00:00
165,pilot,A,fpb-full-003802,fpb,upstage,solar-pro3,1,success,200,,,168,0,168,3,171,390.81,2.7e-05,2026-07-21T02:39:20.169153+00:00,2026-07-21T02:39:20.559923+00:00
166,pilot,A,fpb-full-003817,fpb,upstage,solar-pro3,1,success,200,,,162,0,162,3,165,376.48,2.61e-05,2026-07-21T02:39:20.873823+00:00,2026-07-21T02:39:21.250639+00:00
167,pilot,A,fpb-full-003821,fpb,upstage,solar-pro3,1,success,200,,,161,0,161,3,164,387.45,2.595e-05,2026-07-21T02:39:21.564432+00:00,2026-07-21T02:39:21.951544+00:00
168,pilot,A,fpb-full-003824,fpb,upstage,solar-pro3,1,success,200,,,151,0,151,3,154,395.61,2.445e-05,2026-07-21T02:39:22.265532+00:00,2026-07-21T02:39:22.660916+00:00
169,pilot,A,fpb-full-003837,fpb,upstage,solar-pro3,1,success,200,,,155,0,155,3,158,386.44,2.505e-05,2026-07-21T02:39:22.976072+00:00,2026-07-21T02:39:23.362767+00:00
170,pilot,A,fpb-full-003839,fpb,upstage,solar-pro3,1,success,200,,,176,0,176,3,179,789.18,2.82e-05,2026-07-21T02:39:23.676861+00:00,2026-07-21T02:39:24.465659+00:00
171,pilot,A,fpb-full-003865,fpb,upstage,solar-pro3,1,success,200,,,153,0,153,3,156,553.16,2.475e-05,2026-07-21T02:39:24.780290+00:00,2026-07-21T02:39:25.333298+00:00
172,pilot,A,fpb-full-003943,fpb,upstage,solar-pro3,1,success,200,,,157,0,157,3,160,394.59,2.535e-05,2026-07-21T02:39:25.648133+00:00,2026-07-21T02:39:26.043312+00:00
173,pilot,A,fpb-full-003948,fpb,upstage,solar-pro3,1,success,200,,,166,0,166,3,169,396.15,2.67e-05,2026-07-21T02:39:26.357342+00:00,2026-07-21T02:39:26.753058+00:00
174,pilot,A,fpb-full-004054,fpb,upstage,solar-pro3,1,success,200,,,157,0,157,3,160,396.09,2.535e-05,2026-07-21T02:39:27.070224+00:00,2026-07-21T02:39:27.465848+00:00
175,pilot,A,fpb-full-004160,fpb,upstage,solar-pro3,1,success,200,,,167,0,167,3,170,383.31,2.685e-05,2026-07-21T02:39:27.784867+00:00,2026-07-21T02:39:28.168440+00:00
176,pilot,A,fpb-full-004170,fpb,upstage,solar-pro3,1,success,200,,,169,0,169,3,172,398.17,2.715e-05,2026-07-21T02:39:28.481612+00:00,2026-07-21T02:39:28.879168+00:00
177,pilot,A,fpb-full-004175,fpb,upstage,solar-pro3,1,success,200,,,141,0,141,3,144,372.37,2.295e-05,2026-07-21T02:39:29.194089+00:00,2026-07-21T02:39:29.566248+00:00
178,pilot,A,fpb-full-004190,fpb,upstage,solar-pro3,1,success,200,,,156,0,156,3,159,377.0,2.52e-05,2026-07-21T02:39:29.880953+00:00,2026-07-21T02:39:30.257707+00:00
179,pilot,A,fpb-full-004197,fpb,upstage,solar-pro3,1,success,200,,,152,0,152,3,155,379.52,2.46e-05,2026-07-21T02:39:30.573841+00:00,2026-07-21T02:39:30.952815+00:00
180,pilot,A,fpb-full-004198,fpb,upstage,solar-pro3,1,success,200,,,137,0,137,3,140,372.51,2.235e-05,2026-07-21T02:39:31.267199+00:00,2026-07-21T02:39:31.639501+00:00
181,pilot,A,fpb-full-004211,fpb,upstage,solar-pro3,1,success,200,,,158,0,158,3,161,400.81,2.55e-05,2026-07-21T02:39:32.056873+00:00,2026-07-21T02:39:32.457703+00:00
182,pilot,A,fpb-full-004220,fpb,upstage,solar-pro3,1,success,200,,,145,0,145,3,148,386.17,2.355e-05,2026-07-21T02:39:32.784435+00:00,2026-07-21T02:39:33.171028+00:00
183,pilot,A,fpb-full-004288,fpb,upstage,solar-pro3,1,success,200,,,157,0,157,3,160,389.7,2.535e-05,2026-07-21T02:39:33.492179+00:00,2026-07-21T02:39:33.882143+00:00
184,pilot,A,fpb-full-004296,fpb,upstage,solar-pro3,1,success,200,,,146,0,146,3,149,397.61,2.37e-05,2026-07-21T02:39:34.199060+00:00,2026-07-21T02:39:34.596136+00:00
185,pilot,A,fpb-full-004322,fpb,upstage,solar-pro3,1,success,200,,,155,0,155,3,158,488.45,2.505e-05,2026-07-21T02:39:34.916590+00:00,2026-07-21T02:39:35.404712+00:00
186,pilot,A,fpb-full-004358,fpb,upstage,solar-pro3,1,success,200,,,141,0,141,3,144,587.44,2.295e-05,2026-07-21T02:39:35.722244+00:00,2026-07-21T02:39:36.309265+00:00
187,pilot,A,fpb-full-004401,fpb,upstage,solar-pro3,1,success,200,,,193,0,193,3,196,418.35,3.075e-05,2026-07-21T02:39:36.623189+00:00,2026-07-21T02:39:37.041017+00:00
188,pilot,A,fpb-full-004437,fpb,upstage,solar-pro3,1,success,200,,,167,0,167,3,170,413.73,2.685e-05,2026-07-21T02:39:37.360236+00:00,2026-07-21T02:39:37.773708+00:00
189,pilot,A,fpb-full-004444,fpb,upstage,solar-pro3,1,success,200,,,172,0,172,3,175,394.84,2.76e-05,2026-07-21T02:39:38.094242+00:00,2026-07-21T02:39:38.489241+00:00
190,pilot,A,fpb-full-004449,fpb,upstage,solar-pro3,1,success,200,,,159,0,159,3,162,415.01,2.565e-05,2026-07-21T02:39:38.807100+00:00,2026-07-21T02:39:39.221951+00:00
191,pilot,A,fpb-full-004460,fpb,upstage,solar-pro3,1,success,200,,,178,0,178,3,181,407.18,2.85e-05,2026-07-21T02:39:39.541312+00:00,2026-07-21T02:39:39.948532+00:00
192,pilot,A,fpb-full-004559,fpb,upstage,solar-pro3,1,success,200,,,170,0,170,3,173,417.55,2.73e-05,2026-07-21T02:39:40.264074+00:00,2026-07-21T02:39:40.681586+00:00
193,pilot,A,fpb-full-004565,fpb,upstage,solar-pro3,1,success,200,,,147,0,147,3,150,399.26,2.385e-05,2026-07-21T02:39:40.995815+00:00,2026-07-21T02:39:41.394564+00:00
194,pilot,A,fpb-full-004686,fpb,upstage,solar-pro3,1,success,200,,,207,0,207,3,210,400.73,3.285e-05,2026-07-21T02:39:41.708779+00:00,2026-07-21T02:39:42.109495+00:00
195,pilot,A,fpb-full-004698,fpb,upstage,solar-pro3,1,success,200,,,180,0,180,3,183,403.15,2.88e-05,2026-07-21T02:39:42.424238+00:00,2026-07-21T02:39:42.826854+00:00
196,pilot,A,fpb-full-004723,fpb,upstage,solar-pro3,1,success,200,,,151,0,151,3,154,402.2,2.445e-05,2026-07-21T02:39:43.145091+00:00,2026-07-21T02:39:43.547565+00:00
197,pilot,A,fpb-full-004739,fpb,upstage,solar-pro3,1,success,200,,,180,0,180,3,183,412.1,2.88e-05,2026-07-21T02:39:43.860316+00:00,2026-07-21T02:39:44.271764+00:00
198,pilot,A,fpb-full-004804,fpb,upstage,solar-pro3,1,success,200,,,172,0,172,3,175,406.87,2.76e-05,2026-07-21T02:39:44.588254+00:00,2026-07-21T02:39:44.995363+00:00
199,pilot,A,fpb-full-004835,fpb,upstage,solar-pro3,1,success,200,,,158,0,158,3,161,402.36,2.55e-05,2026-07-21T02:39:45.310985+00:00,2026-07-21T02:39:45.713412+00:00
200,pilot,A,fpb-full-004844,fpb,upstage,solar-pro3,1,success,200,,,169,0,169,3,172,523.34,2.715e-05,2026-07-21T02:39:46.028178+00:00,2026-07-21T02:39:46.551511+00:00
201,pilot,A,fiqa_sa-test-000014,fiqa_sa,upstage,solar-pro3,1,success,200,,,148,0,148,3,151,416.55,2.4e-05,2026-07-21T02:39:46.867766+00:00,2026-07-21T02:39:47.284797+00:00
202,pilot,A,fiqa_sa-test-000040,fiqa_sa,upstage,solar-pro3,1,success,200,,,144,0,144,3,147,408.67,2.34e-05,2026-07-21T02:39:47.604999+00:00,2026-07-21T02:39:48.013685+00:00
203,pilot,A,fiqa_sa-test-000041,fiqa_sa,upstage,solar-pro3,1,success,200,,,143,0,143,3,146,398.37,2.325e-05,2026-07-21T02:39:48.327041+00:00,2026-07-21T02:39:48.724668+00:00
204,pilot,A,fiqa_sa-test-000047,fiqa_sa,upstage,solar-pro3,1,success,200,,,139,0,139,3,142,390.8,2.265e-05,2026-07-21T02:39:49.041460+00:00,2026-07-21T02:39:49.431966+00:00
205,pilot,A,fiqa_sa-test-000055,fiqa_sa,upstage,solar-pro3,1,success,200,,,140,0,140,3,143,383.43,2.28e-05,2026-07-21T02:39:49.746175+00:00,2026-07-21T02:39:50.129140+00:00
206,pilot,A,fiqa_sa-test-000057,fiqa_sa,upstage,solar-pro3,1,success,200,,,148,0,148,3,151,405.25,2.4e-05,2026-07-21T02:39:50.443044+00:00,2026-07-21T02:39:50.848077+00:00
207,pilot,A,fiqa_sa-test-000064,fiqa_sa,upstage,solar-pro3,1,success,200,,,144,0,144,3,147,388.08,2.34e-05,2026-07-21T02:39:51.163148+00:00,2026-07-21T02:39:51.551503+00:00
208,pilot,A,fiqa_sa-test-000067,fiqa_sa,upstage,solar-pro3,1,success,200,,,149,0,149,3,152,398.31,2.415e-05,2026-07-21T02:39:51.866868+00:00,2026-07-21T02:39:52.264808+00:00
209,pilot,A,fiqa_sa-test-000069,fiqa_sa,upstage,solar-pro3,1,success,200,,,150,0,150,3,153,398.01,2.43e-05,2026-07-21T02:39:52.579274+00:00,2026-07-21T02:39:52.976708+00:00
210,pilot,A,fiqa_sa-test-000076,fiqa_sa,upstage,solar-pro3,1,success,200,,,149,0,149,3,152,399.49,2.415e-05,2026-07-21T02:39:53.290159+00:00,2026-07-21T02:39:53.689635+00:00
211,pilot,A,fiqa_sa-test-000079,fiqa_sa,upstage,solar-pro3,1,success,200,,,146,0,146,3,149,400.27,2.37e-05,2026-07-21T02:39:54.004190+00:00,2026-07-21T02:39:54.404801+00:00
212,pilot,A,fiqa_sa-test-000095,fiqa_sa,upstage,solar-pro3,1,success,200,,,138,0,138,3,141,405.83,2.25e-05,2026-07-21T02:39:54.718380+00:00,2026-07-21T02:39:55.123790+00:00
213,pilot,A,fiqa_sa-test-000097,fiqa_sa,upstage,solar-pro3,1,success,200,,,148,0,148,3,151,393.81,2.4e-05,2026-07-21T02:39:55.439537+00:00,2026-07-21T02:39:55.833562+00:00
214,pilot,A,fiqa_sa-test-000104,fiqa_sa,upstage,solar-pro3,1,success,200,,,156,0,156,3,159,395.44,2.52e-05,2026-07-21T02:39:56.146420+00:00,2026-07-21T02:39:56.541637+00:00
215,pilot,A,fiqa_sa-test-000106,fiqa_sa,upstage,solar-pro3,1,success,200,,,162,0,162,3,165,393.14,2.61e-05,2026-07-21T02:39:56.856214+00:00,2026-07-21T02:39:57.249685+00:00
216,pilot,A,fiqa_sa-test-000112,fiqa_sa,upstage,solar-pro3,1,success,200,,,147,0,147,3,150,395.74,2.385e-05,2026-07-21T02:39:57.563774+00:00,2026-07-21T02:39:57.959110+00:00
217,pilot,A,fiqa_sa-test-000117,fiqa_sa,upstage,solar-pro3,1,success,200,,,137,0,137,3,140,427.45,2.235e-05,2026-07-21T02:39:58.276434+00:00,2026-07-21T02:39:58.703247+00:00
218,pilot,A,fiqa_sa-test-000119,fiqa_sa,upstage,solar-pro3,1,success,200,,,170,0,170,3,173,394.98,2.73e-05,2026-07-21T02:39:59.020704+00:00,2026-07-21T02:39:59.416007+00:00
219,pilot,A,fiqa_sa-test-000125,fiqa_sa,upstage,solar-pro3,1,success,200,,,165,0,165,3,168,410.01,2.655e-05,2026-07-21T02:39:59.729560+00:00,2026-07-21T02:40:00.140212+00:00
220,pilot,A,fiqa_sa-test-000127,fiqa_sa,upstage,solar-pro3,1,success,200,,,170,0,170,3,173,406.46,2.73e-05,2026-07-21T02:40:00.456743+00:00,2026-07-21T02:40:00.863885+00:00
221,pilot,A,fiqa_sa-test-000140,fiqa_sa,upstage,solar-pro3,1,success,200,,,152,0,152,3,155,393.84,2.46e-05,2026-07-21T02:40:01.177612+00:00,2026-07-21T02:40:01.571665+00:00
222,pilot,A,fiqa_sa-test-000142,fiqa_sa,upstage,solar-pro3,1,success,200,,,151,0,151,3,154,403.29,2.445e-05,2026-07-21T02:40:02.025461+00:00,2026-07-21T02:40:02.429073+00:00
223,pilot,A,fiqa_sa-test-000146,fiqa_sa,upstage,solar-pro3,1,success,200,,,160,0,160,3,163,394.79,2.58e-05,2026-07-21T02:40:02.746410+00:00,2026-07-21T02:40:03.140463+00:00
224,pilot,A,fiqa_sa-test-000147,fiqa_sa,upstage,solar-pro3,1,success,200,,,162,0,162,3,165,409.56,2.61e-05,2026-07-21T02:40:03.454258+00:00,2026-07-21T02:40:03.863739+00:00
225,pilot,A,fiqa_sa-test-000153,fiqa_sa,upstage,solar-pro3,1,success,200,,,153,0,153,3,156,407.2,2.475e-05,2026-07-21T02:40:04.178381+00:00,2026-07-21T02:40:04.585499+00:00
226,pilot,A,fiqa_sa-test-000154,fiqa_sa,upstage,solar-pro3,1,success,200,,,136,0,136,3,139,424.21,2.22e-05,2026-07-21T02:40:04.900652+00:00,2026-07-21T02:40:05.324432+00:00
227,pilot,A,fiqa_sa-test-000159,fiqa_sa,upstage,solar-pro3,1,success,200,,,148,0,148,3,151,396.22,2.4e-05,2026-07-21T02:40:05.638155+00:00,2026-07-21T02:40:06.033944+00:00
228,pilot,A,fiqa_sa-test-000169,fiqa_sa,upstage,solar-pro3,1,success,200,,,157,0,157,3,160,404.54,2.535e-05,2026-07-21T02:40:06.348060+00:00,2026-07-21T02:40:06.752003+00:00
229,pilot,A,fiqa_sa-test-000174,fiqa_sa,upstage,solar-pro3,1,success,200,,,168,0,168,3,171,409.16,2.7e-05,2026-07-21T02:40:07.065923+00:00,2026-07-21T02:40:07.475282+00:00
230,pilot,A,fiqa_sa-test-000177,fiqa_sa,upstage,solar-pro3,1,success,200,,,159,0,159,3,162,386.46,2.565e-05,2026-07-21T02:40:07.789209+00:00,2026-07-21T02:40:08.175673+00:00
231,pilot,A,fiqa_sa-test-000187,fiqa_sa,upstage,solar-pro3,1,success,200,,,173,0,173,3,176,401.13,2.775e-05,2026-07-21T02:40:08.490544+00:00,2026-07-21T02:40:08.892190+00:00
232,pilot,A,fiqa_sa-test-000188,fiqa_sa,upstage,solar-pro3,1,success,200,,,136,0,136,3,139,406.27,2.22e-05,2026-07-21T02:40:09.224798+00:00,2026-07-21T02:40:09.630331+00:00
233,pilot,A,fiqa_sa-test-000191,fiqa_sa,upstage,solar-pro3,1,success,200,,,140,0,140,3,143,385.13,2.28e-05,2026-07-21T02:40:09.949016+00:00,2026-07-21T02:40:10.333696+00:00
234,pilot,A,fiqa_sa-test-000195,fiqa_sa,upstage,solar-pro3,1,success,200,,,139,0,139,3,142,398.82,2.265e-05,2026-07-21T02:40:10.647365+00:00,2026-07-21T02:40:11.046534+00:00
235,pilot,A,fiqa_sa-test-000206,fiqa_sa,upstage,solar-pro3,1,success,200,,,154,0,154,3,157,386.43,2.49e-05,2026-07-21T02:40:11.362642+00:00,2026-07-21T02:40:11.749119+00:00
236,pilot,A,fiqa_sa-test-000211,fiqa_sa,upstage,solar-pro3,1,success,200,,,170,0,170,3,173,395.89,2.73e-05,2026-07-21T02:40:12.064117+00:00,2026-07-21T02:40:12.460032+00:00
237,pilot,A,fiqa_sa-test-000214,fiqa_sa,upstage,solar-pro3,1,success,200,,,155,0,155,3,158,407.95,2.505e-05,2026-07-21T02:40:12.773393+00:00,2026-07-21T02:40:13.182241+00:00
238,pilot,A,fiqa_sa-test-000223,fiqa_sa,upstage,solar-pro3,1,success,200,,,151,0,151,3,154,478.75,2.445e-05,2026-07-21T02:40:13.495737+00:00,2026-07-21T02:40:13.974826+00:00
239,pilot,A,fiqa_sa-test-000228,fiqa_sa,upstage,solar-pro3,1,success,200,,,141,0,141,3,144,1009.9,2.295e-05,2026-07-21T02:40:14.289624+00:00,2026-07-21T02:40:15.299588+00:00
240,pilot,A,fiqa_sa-test-000233,fiqa_sa,upstage,solar-pro3,1,success,200,,,179,0,179,3,182,402.71,2.865e-05,2026-07-21T02:40:15.617450+00:00,2026-07-21T02:40:16.020641+00:00
241,pilot,A,fiqa_sa-train-000014,fiqa_sa,upstage,solar-pro3,1,success,200,,,147,0,147,3,150,385.17,2.385e-05,2026-07-21T02:40:16.334465+00:00,2026-07-21T02:40:16.720064+00:00
242,pilot,A,fiqa_sa-train-000015,fiqa_sa,upstage,solar-pro3,1,success,200,,,145,0,145,3,148,429.35,2.355e-05,2026-07-21T02:40:17.034378+00:00,2026-07-21T02:40:17.463844+00:00
243,pilot,A,fiqa_sa-train-000016,fiqa_sa,upstage,solar-pro3,1,success,200,,,145,0,145,3,148,384.38,2.355e-05,2026-07-21T02:40:17.778073+00:00,2026-07-21T02:40:18.162857+00:00
244,pilot,A,fiqa_sa-train-000024,fiqa_sa,upstage,solar-pro3,1,success,200,,,144,0,144,3,147,854.96,2.34e-05,2026-07-21T02:40:18.481177+00:00,2026-07-21T02:40:19.336343+00:00
245,pilot,A,fiqa_sa-train-000027,fiqa_sa,upstage,solar-pro3,1,success,200,,,149,0,149,3,152,392.52,2.415e-05,2026-07-21T02:40:19.652650+00:00,2026-07-21T02:40:20.045457+00:00
246,pilot,A,fiqa_sa-train-000030,fiqa_sa,upstage,solar-pro3,1,success,200,,,149,0,149,3,152,398.68,2.415e-05,2026-07-21T02:40:20.358865+00:00,2026-07-21T02:40:20.757338+00:00
247,pilot,A,fiqa_sa-train-000031,fiqa_sa,upstage,solar-pro3,1,success,200,,,139,0,139,3,142,378.92,2.265e-05,2026-07-21T02:40:21.071386+00:00,2026-07-21T02:40:21.450656+00:00
248,pilot,A,fiqa_sa-train-000041,fiqa_sa,upstage,solar-pro3,1,success,200,,,145,0,145,3,148,380.83,2.355e-05,2026-07-21T02:40:21.765037+00:00,2026-07-21T02:40:22.145100+00:00
249,pilot,A,fiqa_sa-train-000048,fiqa_sa,upstage,solar-pro3,1,success,200,,,148,0,148,3,151,407.01,2.4e-05,2026-07-21T02:40:22.458568+00:00,2026-07-21T02:40:22.865877+00:00
250,pilot,A,fiqa_sa-train-000050,fiqa_sa,upstage,solar-pro3,1,success,200,,,140,0,140,3,143,390.59,2.28e-05,2026-07-21T02:40:23.181012+00:00,2026-07-21T02:40:23.571761+00:00
251,pilot,A,fiqa_sa-train-000051,fiqa_sa,upstage,solar-pro3,1,success,200,,,140,0,140,3,143,475.92,2.28e-05,2026-07-21T02:40:23.885831+00:00,2026-07-21T02:40:24.360895+00:00
252,pilot,A,fiqa_sa-train-000054,fiqa_sa,upstage,solar-pro3,1,success,200,,,152,0,152,3,155,395.81,2.46e-05,2026-07-21T02:40:24.675801+00:00,2026-07-21T02:40:25.072098+00:00
253,pilot,A,fiqa_sa-train-000059,fiqa_sa,upstage,solar-pro3,1,success,200,,,141,0,141,3,144,403.22,2.295e-05,2026-07-21T02:40:25.385276+00:00,2026-07-21T02:40:25.788712+00:00
254,pilot,A,fiqa_sa-train-000061,fiqa_sa,upstage,solar-pro3,1,success,200,,,143,0,143,3,146,372.28,2.325e-05,2026-07-21T02:40:26.102391+00:00,2026-07-21T02:40:26.474255+00:00
255,pilot,A,fiqa_sa-train-000063,fiqa_sa,upstage,solar-pro3,1,success,200,,,143,0,143,3,146,386.49,2.325e-05,2026-07-21T02:40:26.787835+00:00,2026-07-21T02:40:27.174766+00:00
256,pilot,A,fiqa_sa-train-000070,fiqa_sa,upstage,solar-pro3,1,success,200,,,152,0,152,3,155,404.97,2.46e-05,2026-07-21T02:40:27.490199+00:00,2026-07-21T02:40:27.895301+00:00
257,pilot,A,fiqa_sa-train-000075,fiqa_sa,upstage,solar-pro3,1,success,200,,,143,0,143,3,146,390.82,2.325e-05,2026-07-21T02:40:28.209916+00:00,2026-07-21T02:40:28.600614+00:00
258,pilot,A,fiqa_sa-train-000089,fiqa_sa,upstage,solar-pro3,1,success,200,,,140,0,140,3,143,408.64,2.28e-05,2026-07-21T02:40:28.914534+00:00,2026-07-21T02:40:29.323167+00:00
259,pilot,A,fiqa_sa-train-000092,fiqa_sa,upstage,solar-pro3,1,success,200,,,148,0,148,3,151,392.35,2.4e-05,2026-07-21T02:40:29.649030+00:00,2026-07-21T02:40:30.040641+00:00
260,pilot,A,fiqa_sa-train-000097,fiqa_sa,upstage,solar-pro3,1,success,200,,,142,0,142,3,145,414.41,2.31e-05,2026-07-21T02:40:30.356085+00:00,2026-07-21T02:40:30.770382+00:00
261,pilot,A,fiqa_sa-train-000099,fiqa_sa,upstage,solar-pro3,1,success,200,,,142,0,142,3,145,395.48,2.31e-05,2026-07-21T02:40:31.085812+00:00,2026-07-21T02:40:31.481523+00:00
262,pilot,A,fiqa_sa-train-000100,fiqa_sa,upstage,solar-pro3,1,success,200,,,141,0,141,3,144,524.37,2.295e-05,2026-07-21T02:40:31.795866+00:00,2026-07-21T02:40:32.319544+00:00
263,pilot,A,fiqa_sa-train-000118,fiqa_sa,upstage,solar-pro3,1,success,200,,,154,0,154,3,157,934.38,2.49e-05,2026-07-21T02:40:32.638471+00:00,2026-07-21T02:40:33.573062+00:00
264,pilot,A,fiqa_sa-train-000123,fiqa_sa,upstage,solar-pro3,1,success,200,,,139,0,139,3,142,382.0,2.265e-05,2026-07-21T02:40:33.886414+00:00,2026-07-21T02:40:34.269041+00:00
265,pilot,A,fiqa_sa-train-000124,fiqa_sa,upstage,solar-pro3,1,success,200,,,149,0,149,3,152,387.06,2.415e-05,2026-07-21T02:40:34.583355+00:00,2026-07-21T02:40:34.969969+00:00
266,pilot,A,fiqa_sa-train-000129,fiqa_sa,upstage,solar-pro3,1,success,200,,,147,0,147,3,150,388.55,2.385e-05,2026-07-21T02:40:35.284140+00:00,2026-07-21T02:40:35.673627+00:00
267,pilot,A,fiqa_sa-train-000140,fiqa_sa,upstage,solar-pro3,1,success,200,,,139,0,139,3,142,384.0,2.265e-05,2026-07-21T02:40:35.988479+00:00,2026-07-21T02:40:36.372638+00:00
268,pilot,A,fiqa_sa-train-000144,fiqa_sa,upstage,solar-pro3,1,success,200,,,144,0,144,3,147,462.7,2.34e-05,2026-07-21T02:40:36.685998+00:00,2026-07-21T02:40:37.149124+00:00
269,pilot,A,fiqa_sa-train-000145,fiqa_sa,upstage,solar-pro3,1,success,200,,,139,0,139,3,142,377.34,2.265e-05,2026-07-21T02:40:37.462375+00:00,2026-07-21T02:40:37.840049+00:00
270,pilot,A,fiqa_sa-train-000155,fiqa_sa,upstage,solar-pro3,1,success,200,,,149,0,149,3,152,389.03,2.415e-05,2026-07-21T02:40:38.153737+00:00,2026-07-21T02:40:38.542848+00:00
271,pilot,A,fiqa_sa-train-000174,fiqa_sa,upstage,solar-pro3,1,success,200,,,148,0,148,3,151,386.2,2.4e-05,2026-07-21T02:40:38.856741+00:00,2026-07-21T02:40:39.242993+00:00
272,pilot,A,fiqa_sa-train-000176,fiqa_sa,upstage,solar-pro3,1,success,200,,,141,0,141,3,144,375.24,2.295e-05,2026-07-21T02:40:39.560652+00:00,2026-07-21T02:40:39.936270+00:00
273,pilot,A,fiqa_sa-train-000181,fiqa_sa,upstage,solar-pro3,1,success,200,,,145,0,145,3,148,396.74,2.355e-05,2026-07-21T02:40:40.252491+00:00,2026-07-21T02:40:40.648967+00:00
274,pilot,A,fiqa_sa-train-000183,fiqa_sa,upstage,solar-pro3,1,success,200,,,139,0,139,3,142,392.14,2.265e-05,2026-07-21T02:40:40.962946+00:00,2026-07-21T02:40:41.354625+00:00
275,pilot,A,fiqa_sa-train-000203,fiqa_sa,upstage,solar-pro3,1,success,200,,,140,0,140,3,143,950.51,2.28e-05,2026-07-21T02:40:41.668454+00:00,2026-07-21T02:40:42.618711+00:00
276,pilot,A,fiqa_sa-train-000205,fiqa_sa,upstage,solar-pro3,1,success,200,,,138,0,138,3,141,387.58,2.25e-05,2026-07-21T02:40:42.933292+00:00,2026-07-21T02:40:43.320517+00:00
277,pilot,A,fiqa_sa-train-000206,fiqa_sa,upstage,solar-pro3,1,success,200,,,151,0,151,3,154,404.26,2.445e-05,2026-07-21T02:40:43.634861+00:00,2026-07-21T02:40:44.039559+00:00
278,pilot,A,fiqa_sa-train-000210,fiqa_sa,upstage,solar-pro3,1,success,200,,,144,0,144,3,147,421.65,2.34e-05,2026-07-21T02:40:44.357569+00:00,2026-07-21T02:40:44.778716+00:00
279,pilot,A,fiqa_sa-train-000234,fiqa_sa,upstage,solar-pro3,1,success,200,,,140,0,140,3,143,459.64,2.28e-05,2026-07-21T02:40:45.092684+00:00,2026-07-21T02:40:45.551787+00:00
280,pilot,A,fiqa_sa-train-000239,fiqa_sa,upstage,solar-pro3,1,success,200,,,140,0,140,3,143,406.03,2.28e-05,2026-07-21T02:40:45.866517+00:00,2026-07-21T02:40:46.272846+00:00
281,pilot,A,fiqa_sa-train-000247,fiqa_sa,upstage,solar-pro3,1,success,200,,,143,0,143,3,146,445.76,2.325e-05,2026-07-21T02:40:46.587385+00:00,2026-07-21T02:40:47.032689+00:00
282,pilot,A,fiqa_sa-train-000254,fiqa_sa,upstage,solar-pro3,1,success,200,,,146,0,146,3,149,415.67,2.37e-05,2026-07-21T02:40:47.388622+00:00,2026-07-21T02:40:47.803963+00:00
283,pilot,A,fiqa_sa-train-000259,fiqa_sa,upstage,solar-pro3,1,success,200,,,147,0,147,3,150,410.71,2.385e-05,2026-07-21T02:40:48.118452+00:00,2026-07-21T02:40:48.529102+00:00
284,pilot,A,fiqa_sa-train-000262,fiqa_sa,upstage,solar-pro3,1,success,200,,,149,0,149,3,152,416.18,2.415e-05,2026-07-21T02:40:48.844182+00:00,2026-07-21T02:40:49.260765+00:00
285,pilot,A,fiqa_sa-train-000263,fiqa_sa,upstage,solar-pro3,1,success,200,,,149,0,149,3,152,399.44,2.415e-05,2026-07-21T02:40:49.574720+00:00,2026-07-21T02:40:49.973800+00:00
286,pilot,A,fiqa_sa-train-000272,fiqa_sa,upstage,solar-pro3,1,success,200,,,143,0,143,3,146,394.89,2.325e-05,2026-07-21T02:40:50.289393+00:00,2026-07-21T02:40:50.683844+00:00
287,pilot,A,fiqa_sa-train-000274,fiqa_sa,upstage,solar-pro3,1,success,200,,,149,0,149,3,152,407.31,2.415e-05,2026-07-21T02:40:50.999020+00:00,2026-07-21T02:40:51.406591+00:00
288,pilot,A,fiqa_sa-train-000276,fiqa_sa,upstage,solar-pro3,1,success,200,,,146,0,146,3,149,379.65,2.37e-05,2026-07-21T02:40:51.720946+00:00,2026-07-21T02:40:52.100521+00:00
289,pilot,A,fiqa_sa-train-000280,fiqa_sa,upstage,solar-pro3,1,success,200,,,144,0,144,3,147,815.53,2.34e-05,2026-07-21T02:40:52.417425+00:00,2026-07-21T02:40:53.232776+00:00
290,pilot,A,fiqa_sa-train-000282,fiqa_sa,upstage,solar-pro3,1,success,200,,,140,0,140,3,143,391.32,2.28e-05,2026-07-21T02:40:53.548255+00:00,2026-07-21T02:40:53.939234+00:00
291,pilot,A,fiqa_sa-train-000284,fiqa_sa,upstage,solar-pro3,1,success,200,,,141,0,141,3,144,402.16,2.295e-05,2026-07-21T02:40:54.254181+00:00,2026-07-21T02:40:54.656072+00:00
292,pilot,A,fiqa_sa-train-000289,fiqa_sa,upstage,solar-pro3,1,success,200,,,141,0,141,3,144,968.05,2.295e-05,2026-07-21T02:40:54.969369+00:00,2026-07-21T02:40:55.937834+00:00
293,pilot,A,fiqa_sa-train-000291,fiqa_sa,upstage,solar-pro3,1,success,200,,,145,0,145,3,148,397.86,2.355e-05,2026-07-21T02:40:56.254411+00:00,2026-07-21T02:40:56.652785+00:00
294,pilot,A,fiqa_sa-train-000303,fiqa_sa,upstage,solar-pro3,1,success,200,,,143,0,143,3,146,941.95,2.325e-05,2026-07-21T02:40:56.967228+00:00,2026-07-21T02:40:57.909296+00:00
295,pilot,A,fiqa_sa-train-000307,fiqa_sa,upstage,solar-pro3,1,success,200,,,141,0,141,3,144,399.57,2.295e-05,2026-07-21T02:40:58.227499+00:00,2026-07-21T02:40:58.626924+00:00
296,pilot,A,fiqa_sa-train-000310,fiqa_sa,upstage,solar-pro3,1,success,200,,,144,0,144,3,147,418.54,2.34e-05,2026-07-21T02:40:58.940680+00:00,2026-07-21T02:40:59.358765+00:00
297,pilot,A,fiqa_sa-train-000312,fiqa_sa,upstage,solar-pro3,1,success,200,,,138,0,138,3,141,456.51,2.25e-05,2026-07-21T02:40:59.673667+00:00,2026-07-21T02:41:00.130062+00:00
298,pilot,A,fiqa_sa-train-000317,fiqa_sa,upstage,solar-pro3,1,success,200,,,143,0,143,3,146,409.99,2.325e-05,2026-07-21T02:41:00.450624+00:00,2026-07-21T02:41:00.860204+00:00
299,pilot,A,fiqa_sa-train-000318,fiqa_sa,upstage,solar-pro3,1,success,200,,,144,0,144,3,147,391.88,2.34e-05,2026-07-21T02:41:01.175107+00:00,2026-07-21T02:41:01.567042+00:00
300,pilot,A,fiqa_sa-train-000325,fiqa_sa,upstage,solar-pro3,1,success,200,,,145,0,145,3,148,400.47,2.355e-05,2026-07-21T02:41:01.891233+00:00,2026-07-21T02:41:02.291666+00:00
301,pilot,A,fiqa_sa-train-000339,fiqa_sa,upstage,solar-pro3,1,success,200,,,147,0,147,3,150,407.17,2.385e-05,2026-07-21T02:41:02.616696+00:00,2026-07-21T02:41:03.023348+00:00
302,pilot,A,fiqa_sa-train-000342,fiqa_sa,upstage,solar-pro3,1,success,200,,,142,0,142,3,145,397.96,2.31e-05,2026-07-21T02:41:03.337821+00:00,2026-07-21T02:41:03.735660+00:00
303,pilot,A,fiqa_sa-train-000343,fiqa_sa,upstage,solar-pro3,1,success,200,,,142,0,142,3,145,391.14,2.31e-05,2026-07-21T02:41:04.050297+00:00,2026-07-21T02:41:04.441959+00:00
304,pilot,A,fiqa_sa-train-000345,fiqa_sa,upstage,solar-pro3,1,success,200,,,143,0,143,3,146,402.44,2.325e-05,2026-07-21T02:41:04.755202+00:00,2026-07-21T02:41:05.157381+00:00
305,pilot,A,fiqa_sa-train-000351,fiqa_sa,upstage,solar-pro3,1,success,200,,,148,0,148,3,151,418.15,2.4e-05,2026-07-21T02:41:05.471937+00:00,2026-07-21T02:41:05.889236+00:00
306,pilot,A,fiqa_sa-train-000356,fiqa_sa,upstage,solar-pro3,1,success,200,,,166,0,166,3,169,412.97,2.67e-05,2026-07-21T02:41:06.204960+00:00,2026-07-21T02:41:06.618157+00:00
307,pilot,A,fiqa_sa-train-000357,fiqa_sa,upstage,solar-pro3,1,success,200,,,160,0,160,3,163,394.94,2.58e-05,2026-07-21T02:41:06.931655+00:00,2026-07-21T02:41:07.326192+00:00
308,pilot,A,fiqa_sa-train-000367,fiqa_sa,upstage,solar-pro3,1,success,200,,,154,0,154,3,157,405.2,2.49e-05,2026-07-21T02:41:07.640982+00:00,2026-07-21T02:41:08.045541+00:00
309,pilot,A,fiqa_sa-train-000373,fiqa_sa,upstage,solar-pro3,1,success,200,,,159,0,159,3,162,393.2,2.565e-05,2026-07-21T02:41:08.361673+00:00,2026-07-21T02:41:08.754345+00:00
310,pilot,A,fiqa_sa-train-000374,fiqa_sa,upstage,solar-pro3,1,success,200,,,163,0,163,3,166,395.19,2.625e-05,2026-07-21T02:41:09.069612+00:00,2026-07-21T02:41:09.464517+00:00
311,pilot,A,fiqa_sa-train-000386,fiqa_sa,upstage,solar-pro3,1,success,200,,,147,0,147,3,150,395.96,2.385e-05,2026-07-21T02:41:09.779090+00:00,2026-07-21T02:41:10.174602+00:00
312,pilot,A,fiqa_sa-train-000399,fiqa_sa,upstage,solar-pro3,1,success,200,,,181,0,181,3,184,388.42,2.895e-05,2026-07-21T02:41:10.490652+00:00,2026-07-21T02:41:10.879072+00:00
313,pilot,A,fiqa_sa-train-000414,fiqa_sa,upstage,solar-pro3,1,success,200,,,161,0,161,3,164,394.92,2.595e-05,2026-07-21T02:41:11.192900+00:00,2026-07-21T02:41:11.588807+00:00
314,pilot,A,fiqa_sa-train-000419,fiqa_sa,upstage,solar-pro3,1,success,200,,,152,0,152,3,155,406.7,2.46e-05,2026-07-21T02:41:11.904267+00:00,2026-07-21T02:41:12.310971+00:00
315,pilot,A,fiqa_sa-train-000428,fiqa_sa,upstage,solar-pro3,1,success,200,,,161,0,161,3,164,406.41,2.595e-05,2026-07-21T02:41:12.625535+00:00,2026-07-21T02:41:13.031951+00:00
316,pilot,A,fiqa_sa-train-000429,fiqa_sa,upstage,solar-pro3,1,success,200,,,164,0,164,3,167,411.74,2.64e-05,2026-07-21T02:41:13.346713+00:00,2026-07-21T02:41:13.758240+00:00
317,pilot,A,fiqa_sa-train-000436,fiqa_sa,upstage,solar-pro3,1,success,200,,,158,0,158,3,161,415.2,2.55e-05,2026-07-21T02:41:14.072246+00:00,2026-07-21T02:41:14.487200+00:00
318,pilot,A,fiqa_sa-train-000452,fiqa_sa,upstage,solar-pro3,1,success,200,,,162,0,162,3,165,395.97,2.61e-05,2026-07-21T02:41:14.801873+00:00,2026-07-21T02:41:15.198268+00:00
319,pilot,A,fiqa_sa-train-000454,fiqa_sa,upstage,solar-pro3,1,success,200,,,155,0,155,3,158,413.04,2.505e-05,2026-07-21T02:41:15.512736+00:00,2026-07-21T02:41:15.925490+00:00
320,pilot,A,fiqa_sa-train-000458,fiqa_sa,upstage,solar-pro3,1,success,200,,,159,0,159,3,162,398.76,2.565e-05,2026-07-21T02:41:16.240932+00:00,2026-07-21T02:41:16.639371+00:00
321,pilot,A,fiqa_sa-train-000461,fiqa_sa,upstage,solar-pro3,1,success,200,,,146,0,146,3,149,379.95,2.37e-05,2026-07-21T02:41:16.959207+00:00,2026-07-21T02:41:17.339366+00:00
322,pilot,A,fiqa_sa-train-000463,fiqa_sa,upstage,solar-pro3,1,success,200,,,142,0,142,3,145,385.69,2.31e-05,2026-07-21T02:41:17.659512+00:00,2026-07-21T02:41:18.044603+00:00
323,pilot,A,fiqa_sa-train-000464,fiqa_sa,upstage,solar-pro3,1,success,200,,,145,0,145,3,148,403.85,2.355e-05,2026-07-21T02:41:18.361252+00:00,2026-07-21T02:41:18.765079+00:00
324,pilot,A,fiqa_sa-train-000467,fiqa_sa,upstage,solar-pro3,1,success,200,,,171,0,171,3,174,391.02,2.745e-05,2026-07-21T02:41:19.079716+00:00,2026-07-21T02:41:19.470595+00:00
325,pilot,A,fiqa_sa-train-000475,fiqa_sa,upstage,solar-pro3,1,success,200,,,162,0,162,3,165,382.7,2.61e-05,2026-07-21T02:41:19.786238+00:00,2026-07-21T02:41:20.168154+00:00
326,pilot,A,fiqa_sa-train-000477,fiqa_sa,upstage,solar-pro3,1,success,200,,,146,0,146,3,149,392.41,2.37e-05,2026-07-21T02:41:20.484258+00:00,2026-07-21T02:41:20.876705+00:00
327,pilot,A,fiqa_sa-train-000478,fiqa_sa,upstage,solar-pro3,1,success,200,,,164,0,164,3,167,398.69,2.64e-05,2026-07-21T02:41:21.191519+00:00,2026-07-21T02:41:21.590221+00:00
328,pilot,A,fiqa_sa-train-000486,fiqa_sa,upstage,solar-pro3,1,success,200,,,159,0,159,3,162,385.75,2.565e-05,2026-07-21T02:41:21.906550+00:00,2026-07-21T02:41:22.292738+00:00
329,pilot,A,fiqa_sa-train-000495,fiqa_sa,upstage,solar-pro3,1,success,200,,,171,0,171,3,174,396.78,2.745e-05,2026-07-21T02:41:22.610613+00:00,2026-07-21T02:41:23.007005+00:00
330,pilot,A,fiqa_sa-train-000500,fiqa_sa,upstage,solar-pro3,1,success,200,,,140,0,140,3,143,370.09,2.28e-05,2026-07-21T02:41:23.321489+00:00,2026-07-21T02:41:23.691675+00:00
331,pilot,A,fiqa_sa-train-000504,fiqa_sa,upstage,solar-pro3,1,success,200,,,134,0,134,3,137,403.66,2.19e-05,2026-07-21T02:41:24.004864+00:00,2026-07-21T02:41:24.407991+00:00
332,pilot,A,fiqa_sa-train-000506,fiqa_sa,upstage,solar-pro3,1,success,200,,,158,0,158,3,161,386.78,2.55e-05,2026-07-21T02:41:24.722417+00:00,2026-07-21T02:41:25.109675+00:00
333,pilot,A,fiqa_sa-train-000513,fiqa_sa,upstage,solar-pro3,1,success,200,,,134,0,134,3,137,951.74,2.19e-05,2026-07-21T02:41:25.424294+00:00,2026-07-21T02:41:26.376063+00:00
334,pilot,A,fiqa_sa-train-000514,fiqa_sa,upstage,solar-pro3,1,success,200,,,157,0,157,3,160,383.6,2.535e-05,2026-07-21T02:41:26.690883+00:00,2026-07-21T02:41:27.073972+00:00
335,pilot,A,fiqa_sa-train-000515,fiqa_sa,upstage,solar-pro3,1,success,200,,,161,0,161,3,164,413.26,2.595e-05,2026-07-21T02:41:27.389033+00:00,2026-07-21T02:41:27.802346+00:00
336,pilot,A,fiqa_sa-train-000519,fiqa_sa,upstage,solar-pro3,1,success,200,,,161,0,161,3,164,941.63,2.595e-05,2026-07-21T02:41:28.116910+00:00,2026-07-21T02:41:29.058431+00:00
337,pilot,A,fiqa_sa-train-000523,fiqa_sa,upstage,solar-pro3,1,success,200,,,146,0,146,3,149,384.64,2.37e-05,2026-07-21T02:41:29.372616+00:00,2026-07-21T02:41:29.756606+00:00
338,pilot,A,fiqa_sa-train-000526,fiqa_sa,upstage,solar-pro3,1,success,200,,,156,0,156,3,159,377.62,2.52e-05,2026-07-21T02:41:30.075594+00:00,2026-07-21T02:41:30.453493+00:00
339,pilot,A,fiqa_sa-train-000530,fiqa_sa,upstage,solar-pro3,1,success,200,,,139,0,139,3,142,462.47,2.265e-05,2026-07-21T02:41:30.768087+00:00,2026-07-21T02:41:31.230408+00:00
340,pilot,A,fiqa_sa-train-000542,fiqa_sa,upstage,solar-pro3,1,success,200,,,149,0,149,3,152,378.48,2.415e-05,2026-07-21T02:41:31.544528+00:00,2026-07-21T02:41:31.923603+00:00
341,pilot,A,fiqa_sa-train-000552,fiqa_sa,upstage,solar-pro3,1,success,200,,,164,0,164,3,167,391.37,2.64e-05,2026-07-21T02:41:32.473800+00:00,2026-07-21T02:41:32.865173+00:00
342,pilot,A,fiqa_sa-train-000553,fiqa_sa,upstage,solar-pro3,1,success,200,,,142,0,142,3,145,397.55,2.31e-05,2026-07-21T02:41:33.180369+00:00,2026-07-21T02:41:33.577421+00:00
343,pilot,A,fiqa_sa-train-000556,fiqa_sa,upstage,solar-pro3,1,success,200,,,176,0,176,3,179,401.26,2.82e-05,2026-07-21T02:41:33.894468+00:00,2026-07-21T02:41:34.296080+00:00
344,pilot,A,fiqa_sa-train-000574,fiqa_sa,upstage,solar-pro3,1,success,200,,,154,0,154,3,157,405.79,2.49e-05,2026-07-21T02:41:34.627899+00:00,2026-07-21T02:41:35.033387+00:00
345,pilot,A,fiqa_sa-train-000578,fiqa_sa,upstage,solar-pro3,1,success,200,,,146,0,146,3,149,381.5,2.37e-05,2026-07-21T02:41:35.347327+00:00,2026-07-21T02:41:35.729196+00:00
346,pilot,A,fiqa_sa-train-000579,fiqa_sa,upstage,solar-pro3,1,success,200,,,152,0,152,3,155,396.49,2.46e-05,2026-07-21T02:41:36.044905+00:00,2026-07-21T02:41:36.441335+00:00
347,pilot,A,fiqa_sa-train-000593,fiqa_sa,upstage,solar-pro3,1,success,200,,,157,0,157,3,160,396.86,2.535e-05,2026-07-21T02:41:36.755037+00:00,2026-07-21T02:41:37.151903+00:00
348,pilot,A,fiqa_sa-train-000598,fiqa_sa,upstage,solar-pro3,1,success,200,,,162,0,162,3,165,415.31,2.61e-05,2026-07-21T02:41:37.465564+00:00,2026-07-21T02:41:37.881330+00:00
349,pilot,A,fiqa_sa-train-000615,fiqa_sa,upstage,solar-pro3,1,success,200,,,138,0,138,3,141,404.89,2.25e-05,2026-07-21T02:41:38.195695+00:00,2026-07-21T02:41:38.600978+00:00
350,pilot,A,fiqa_sa-train-000634,fiqa_sa,upstage,solar-pro3,1,success,200,,,138,0,138,3,141,803.47,2.25e-05,2026-07-21T02:41:38.915400+00:00,2026-07-21T02:41:39.718774+00:00
351,pilot,A,fiqa_sa-train-000637,fiqa_sa,upstage,solar-pro3,1,success,200,,,157,0,157,3,160,395.92,2.535e-05,2026-07-21T02:41:40.032598+00:00,2026-07-21T02:41:40.428287+00:00
352,pilot,A,fiqa_sa-train-000646,fiqa_sa,upstage,solar-pro3,1,success,200,,,163,0,163,3,166,439.09,2.625e-05,2026-07-21T02:41:40.743100+00:00,2026-07-21T02:41:41.182475+00:00
353,pilot,A,fiqa_sa-train-000648,fiqa_sa,upstage,solar-pro3,1,success,200,,,161,0,161,3,164,940.53,2.595e-05,2026-07-21T02:41:41.496208+00:00,2026-07-21T02:41:42.436118+00:00
354,pilot,A,fiqa_sa-train-000664,fiqa_sa,upstage,solar-pro3,1,success,200,,,154,0,154,3,157,395.63,2.49e-05,2026-07-21T02:41:42.752672+00:00,2026-07-21T02:41:43.148143+00:00
355,pilot,A,fiqa_sa-train-000674,fiqa_sa,upstage,solar-pro3,1,success,200,,,161,0,161,3,164,969.06,2.595e-05,2026-07-21T02:41:43.463804+00:00,2026-07-21T02:41:44.432468+00:00
356,pilot,A,fiqa_sa-train-000683,fiqa_sa,upstage,solar-pro3,1,success,200,,,159,0,159,3,162,385.76,2.565e-05,2026-07-21T02:41:44.754971+00:00,2026-07-21T02:41:45.140304+00:00
357,pilot,A,fiqa_sa-train-000685,fiqa_sa,upstage,solar-pro3,1,success,200,,,142,0,142,3,145,401.39,2.31e-05,2026-07-21T02:41:45.455495+00:00,2026-07-21T02:41:45.856476+00:00
358,pilot,A,fiqa_sa-train-000688,fiqa_sa,upstage,solar-pro3,1,success,200,,,160,0,160,3,163,422.18,2.58e-05,2026-07-21T02:41:46.170401+00:00,2026-07-21T02:41:46.592552+00:00
359,pilot,A,fiqa_sa-train-000691,fiqa_sa,upstage,solar-pro3,1,success,200,,,152,0,152,3,155,914.56,2.46e-05,2026-07-21T02:41:46.906844+00:00,2026-07-21T02:41:47.821696+00:00
360,pilot,A,fiqa_sa-train-000693,fiqa_sa,upstage,solar-pro3,1,success,200,,,177,0,177,3,180,411.16,2.835e-05,2026-07-21T02:41:48.140783+00:00,2026-07-21T02:41:48.551263+00:00
361,pilot,A,fiqa_sa-train-000695,fiqa_sa,upstage,solar-pro3,1,success,200,,,163,0,163,3,166,398.08,2.625e-05,2026-07-21T02:41:48.872929+00:00,2026-07-21T02:41:49.271035+00:00
362,pilot,A,fiqa_sa-train-000705,fiqa_sa,upstage,solar-pro3,1,success,200,,,162,0,162,3,165,394.12,2.61e-05,2026-07-21T02:41:49.586213+00:00,2026-07-21T02:41:49.979912+00:00
363,pilot,A,fiqa_sa-train-000707,fiqa_sa,upstage,solar-pro3,1,success,200,,,141,0,141,3,144,437.22,2.295e-05,2026-07-21T02:41:50.294979+00:00,2026-07-21T02:41:50.732634+00:00
364,pilot,A,fiqa_sa-train-000714,fiqa_sa,upstage,solar-pro3,1,success,200,,,138,0,138,3,141,402.25,2.25e-05,2026-07-21T02:41:51.046967+00:00,2026-07-21T02:41:51.449241+00:00
365,pilot,A,fiqa_sa-train-000727,fiqa_sa,upstage,solar-pro3,1,success,200,,,152,0,152,3,155,413.49,2.46e-05,2026-07-21T02:41:51.764487+00:00,2026-07-21T02:41:52.178458+00:00
366,pilot,A,fiqa_sa-train-000735,fiqa_sa,upstage,solar-pro3,1,success,200,,,143,0,143,3,146,388.49,2.325e-05,2026-07-21T02:41:52.494007+00:00,2026-07-21T02:41:52.882065+00:00
367,pilot,A,fiqa_sa-train-000744,fiqa_sa,upstage,solar-pro3,1,success,200,,,151,0,151,3,154,389.03,2.445e-05,2026-07-21T02:41:53.196434+00:00,2026-07-21T02:41:53.585517+00:00
368,pilot,A,fiqa_sa-train-000751,fiqa_sa,upstage,solar-pro3,1,success,200,,,177,0,177,3,180,400.33,2.835e-05,2026-07-21T02:41:53.900346+00:00,2026-07-21T02:41:54.300829+00:00
369,pilot,A,fiqa_sa-train-000752,fiqa_sa,upstage,solar-pro3,1,success,200,,,150,0,150,3,153,406.6,2.43e-05,2026-07-21T02:41:54.618282+00:00,2026-07-21T02:41:55.024819+00:00
370,pilot,A,fiqa_sa-train-000761,fiqa_sa,upstage,solar-pro3,1,success,200,,,145,0,145,3,148,455.08,2.355e-05,2026-07-21T02:41:55.337889+00:00,2026-07-21T02:41:55.792910+00:00
371,pilot,A,fiqa_sa-train-000768,fiqa_sa,upstage,solar-pro3,1,success,200,,,153,0,153,3,156,399.55,2.475e-05,2026-07-21T02:41:56.108159+00:00,2026-07-21T02:41:56.507678+00:00
372,pilot,A,fiqa_sa-train-000769,fiqa_sa,upstage,solar-pro3,1,success,200,,,150,0,150,3,153,382.7,2.43e-05,2026-07-21T02:41:56.822799+00:00,2026-07-21T02:41:57.206671+00:00
373,pilot,A,fiqa_sa-train-000781,fiqa_sa,upstage,solar-pro3,1,success,200,,,160,0,160,3,163,937.06,2.58e-05,2026-07-21T02:41:57.521066+00:00,2026-07-21T02:41:58.458173+00:00
374,pilot,A,fiqa_sa-train-000783,fiqa_sa,upstage,solar-pro3,1,success,200,,,161,0,161,3,164,402.69,2.595e-05,2026-07-21T02:41:58.773330+00:00,2026-07-21T02:41:59.175506+00:00
375,pilot,A,fiqa_sa-train-000787,fiqa_sa,upstage,solar-pro3,1,success,200,,,152,0,152,3,155,392.48,2.46e-05,2026-07-21T02:41:59.491357+00:00,2026-07-21T02:41:59.884325+00:00
376,pilot,A,fiqa_sa-train-000791,fiqa_sa,upstage,solar-pro3,1,success,200,,,150,0,150,3,153,392.56,2.43e-05,2026-07-21T02:42:00.197873+00:00,2026-07-21T02:42:00.590011+00:00
377,pilot,A,fiqa_sa-train-000799,fiqa_sa,upstage,solar-pro3,1,success,200,,,143,0,143,3,146,406.8,2.325e-05,2026-07-21T02:42:00.905983+00:00,2026-07-21T02:42:01.313011+00:00
378,pilot,A,fiqa_sa-train-000804,fiqa_sa,upstage,solar-pro3,1,success,200,,,164,0,164,3,167,416.23,2.64e-05,2026-07-21T02:42:01.627630+00:00,2026-07-21T02:42:02.043607+00:00
379,pilot,A,fiqa_sa-train-000806,fiqa_sa,upstage,solar-pro3,1,success,200,,,169,0,169,3,172,396.5,2.715e-05,2026-07-21T02:42:02.504729+00:00,2026-07-21T02:42:02.900797+00:00
380,pilot,A,fiqa_sa-train-000811,fiqa_sa,upstage,solar-pro3,1,success,200,,,169,0,169,3,172,394.49,2.715e-05,2026-07-21T02:42:03.215272+00:00,2026-07-21T02:42:03.609731+00:00
381,pilot,A,fiqa_sa-valid-000003,fiqa_sa,upstage,solar-pro3,1,success,200,,,137,0,137,3,140,390.27,2.235e-05,2026-07-21T02:42:03.924141+00:00,2026-07-21T02:42:04.314630+00:00
382,pilot,A,fiqa_sa-valid-000007,fiqa_sa,upstage,solar-pro3,1,success,200,,,138,0,138,3,141,394.88,2.25e-05,2026-07-21T02:42:04.632351+00:00,2026-07-21T02:42:05.027369+00:00
383,pilot,A,fiqa_sa-valid-000008,fiqa_sa,upstage,solar-pro3,1,success,200,,,147,0,147,3,150,395.91,2.385e-05,2026-07-21T02:42:05.341058+00:00,2026-07-21T02:42:05.736585+00:00
384,pilot,A,fiqa_sa-valid-000013,fiqa_sa,upstage,solar-pro3,1,success,200,,,139,0,139,3,142,380.39,2.265e-05,2026-07-21T02:42:06.052064+00:00,2026-07-21T02:42:06.433081+00:00
385,pilot,A,fiqa_sa-valid-000015,fiqa_sa,upstage,solar-pro3,1,success,200,,,143,0,143,3,146,403.87,2.325e-05,2026-07-21T02:42:06.747019+00:00,2026-07-21T02:42:07.150680+00:00
386,pilot,A,fiqa_sa-valid-000018,fiqa_sa,upstage,solar-pro3,1,success,200,,,147,0,147,3,150,464.02,2.385e-05,2026-07-21T02:42:07.465004+00:00,2026-07-21T02:42:07.928984+00:00
387,pilot,A,fiqa_sa-valid-000027,fiqa_sa,upstage,solar-pro3,1,success,200,,,143,0,143,3,146,412.84,2.325e-05,2026-07-21T02:42:08.243684+00:00,2026-07-21T02:42:08.656480+00:00
388,pilot,A,fiqa_sa-valid-000028,fiqa_sa,upstage,solar-pro3,1,success,200,,,141,0,141,3,144,404.24,2.295e-05,2026-07-21T02:42:08.970997+00:00,2026-07-21T02:42:09.375191+00:00
389,pilot,A,fiqa_sa-valid-000029,fiqa_sa,upstage,solar-pro3,1,success,200,,,141,0,141,3,144,393.96,2.295e-05,2026-07-21T02:42:09.688803+00:00,2026-07-21T02:42:10.082236+00:00
390,pilot,A,fiqa_sa-valid-000041,fiqa_sa,upstage,solar-pro3,1,success,200,,,140,0,140,3,143,398.75,2.28e-05,2026-07-21T02:42:10.397307+00:00,2026-07-21T02:42:10.796300+00:00
391,pilot,A,fiqa_sa-valid-000047,fiqa_sa,upstage,solar-pro3,1,success,200,,,151,0,151,3,154,389.34,2.445e-05,2026-07-21T02:42:11.109861+00:00,2026-07-21T02:42:11.499591+00:00
392,pilot,A,fiqa_sa-valid-000051,fiqa_sa,upstage,solar-pro3,1,success,200,,,159,0,159,3,162,403.43,2.565e-05,2026-07-21T02:42:11.813962+00:00,2026-07-21T02:42:12.217367+00:00
393,pilot,A,fiqa_sa-valid-000054,fiqa_sa,upstage,solar-pro3,1,success,200,,,167,0,167,3,170,392.98,2.685e-05,2026-07-21T02:42:12.532254+00:00,2026-07-21T02:42:12.925304+00:00
394,pilot,A,fiqa_sa-valid-000064,fiqa_sa,upstage,solar-pro3,1,success,200,,,192,0,192,3,195,944.03,3.06e-05,2026-07-21T02:42:13.243297+00:00,2026-07-21T02:42:14.187120+00:00
395,pilot,A,fiqa_sa-valid-000066,fiqa_sa,upstage,solar-pro3,1,success,200,,,167,0,167,3,170,465.79,2.685e-05,2026-07-21T02:42:14.502814+00:00,2026-07-21T02:42:14.968080+00:00
396,pilot,A,fiqa_sa-valid-000074,fiqa_sa,upstage,solar-pro3,1,success,200,,,144,0,144,3,147,386.68,2.34e-05,2026-07-21T02:42:15.284920+00:00,2026-07-21T02:42:15.671835+00:00
397,pilot,A,fiqa_sa-valid-000077,fiqa_sa,upstage,solar-pro3,1,success,200,,,153,0,153,3,156,387.3,2.475e-05,2026-07-21T02:42:15.984829+00:00,2026-07-21T02:42:16.372287+00:00
398,pilot,A,fiqa_sa-valid-000086,fiqa_sa,upstage,solar-pro3,1,success,200,,,169,0,169,3,172,397.61,2.715e-05,2026-07-21T02:42:16.687640+00:00,2026-07-21T02:42:17.084883+00:00
399,pilot,A,fiqa_sa-valid-000099,fiqa_sa,upstage,solar-pro3,1,success,200,,,167,0,167,3,170,384.33,2.685e-05,2026-07-21T02:42:17.445608+00:00,2026-07-21T02:42:17.829735+00:00
400,pilot,A,fiqa_sa-valid-000107,fiqa_sa,upstage,solar-pro3,1,success,200,,,153,0,153,3,156,395.75,2.475e-05,2026-07-21T02:42:18.143708+00:00,2026-07-21T02:42:18.539494+00:00
401,pilot,A,finqa-test-000036,finqa,upstage,solar-pro3,1,success,200,,,1262,0,1262,7,1269,536.81,0.0001935,2026-07-21T02:42:18.887683+00:00,2026-07-21T02:42:19.425203+00:00
402,pilot,A,finqa-test-000042,finqa,upstage,solar-pro3,1,success,200,,,825,0,825,48,873,873.82,0.00015255,2026-07-21T02:42:19.739599+00:00,2026-07-21T02:42:20.613470+00:00
403,pilot,A,finqa-test-000096,finqa,upstage,solar-pro3,1,success,200,,,1191,0,1191,9,1200,515.05,0.00018405,2026-07-21T02:42:20.928042+00:00,2026-07-21T02:42:21.442232+00:00
404,pilot,A,finqa-test-000263,finqa,upstage,solar-pro3,1,success,200,,,1222,0,1222,9,1231,521.4,0.0001887,2026-07-21T02:42:21.757838+00:00,2026-07-21T02:42:22.279474+00:00
405,pilot,A,finqa-test-000273,finqa,upstage,solar-pro3,1,success,200,,,1135,0,1135,7,1142,518.05,0.00017445,2026-07-21T02:42:22.593239+00:00,2026-07-21T02:42:23.110765+00:00
406,pilot,A,finqa-test-000413,finqa,upstage,solar-pro3,1,success,200,,,1027,0,1027,7,1034,516.87,0.00015825,2026-07-21T02:42:23.426825+00:00,2026-07-21T02:42:23.944259+00:00
407,pilot,A,finqa-test-000430,finqa,upstage,solar-pro3,1,success,200,,,1127,0,1127,140,1267,1680.2,0.00025305,2026-07-21T02:42:24.258430+00:00,2026-07-21T02:42:25.939046+00:00
408,pilot,A,finqa-test-000483,finqa,upstage,solar-pro3,1,success,200,,,828,0,828,8,836,536.53,0.000129,2026-07-21T02:42:26.254303+00:00,2026-07-21T02:42:26.790318+00:00
409,pilot,A,finqa-test-000490,finqa,upstage,solar-pro3,1,success,200,,,1109,0,1109,100,1209,1230.43,0.00022635,2026-07-21T02:42:27.104978+00:00,2026-07-21T02:42:28.335225+00:00
410,pilot,A,finqa-test-000535,finqa,upstage,solar-pro3,1,success,200,,,989,0,989,8,997,509.22,0.00015315,2026-07-21T02:42:28.654361+00:00,2026-07-21T02:42:29.164086+00:00
411,pilot,A,finqa-test-000562,finqa,upstage,solar-pro3,1,success,200,,,924,0,924,24,948,600.43,0.000153,2026-07-21T02:42:29.479222+00:00,2026-07-21T02:42:30.079514+00:00
412,pilot,A,finqa-test-000577,finqa,upstage,solar-pro3,1,success,200,,,1136,0,1136,13,1149,556.43,0.0001782,2026-07-21T02:42:30.395132+00:00,2026-07-21T02:42:30.951282+00:00
413,pilot,A,finqa-test-000581,finqa,upstage,solar-pro3,1,success,200,,,1096,0,1096,254,1350,2578.03,0.0003168,2026-07-21T02:42:31.266013+00:00,2026-07-21T02:42:33.843644+00:00
414,pilot,A,finqa-test-000592,finqa,upstage,solar-pro3,1,success,200,,,1122,0,1122,8,1130,1038.21,0.0001731,2026-07-21T02:42:34.162120+00:00,2026-07-21T02:42:35.200160+00:00
415,pilot,A,finqa-test-000599,finqa,upstage,solar-pro3,1,success,200,,,669,0,669,206,875,2348.1,0.00022395,2026-07-21T02:42:35.517413+00:00,2026-07-21T02:42:37.865523+00:00
416,pilot,A,finqa-test-000609,finqa,upstage,solar-pro3,1,success,200,,,612,0,612,256,868,2277.2,0.0002454,2026-07-21T02:42:38.181256+00:00,2026-07-21T02:42:40.458230+00:00
417,pilot,A,finqa-test-000683,finqa,upstage,solar-pro3,1,success,200,,,905,0,905,149,1054,1672.04,0.00022515,2026-07-21T02:42:40.773173+00:00,2026-07-21T02:42:42.445008+00:00
418,pilot,A,finqa-test-000721,finqa,upstage,solar-pro3,1,success,200,,,1129,0,1129,9,1138,575.76,0.00017475,2026-07-21T02:42:42.761597+00:00,2026-07-21T02:42:43.336777+00:00
419,pilot,A,finqa-test-000825,finqa,upstage,solar-pro3,1,success,200,,,1398,0,1398,7,1405,551.91,0.0002139,2026-07-21T02:42:43.652143+00:00,2026-07-21T02:42:44.204362+00:00
420,pilot,A,finqa-test-000850,finqa,upstage,solar-pro3,1,success,200,,,1203,0,1203,7,1210,518.76,0.00018465,2026-07-21T02:42:44.519647+00:00,2026-07-21T02:42:45.038499+00:00
421,pilot,A,finqa-test-000869,finqa,upstage,solar-pro3,1,success,200,,,1365,0,1365,9,1374,570.01,0.00021015,2026-07-21T02:42:45.354973+00:00,2026-07-21T02:42:45.924848+00:00
422,pilot,A,finqa-test-000930,finqa,upstage,solar-pro3,1,success,200,,,1274,0,1274,108,1382,1794.53,0.0002559,2026-07-21T02:42:46.241917+00:00,2026-07-21T02:42:48.036708+00:00
423,pilot,A,finqa-test-000932,finqa,upstage,solar-pro3,1,success,200,,,684,0,684,91,775,1390.15,0.0001572,2026-07-21T02:42:48.353779+00:00,2026-07-21T02:42:49.743474+00:00
424,pilot,A,finqa-test-000934,finqa,upstage,solar-pro3,1,success,200,,,877,0,877,8,885,518.87,0.00013635,2026-07-21T02:42:50.058886+00:00,2026-07-21T02:42:50.577472+00:00
425,pilot,A,finqa-test-001089,finqa,upstage,solar-pro3,1,success,200,,,1133,0,1133,5,1138,525.55,0.00017295,2026-07-21T02:42:50.892550+00:00,2026-07-21T02:42:51.418383+00:00
426,pilot,A,finqa-test-001091,finqa,upstage,solar-pro3,1,success,200,,,1494,0,1494,253,1747,3109.03,0.0003759,2026-07-21T02:42:51.732487+00:00,2026-07-21T02:42:54.841209+00:00
427,pilot,A,finqa-test-001121,finqa,upstage,solar-pro3,1,success,200,,,1863,0,1863,7,1870,547.87,0.00028365,2026-07-21T02:42:55.156705+00:00,2026-07-21T02:42:55.704277+00:00
428,pilot,A,finqa-test-001139,finqa,upstage,solar-pro3,1,success,200,,,802,0,802,31,833,769.14,0.0001389,2026-07-21T02:42:56.019540+00:00,2026-07-21T02:42:56.788386+00:00
429,pilot,A,finqa-train-000021,finqa,upstage,solar-pro3,1,success,200,,,930,0,930,7,937,521.59,0.0001437,2026-07-21T02:42:57.109703+00:00,2026-07-21T02:42:57.630928+00:00
430,pilot,A,finqa-train-000091,finqa,upstage,solar-pro3,1,success,200,,,1103,0,1103,9,1112,562.95,0.00017085,2026-07-21T02:42:57.949000+00:00,2026-07-21T02:42:58.511484+00:00
431,pilot,A,finqa-train-000094,finqa,upstage,solar-pro3,1,success,200,,,1705,0,1705,256,1961,2576.33,0.00040935,2026-07-21T02:42:58.826074+00:00,2026-07-21T02:43:01.401957+00:00
432,pilot,A,finqa-train-000124,finqa,upstage,solar-pro3,1,success,200,,,1012,0,1012,116,1128,1664.78,0.0002214,2026-07-21T02:43:01.718562+00:00,2026-07-21T02:43:03.383452+00:00
433,pilot,A,finqa-train-000146,finqa,upstage,solar-pro3,1,success,200,,,1287,0,1287,256,1543,3091.14,0.00034665,2026-07-21T02:43:03.702478+00:00,2026-07-21T02:43:06.794316+00:00
434,pilot,A,finqa-train-000230,finqa,upstage,solar-pro3,1,success,200,,,1401,0,1401,8,1409,516.37,0.00021495,2026-07-21T02:43:07.108845+00:00,2026-07-21T02:43:07.625317+00:00
435,pilot,A,finqa-train-000233,finqa,upstage,solar-pro3,1,success,200,,,954,0,954,8,962,537.83,0.0001479,2026-07-21T02:43:07.939662+00:00,2026-07-21T02:43:08.476902+00:00
436,pilot,A,finqa-train-000240,finqa,upstage,solar-pro3,1,success,200,,,1206,0,1206,256,1462,2528.58,0.0003345,2026-07-21T02:43:08.792166+00:00,2026-07-21T02:43:11.321044+00:00
437,pilot,A,finqa-train-000301,finqa,upstage,solar-pro3,1,success,200,,,1246,0,1246,10,1256,561.67,0.0001929,2026-07-21T02:43:11.636527+00:00,2026-07-21T02:43:12.197955+00:00
438,pilot,A,finqa-train-000409,finqa,upstage,solar-pro3,1,success,200,,,1086,0,1086,256,1342,3061.86,0.0003165,2026-07-21T02:43:12.513046+00:00,2026-07-21T02:43:15.575248+00:00
439,pilot,A,finqa-train-000521,finqa,upstage,solar-pro3,1,success,200,,,743,0,743,7,750,514.45,0.00011565,2026-07-21T02:43:15.890013+00:00,2026-07-21T02:43:16.404259+00:00
440,pilot,A,finqa-train-000538,finqa,upstage,solar-pro3,1,success,200,,,703,0,703,3,706,1008.94,0.00010725,2026-07-21T02:43:16.720507+00:00,2026-07-21T02:43:17.728934+00:00
441,pilot,A,finqa-train-000556,finqa,upstage,solar-pro3,1,success,200,,,1709,0,1709,9,1718,446.32,0.00026175,2026-07-21T02:43:18.047187+00:00,2026-07-21T02:43:18.493033+00:00
442,pilot,A,finqa-train-000557,finqa,upstage,solar-pro3,1,success,200,,,702,0,702,11,713,1097.3,0.0001119,2026-07-21T02:43:18.807404+00:00,2026-07-21T02:43:19.904699+00:00
443,pilot,A,finqa-train-000641,finqa,upstage,solar-pro3,1,success,200,,,819,0,819,8,827,545.55,0.00012765,2026-07-21T02:43:20.220085+00:00,2026-07-21T02:43:20.765383+00:00
444,pilot,A,finqa-train-000665,finqa,upstage,solar-pro3,1,success,200,,,894,0,894,7,901,510.11,0.0001383,2026-07-21T02:43:21.080997+00:00,2026-07-21T02:43:21.590952+00:00
445,pilot,A,finqa-train-000749,finqa,upstage,solar-pro3,1,success,200,,,1054,0,1054,97,1151,1604.68,0.0002163,2026-07-21T02:43:21.905941+00:00,2026-07-21T02:43:23.511401+00:00
446,pilot,A,finqa-train-000759,finqa,upstage,solar-pro3,1,success,200,,,940,0,940,7,947,502.51,0.0001452,2026-07-21T02:43:23.825608+00:00,2026-07-21T02:43:24.327809+00:00
447,pilot,A,finqa-train-000766,finqa,upstage,solar-pro3,1,success,200,,,920,0,920,10,930,566.21,0.000144,2026-07-21T02:43:24.643508+00:00,2026-07-21T02:43:25.209569+00:00
448,pilot,A,finqa-train-000809,finqa,upstage,solar-pro3,1,success,200,,,924,0,924,7,931,523.87,0.0001428,2026-07-21T02:43:25.525797+00:00,2026-07-21T02:43:26.049444+00:00
449,pilot,A,finqa-train-000857,finqa,upstage,solar-pro3,1,success,200,,,1039,0,1039,6,1045,500.29,0.00015945,2026-07-21T02:43:26.365418+00:00,2026-07-21T02:43:26.866065+00:00
450,pilot,A,finqa-train-000898,finqa,upstage,solar-pro3,1,success,200,,,1595,0,1595,8,1603,508.31,0.00024405,2026-07-21T02:43:27.181157+00:00,2026-07-21T02:43:27.689680+00:00
451,pilot,A,finqa-train-000942,finqa,upstage,solar-pro3,1,success,200,,,1365,0,1365,32,1397,1196.15,0.00022395,2026-07-21T02:43:28.003814+00:00,2026-07-21T02:43:29.199771+00:00
452,pilot,A,finqa-train-000973,finqa,upstage,solar-pro3,1,success,200,,,693,0,693,138,831,1463.58,0.00018675,2026-07-21T02:43:29.514877+00:00,2026-07-21T02:43:30.978864+00:00
453,pilot,A,finqa-train-000975,finqa,upstage,solar-pro3,1,success,200,,,1278,0,1278,4,1282,487.33,0.0001941,2026-07-21T02:43:31.293407+00:00,2026-07-21T02:43:31.780732+00:00
454,pilot,A,finqa-train-000981,finqa,upstage,solar-pro3,1,success,200,,,759,0,759,13,772,540.9,0.00012165,2026-07-21T02:43:32.251793+00:00,2026-07-21T02:43:32.792893+00:00
455,pilot,A,finqa-train-001018,finqa,upstage,solar-pro3,1,success,200,,,1228,0,1228,97,1325,1601.87,0.0002424,2026-07-21T02:43:33.107443+00:00,2026-07-21T02:43:34.709316+00:00
456,pilot,A,finqa-train-001048,finqa,upstage,solar-pro3,1,success,200,,,673,0,673,6,679,475.58,0.00010455,2026-07-21T02:43:35.023818+00:00,2026-07-21T02:43:35.499295+00:00
457,pilot,A,finqa-train-001148,finqa,upstage,solar-pro3,1,success,200,,,963,0,963,145,1108,2064.56,0.00023145,2026-07-21T02:43:35.815507+00:00,2026-07-21T02:43:37.879527+00:00
458,pilot,A,finqa-train-001241,finqa,upstage,solar-pro3,1,success,200,,,1428,0,1428,8,1436,517.72,0.000219,2026-07-21T02:43:38.197338+00:00,2026-07-21T02:43:38.715004+00:00
459,pilot,A,finqa-train-001246,finqa,upstage,solar-pro3,1,success,200,,,1365,0,1365,7,1372,511.49,0.00020895,2026-07-21T02:43:39.031416+00:00,2026-07-21T02:43:39.543087+00:00
460,pilot,A,finqa-train-001304,finqa,upstage,solar-pro3,1,success,200,,,1857,0,1857,7,1864,525.98,0.00028275,2026-07-21T02:43:39.861307+00:00,2026-07-21T02:43:40.387313+00:00
461,pilot,A,finqa-train-001347,finqa,upstage,solar-pro3,1,success,200,,,871,0,871,153,1024,2018.22,0.00022245,2026-07-21T02:43:40.701868+00:00,2026-07-21T02:43:42.719971+00:00
462,pilot,A,finqa-train-001356,finqa,upstage,solar-pro3,1,success,200,,,333,0,333,9,342,473.37,5.535e-05,2026-07-21T02:43:43.038765+00:00,2026-07-21T02:43:43.513013+00:00
463,pilot,A,finqa-train-001404,finqa,upstage,solar-pro3,1,success,200,,,1602,0,1602,7,1609,513.37,0.0002445,2026-07-21T02:43:43.827264+00:00,2026-07-21T02:43:44.340633+00:00
464,pilot,A,finqa-train-001416,finqa,upstage,solar-pro3,1,success,200,,,979,0,979,7,986,509.65,0.00015105,2026-07-21T02:43:44.655052+00:00,2026-07-21T02:43:45.165434+00:00
465,pilot,A,finqa-train-001442,finqa,upstage,solar-pro3,1,success,200,,,1331,0,1331,4,1335,472.69,0.00020205,2026-07-21T02:43:45.480895+00:00,2026-07-21T02:43:45.953480+00:00
466,pilot,A,finqa-train-001455,finqa,upstage,solar-pro3,1,success,200,,,722,0,722,8,730,500.66,0.0001131,2026-07-21T02:43:46.268708+00:00,2026-07-21T02:43:46.769628+00:00
467,pilot,A,finqa-train-001554,finqa,upstage,solar-pro3,1,success,200,,,682,0,682,5,687,466.58,0.0001053,2026-07-21T02:43:47.092948+00:00,2026-07-21T02:43:47.559953+00:00
468,pilot,A,finqa-train-001573,finqa,upstage,solar-pro3,1,success,200,,,1160,0,1160,7,1167,491.3,0.0001782,2026-07-21T02:43:47.875092+00:00,2026-07-21T02:43:48.366770+00:00
469,pilot,A,finqa-train-001680,finqa,upstage,solar-pro3,1,success,200,,,1463,0,1463,6,1469,499.66,0.00022305,2026-07-21T02:43:48.681798+00:00,2026-07-21T02:43:49.181687+00:00
470,pilot,A,finqa-train-001696,finqa,upstage,solar-pro3,1,success,200,,,893,0,893,62,955,1081.64,0.00017115,2026-07-21T02:43:49.499263+00:00,2026-07-21T02:43:50.580676+00:00
471,pilot,A,finqa-train-001740,finqa,upstage,solar-pro3,1,success,200,,,688,0,688,40,728,805.68,0.0001272,2026-07-21T02:43:50.896313+00:00,2026-07-21T02:43:51.702006+00:00
472,pilot,A,finqa-train-001772,finqa,upstage,solar-pro3,1,success,200,,,999,0,999,7,1006,500.41,0.00015405,2026-07-21T02:43:52.017029+00:00,2026-07-21T02:43:52.517301+00:00
473,pilot,A,finqa-train-001794,finqa,upstage,solar-pro3,1,success,200,,,1249,0,1249,124,1373,1747.51,0.00026175,2026-07-21T02:43:52.832850+00:00,2026-07-21T02:43:54.581001+00:00
474,pilot,A,finqa-train-001902,finqa,upstage,solar-pro3,1,success,200,,,740,0,740,54,794,1033.15,0.0001434,2026-07-21T02:43:54.899287+00:00,2026-07-21T02:43:55.932450+00:00
475,pilot,A,finqa-train-001925,finqa,upstage,solar-pro3,1,success,200,,,1467,0,1467,224,1691,2644.57,0.00035445,2026-07-21T02:43:56.246946+00:00,2026-07-21T02:43:58.891845+00:00
476,pilot,A,finqa-train-001955,finqa,upstage,solar-pro3,1,success,200,,,1563,0,1563,42,1605,973.24,0.00025965,2026-07-21T02:43:59.208250+00:00,2026-07-21T02:44:00.181836+00:00
477,pilot,A,finqa-train-001979,finqa,upstage,solar-pro3,1,success,200,,,836,0,836,133,969,1762.99,0.0002052,2026-07-21T02:44:00.496912+00:00,2026-07-21T02:44:02.259388+00:00
478,pilot,A,finqa-train-002123,finqa,upstage,solar-pro3,1,success,200,,,1660,0,1660,65,1725,1134.76,0.000288,2026-07-21T02:44:02.620301+00:00,2026-07-21T02:44:03.754584+00:00
479,pilot,A,finqa-train-002159,finqa,upstage,solar-pro3,1,success,200,,,992,0,992,7,999,530.28,0.000153,2026-07-21T02:44:04.070849+00:00,2026-07-21T02:44:04.601313+00:00
480,pilot,A,finqa-train-002163,finqa,upstage,solar-pro3,1,success,200,,,1200,0,1200,129,1329,2084.26,0.0002574,2026-07-21T02:44:04.916386+00:00,2026-07-21T02:44:07.001235+00:00
481,pilot,A,finqa-train-002181,finqa,upstage,solar-pro3,1,success,200,,,1011,0,1011,8,1019,539.21,0.00015645,2026-07-21T02:44:07.316068+00:00,2026-07-21T02:44:07.855541+00:00
482,pilot,A,finqa-train-002189,finqa,upstage,solar-pro3,1,success,200,,,648,0,648,7,655,516.54,0.0001014,2026-07-21T02:44:08.170832+00:00,2026-07-21T02:44:08.687614+00:00
483,pilot,A,finqa-train-002260,finqa,upstage,solar-pro3,1,success,200,,,896,0,896,5,901,576.57,0.0001374,2026-07-21T02:44:09.003816+00:00,2026-07-21T02:44:09.579923+00:00
484,pilot,A,finqa-train-002276,finqa,upstage,solar-pro3,1,success,200,,,978,0,978,6,984,486.79,0.0001503,2026-07-21T02:44:09.895132+00:00,2026-07-21T02:44:10.381789+00:00
485,pilot,A,finqa-train-002410,finqa,upstage,solar-pro3,1,success,200,,,1092,0,1092,6,1098,515.0,0.0001674,2026-07-21T02:44:10.695846+00:00,2026-07-21T02:44:11.211063+00:00
486,pilot,A,finqa-train-002417,finqa,upstage,solar-pro3,1,success,200,,,1008,0,1008,5,1013,499.82,0.0001542,2026-07-21T02:44:11.527383+00:00,2026-07-21T02:44:12.026975+00:00
487,pilot,A,finqa-train-002428,finqa,upstage,solar-pro3,1,success,200,,,1029,0,1029,7,1036,1039.86,0.00015855,2026-07-21T02:44:12.345197+00:00,2026-07-21T02:44:13.384343+00:00
488,pilot,A,finqa-train-002431,finqa,upstage,solar-pro3,1,success,200,,,1273,0,1273,5,1278,521.74,0.00019395,2026-07-21T02:44:13.700092+00:00,2026-07-21T02:44:14.221716+00:00
489,pilot,A,finqa-train-002437,finqa,upstage,solar-pro3,1,success,200,,,1170,0,1170,191,1361,2530.06,0.0002901,2026-07-21T02:44:14.537720+00:00,2026-07-21T02:44:17.067573+00:00
490,pilot,A,finqa-train-002449,finqa,upstage,solar-pro3,1,success,200,,,878,0,878,9,887,528.28,0.0001371,2026-07-21T02:44:17.381646+00:00,2026-07-21T02:44:17.910137+00:00
491,pilot,A,finqa-train-002506,finqa,upstage,solar-pro3,1,success,200,,,1145,0,1145,12,1157,583.77,0.00017895,2026-07-21T02:44:18.226952+00:00,2026-07-21T02:44:18.810556+00:00
492,pilot,A,finqa-train-002527,finqa,upstage,solar-pro3,1,success,200,,,872,0,872,6,878,500.41,0.0001344,2026-07-21T02:44:19.128261+00:00,2026-07-21T02:44:19.629391+00:00
493,pilot,A,finqa-train-002546,finqa,upstage,solar-pro3,1,success,200,,,1350,0,1350,5,1355,476.99,0.0002055,2026-07-21T02:44:19.946605+00:00,2026-07-21T02:44:20.423520+00:00
494,pilot,A,finqa-train-002649,finqa,upstage,solar-pro3,1,success,200,,,1131,0,1131,6,1137,480.71,0.00017325,2026-07-21T02:44:20.737410+00:00,2026-07-21T02:44:21.218306+00:00
495,pilot,A,finqa-train-002689,finqa,upstage,solar-pro3,1,success,200,,,1401,0,1401,108,1509,1462.68,0.00027495,2026-07-21T02:44:21.532858+00:00,2026-07-21T02:44:22.995597+00:00
496,pilot,A,finqa-train-002747,finqa,upstage,solar-pro3,1,success,200,,,1451,0,1451,27,1478,795.94,0.00023385,2026-07-21T02:44:23.310352+00:00,2026-07-21T02:44:24.106375+00:00
497,pilot,A,finqa-train-002771,finqa,upstage,solar-pro3,1,success,200,,,1407,0,1407,113,1520,1655.78,0.00027885,2026-07-21T02:44:24.434868+00:00,2026-07-21T02:44:26.090563+00:00
498,pilot,A,finqa-train-002799,finqa,upstage,solar-pro3,1,success,200,,,728,0,728,86,814,1121.72,0.0001608,2026-07-21T02:44:26.405849+00:00,2026-07-21T02:44:27.527330+00:00
499,pilot,A,finqa-train-002812,finqa,upstage,solar-pro3,1,success,200,,,1274,0,1274,256,1530,2904.67,0.0003447,2026-07-21T02:44:27.844891+00:00,2026-07-21T02:44:30.749849+00:00
500,pilot,A,finqa-train-002880,finqa,upstage,solar-pro3,1,success,200,,,820,0,820,12,832,555.76,0.0001302,2026-07-21T02:44:31.064931+00:00,2026-07-21T02:44:31.620556+00:00
501,pilot,A,finqa-train-002884,finqa,upstage,solar-pro3,1,success,200,,,1148,0,1148,256,1404,2882.99,0.0003258,2026-07-21T02:44:31.936768+00:00,2026-07-21T02:44:34.819658+00:00
502,pilot,A,finqa-train-003143,finqa,upstage,solar-pro3,1,success,200,,,1773,0,1773,140,1913,1700.94,0.00034995,2026-07-21T02:44:35.134807+00:00,2026-07-21T02:44:36.836142+00:00
503,pilot,A,finqa-train-003289,finqa,upstage,solar-pro3,1,success,200,,,1511,0,1511,149,1660,2057.04,0.00031605,2026-07-21T02:44:37.152988+00:00,2026-07-21T02:44:39.210129+00:00
504,pilot,A,finqa-train-003319,finqa,upstage,solar-pro3,1,success,200,,,798,0,798,7,805,492.98,0.0001239,2026-07-21T02:44:39.525668+00:00,2026-07-21T02:44:40.018821+00:00
505,pilot,A,finqa-train-003383,finqa,upstage,solar-pro3,1,success,200,,,1683,0,1683,8,1691,520.52,0.00025725,2026-07-21T02:44:40.337398+00:00,2026-07-21T02:44:40.857811+00:00
506,pilot,A,finqa-train-003386,finqa,upstage,solar-pro3,1,success,200,,,1041,0,1041,5,1046,461.25,0.00015915,2026-07-21T02:44:41.174965+00:00,2026-07-21T02:44:41.636252+00:00
507,pilot,A,finqa-train-003428,finqa,upstage,solar-pro3,1,success,200,,,1181,0,1181,218,1399,2219.08,0.00030795,2026-07-21T02:44:41.951742+00:00,2026-07-21T02:44:44.171338+00:00
508,pilot,A,finqa-train-003474,finqa,upstage,solar-pro3,1,success,200,,,843,0,843,7,850,506.57,0.00013065,2026-07-21T02:44:44.491892+00:00,2026-07-21T02:44:44.997636+00:00
509,pilot,A,finqa-train-003520,finqa,upstage,solar-pro3,1,success,200,,,1197,0,1197,7,1204,538.25,0.00018375,2026-07-21T02:44:45.316505+00:00,2026-07-21T02:44:45.854861+00:00
510,pilot,A,finqa-train-003581,finqa,upstage,solar-pro3,1,success,200,,,1165,0,1165,7,1172,524.02,0.00017895,2026-07-21T02:44:46.172959+00:00,2026-07-21T02:44:46.696589+00:00
511,pilot,A,finqa-train-003625,finqa,upstage,solar-pro3,1,success,200,,,1301,0,1301,6,1307,516.17,0.00019875,2026-07-21T02:44:47.010835+00:00,2026-07-21T02:44:47.526454+00:00
512,pilot,A,finqa-train-003652,finqa,upstage,solar-pro3,1,success,200,,,2035,0,2035,172,2207,2273.37,0.00040845,2026-07-21T02:44:47.849385+00:00,2026-07-21T02:44:50.122925+00:00
513,pilot,A,finqa-train-003656,finqa,upstage,solar-pro3,1,success,200,,,1349,0,1349,6,1355,514.94,0.00020595,2026-07-21T02:44:50.438085+00:00,2026-07-21T02:44:50.952716+00:00
514,pilot,A,finqa-train-003817,finqa,upstage,solar-pro3,1,success,200,,,888,0,888,52,940,1017.86,0.0001644,2026-07-21T02:44:51.270449+00:00,2026-07-21T02:44:52.288651+00:00
515,pilot,A,finqa-train-003938,finqa,upstage,solar-pro3,1,success,200,,,1471,0,1471,97,1568,1724.03,0.00027885,2026-07-21T02:44:52.603671+00:00,2026-07-21T02:44:54.327407+00:00
516,pilot,A,finqa-train-003940,finqa,upstage,solar-pro3,1,success,200,,,1027,0,1027,76,1103,1227.18,0.00019965,2026-07-21T02:44:54.642567+00:00,2026-07-21T02:44:55.868971+00:00
517,pilot,A,finqa-train-003942,finqa,upstage,solar-pro3,1,success,200,,,863,0,863,58,921,1368.79,0.00016425,2026-07-21T02:44:56.185325+00:00,2026-07-21T02:44:57.554590+00:00
518,pilot,A,finqa-train-003943,finqa,upstage,solar-pro3,1,success,200,,,1369,0,1369,7,1376,539.08,0.00020955,2026-07-21T02:44:57.870355+00:00,2026-07-21T02:44:58.409265+00:00
519,pilot,A,finqa-train-003949,finqa,upstage,solar-pro3,1,success,200,,,911,0,911,6,917,1035.28,0.00014025,2026-07-21T02:44:58.724736+00:00,2026-07-21T02:44:59.760044+00:00
520,pilot,A,finqa-train-003954,finqa,upstage,solar-pro3,1,success,200,,,1010,0,1010,5,1015,536.46,0.0001545,2026-07-21T02:45:00.076597+00:00,2026-07-21T02:45:00.613015+00:00
521,pilot,A,finqa-train-003968,finqa,upstage,solar-pro3,1,success,200,,,778,0,778,3,781,486.05,0.0001185,2026-07-21T02:45:00.933036+00:00,2026-07-21T02:45:01.419030+00:00
522,pilot,A,finqa-train-004007,finqa,upstage,solar-pro3,1,success,200,,,776,0,776,6,782,508.81,0.00012,2026-07-21T02:45:01.734076+00:00,2026-07-21T02:45:02.243248+00:00
523,pilot,A,finqa-train-004036,finqa,upstage,solar-pro3,1,success,200,,,1493,0,1493,256,1749,3273.52,0.00037755,2026-07-21T02:45:02.750847+00:00,2026-07-21T02:45:06.024611+00:00
524,pilot,A,finqa-train-004101,finqa,upstage,solar-pro3,1,success,200,,,1040,0,1040,5,1045,526.05,0.000159,2026-07-21T02:45:06.339311+00:00,2026-07-21T02:45:06.865149+00:00
525,pilot,A,finqa-train-004135,finqa,upstage,solar-pro3,1,success,200,,,1142,0,1142,5,1147,510.4,0.0001743,2026-07-21T02:45:07.181922+00:00,2026-07-21T02:45:07.692548+00:00
526,pilot,A,finqa-train-004137,finqa,upstage,solar-pro3,1,success,200,,,1884,0,1884,110,1994,1621.18,0.0003486,2026-07-21T02:45:08.008768+00:00,2026-07-21T02:45:09.629590+00:00
527,pilot,A,finqa-train-004145,finqa,upstage,solar-pro3,1,success,200,,,1199,0,1199,6,1205,593.33,0.00018345,2026-07-21T02:45:09.944921+00:00,2026-07-21T02:45:10.538162+00:00
528,pilot,A,finqa-train-004151,finqa,upstage,solar-pro3,1,success,200,,,1085,0,1085,6,1091,528.26,0.00016635,2026-07-21T02:45:10.852700+00:00,2026-07-21T02:45:11.381392+00:00
529,pilot,A,finqa-train-004176,finqa,upstage,solar-pro3,1,success,200,,,1207,0,1207,5,1212,495.0,0.00018405,2026-07-21T02:45:11.696768+00:00,2026-07-21T02:45:12.192298+00:00
530,pilot,A,finqa-train-004304,finqa,upstage,solar-pro3,1,success,200,,,1217,0,1217,85,1302,1364.11,0.00023355,2026-07-21T02:45:12.506443+00:00,2026-07-21T02:45:13.870748+00:00
531,pilot,A,finqa-train-004390,finqa,upstage,solar-pro3,1,success,200,,,1082,0,1082,5,1087,510.3,0.0001653,2026-07-21T02:45:14.186194+00:00,2026-07-21T02:45:14.696233+00:00
532,pilot,A,finqa-train-004393,finqa,upstage,solar-pro3,1,success,200,,,1522,0,1522,104,1626,1572.78,0.0002907,2026-07-21T02:45:15.036804+00:00,2026-07-21T02:45:16.609012+00:00
533,pilot,A,finqa-train-004407,finqa,upstage,solar-pro3,1,success,200,,,1984,0,1984,8,1992,1084.33,0.0003024,2026-07-21T02:45:16.926629+00:00,2026-07-21T02:45:18.011100+00:00
534,pilot,A,finqa-train-004417,finqa,upstage,solar-pro3,1,success,200,,,1318,0,1318,256,1574,3419.95,0.0003513,2026-07-21T02:45:18.325698+00:00,2026-07-21T02:45:21.746719+00:00
535,pilot,A,finqa-train-004448,finqa,upstage,solar-pro3,1,success,200,,,903,0,903,14,917,584.9,0.00014385,2026-07-21T02:45:22.062232+00:00,2026-07-21T02:45:22.647102+00:00
536,pilot,A,finqa-train-004513,finqa,upstage,solar-pro3,1,success,200,,,840,0,840,256,1096,3370.32,0.0002796,2026-07-21T02:45:22.962590+00:00,2026-07-21T02:45:26.332830+00:00
537,pilot,A,finqa-train-004545,finqa,upstage,solar-pro3,1,success,200,,,1213,0,1213,4,1217,462.68,0.00018435,2026-07-21T02:45:26.651214+00:00,2026-07-21T02:45:27.114365+00:00
538,pilot,A,finqa-train-004562,finqa,upstage,solar-pro3,1,success,200,,,1150,0,1150,256,1406,2817.23,0.0003261,2026-07-21T02:45:27.429036+00:00,2026-07-21T02:45:30.246459+00:00
539,pilot,A,finqa-train-004590,finqa,upstage,solar-pro3,1,success,200,,,652,0,652,256,908,4420.87,0.0002514,2026-07-21T02:45:30.562935+00:00,2026-07-21T02:45:34.984164+00:00
540,pilot,A,finqa-train-004680,finqa,upstage,solar-pro3,1,success,200,,,723,0,723,15,738,622.61,0.00011745,2026-07-21T02:45:35.306587+00:00,2026-07-21T02:45:35.928922+00:00
541,pilot,A,finqa-train-004725,finqa,upstage,solar-pro3,1,success,200,,,949,0,949,6,955,476.64,0.00014595,2026-07-21T02:45:36.249535+00:00,2026-07-21T02:45:36.726326+00:00
542,pilot,A,finqa-train-004799,finqa,upstage,solar-pro3,1,success,200,,,888,0,888,8,896,509.85,0.000138,2026-07-21T02:45:37.044418+00:00,2026-07-21T02:45:37.554203+00:00
543,pilot,A,finqa-train-004800,finqa,upstage,solar-pro3,1,success,200,,,1194,0,1194,8,1202,549.81,0.0001839,2026-07-21T02:45:37.870993+00:00,2026-07-21T02:45:38.420259+00:00
544,pilot,A,finqa-train-004860,finqa,upstage,solar-pro3,1,success,200,,,743,0,743,6,749,483.13,0.00011505,2026-07-21T02:45:38.740397+00:00,2026-07-21T02:45:39.223457+00:00
545,pilot,A,finqa-train-004871,finqa,upstage,solar-pro3,1,success,200,,,1412,0,1412,256,1668,2802.32,0.0003654,2026-07-21T02:45:39.565486+00:00,2026-07-21T02:45:42.367598+00:00
546,pilot,A,finqa-train-004894,finqa,upstage,solar-pro3,1,success,200,,,1217,0,1217,256,1473,3016.02,0.00033615,2026-07-21T02:45:42.684411+00:00,2026-07-21T02:45:45.699983+00:00
547,pilot,A,finqa-train-004899,finqa,upstage,solar-pro3,1,success,200,,,1493,0,1493,256,1749,3334.73,0.00037755,2026-07-21T02:45:46.017267+00:00,2026-07-21T02:45:49.352195+00:00
548,pilot,A,finqa-train-004929,finqa,upstage,solar-pro3,1,success,200,,,858,0,858,8,866,496.53,0.0001335,2026-07-21T02:45:49.667433+00:00,2026-07-21T02:45:50.163595+00:00
549,pilot,A,finqa-train-004951,finqa,upstage,solar-pro3,1,success,200,,,1513,0,1513,7,1520,506.15,0.00023115,2026-07-21T02:45:50.481239+00:00,2026-07-21T02:45:50.987290+00:00
550,pilot,A,finqa-train-005000,finqa,upstage,solar-pro3,1,success,200,,,887,0,887,143,1030,1997.82,0.00021885,2026-07-21T02:45:51.303711+00:00,2026-07-21T02:45:53.301466+00:00
551,pilot,A,finqa-train-005047,finqa,upstage,solar-pro3,1,success,200,,,1029,0,1029,256,1285,2872.24,0.00030795,2026-07-21T02:45:53.618350+00:00,2026-07-21T02:45:56.490506+00:00
552,pilot,A,finqa-train-005118,finqa,upstage,solar-pro3,1,success,200,,,1339,0,1339,7,1346,522.25,0.00020505,2026-07-21T02:45:56.805252+00:00,2026-07-21T02:45:57.327863+00:00
553,pilot,A,finqa-train-005161,finqa,upstage,solar-pro3,1,success,200,,,855,0,855,94,949,1604.24,0.00018465,2026-07-21T02:45:57.642788+00:00,2026-07-21T02:45:59.247308+00:00
554,pilot,A,finqa-train-005186,finqa,upstage,solar-pro3,1,success,200,,,593,0,593,8,601,473.75,9.375e-05,2026-07-21T02:45:59.563669+00:00,2026-07-21T02:46:00.037612+00:00
555,pilot,A,finqa-train-005214,finqa,upstage,solar-pro3,1,success,200,,,1325,0,1325,7,1332,526.25,0.00020295,2026-07-21T02:46:00.354388+00:00,2026-07-21T02:46:00.880144+00:00
556,pilot,A,finqa-train-005259,finqa,upstage,solar-pro3,1,success,200,,,1058,0,1058,108,1166,1702.89,0.0002235,2026-07-21T02:46:01.195893+00:00,2026-07-21T02:46:02.898562+00:00
557,pilot,A,finqa-train-005286,finqa,upstage,solar-pro3,1,success,200,,,1555,0,1555,256,1811,2460.99,0.00038685,2026-07-21T02:46:03.219295+00:00,2026-07-21T02:46:05.680161+00:00
558,pilot,A,finqa-train-005376,finqa,upstage,solar-pro3,1,success,200,,,1014,0,1014,83,1097,1345.85,0.0002019,2026-07-21T02:46:05.997063+00:00,2026-07-21T02:46:07.342689+00:00
559,pilot,A,finqa-train-005462,finqa,upstage,solar-pro3,1,success,200,,,560,0,560,10,570,651.45,9e-05,2026-07-21T02:46:07.659788+00:00,2026-07-21T02:46:08.310965+00:00
560,pilot,A,finqa-train-005468,finqa,upstage,solar-pro3,1,success,200,,,1042,0,1042,6,1048,503.67,0.0001599,2026-07-21T02:46:08.627130+00:00,2026-07-21T02:46:09.130802+00:00
561,pilot,A,finqa-train-005721,finqa,upstage,solar-pro3,1,success,200,,,1273,0,1273,7,1280,529.54,0.00019515,2026-07-21T02:46:09.445989+00:00,2026-07-21T02:46:09.975445+00:00
562,pilot,A,finqa-train-005743,finqa,upstage,solar-pro3,1,success,200,,,1683,0,1683,7,1690,537.47,0.00025665,2026-07-21T02:46:10.292447+00:00,2026-07-21T02:46:10.829799+00:00
563,pilot,A,finqa-train-005747,finqa,upstage,solar-pro3,1,success,200,,,1133,0,1133,87,1220,1298.05,0.00022215,2026-07-21T02:46:11.144519+00:00,2026-07-21T02:46:12.442409+00:00
564,pilot,A,finqa-train-005749,finqa,upstage,solar-pro3,1,success,200,,,1302,0,1302,5,1307,508.24,0.0001983,2026-07-21T02:46:12.758312+00:00,2026-07-21T02:46:13.266136+00:00
565,pilot,A,finqa-train-005757,finqa,upstage,solar-pro3,1,success,200,,,1542,0,1542,20,1562,744.52,0.0002433,2026-07-21T02:46:13.580598+00:00,2026-07-21T02:46:14.325068+00:00
566,pilot,A,finqa-train-005765,finqa,upstage,solar-pro3,1,success,200,,,1187,0,1187,7,1194,510.4,0.00018225,2026-07-21T02:46:14.642853+00:00,2026-07-21T02:46:15.152988+00:00
567,pilot,A,finqa-train-005768,finqa,upstage,solar-pro3,1,success,200,,,1235,0,1235,6,1241,1005.16,0.00018885,2026-07-21T02:46:15.473115+00:00,2026-07-21T02:46:16.478245+00:00
568,pilot,A,finqa-train-005783,finqa,upstage,solar-pro3,1,success,200,,,1693,0,1693,40,1733,1415.28,0.00027795,2026-07-21T02:46:16.793195+00:00,2026-07-21T02:46:18.208227+00:00
569,pilot,A,finqa-train-005793,finqa,upstage,solar-pro3,1,success,200,,,1984,0,1984,9,1993,559.54,0.000303,2026-07-21T02:46:18.529459+00:00,2026-07-21T02:46:19.088863+00:00
570,pilot,A,finqa-train-005815,finqa,upstage,solar-pro3,1,success,200,,,1465,0,1465,25,1490,682.75,0.00023475,2026-07-21T02:46:19.403431+00:00,2026-07-21T02:46:20.085886+00:00
571,pilot,A,finqa-train-005834,finqa,upstage,solar-pro3,1,success,200,,,1519,0,1519,5,1524,502.11,0.00023085,2026-07-21T02:46:20.402276+00:00,2026-07-21T02:46:20.904123+00:00
572,pilot,A,finqa-train-005958,finqa,upstage,solar-pro3,1,success,200,,,1180,0,1180,144,1324,1823.7,0.0002634,2026-07-21T02:46:21.220205+00:00,2026-07-21T02:46:23.043343+00:00
573,pilot,A,finqa-train-006024,finqa,upstage,solar-pro3,1,success,200,,,1101,0,1101,74,1175,961.89,0.00020955,2026-07-21T02:46:23.360988+00:00,2026-07-21T02:46:24.323244+00:00
574,pilot,A,finqa-train-006042,finqa,upstage,solar-pro3,1,success,200,,,793,0,793,8,801,522.33,0.00012375,2026-07-21T02:46:24.639169+00:00,2026-07-21T02:46:25.161302+00:00
575,pilot,A,finqa-train-006106,finqa,upstage,solar-pro3,1,success,200,,,1740,0,1740,88,1828,1334.06,0.0003138,2026-07-21T02:46:25.477524+00:00,2026-07-21T02:46:26.811764+00:00
576,pilot,A,finqa-train-006150,finqa,upstage,solar-pro3,1,success,200,,,1147,0,1147,6,1153,498.55,0.00017565,2026-07-21T02:46:27.128987+00:00,2026-07-21T02:46:27.627325+00:00
577,pilot,A,finqa-train-006159,finqa,upstage,solar-pro3,1,success,200,,,1507,0,1507,98,1605,1344.29,0.00028485,2026-07-21T02:46:27.945565+00:00,2026-07-21T02:46:29.289784+00:00
578,pilot,A,finqa-train-006172,finqa,upstage,solar-pro3,1,success,200,,,1204,0,1204,6,1210,1041.53,0.0001842,2026-07-21T02:46:29.605159+00:00,2026-07-21T02:46:30.647033+00:00
579,pilot,A,finqa-train-006209,finqa,upstage,solar-pro3,1,success,200,,,1108,0,1108,8,1116,509.87,0.000171,2026-07-21T02:46:30.962652+00:00,2026-07-21T02:46:31.472123+00:00
580,pilot,A,finqa-valid-000036,finqa,upstage,solar-pro3,1,success,200,,,1169,0,1169,7,1176,515.06,0.00017955,2026-07-21T02:46:31.789196+00:00,2026-07-21T02:46:32.304052+00:00
581,pilot,A,finqa-valid-000037,finqa,upstage,solar-pro3,1,success,200,,,2211,0,2211,7,2218,533.39,0.00033585,2026-07-21T02:46:32.786594+00:00,2026-07-21T02:46:33.319686+00:00
582,pilot,A,finqa-valid-000051,finqa,upstage,solar-pro3,1,success,200,,,1010,0,1010,6,1016,497.31,0.0001551,2026-07-21T02:46:33.636555+00:00,2026-07-21T02:46:34.133291+00:00
583,pilot,A,finqa-valid-000064,finqa,upstage,solar-pro3,1,success,200,,,1293,0,1293,27,1320,690.1,0.00021015,2026-07-21T02:46:34.449001+00:00,2026-07-21T02:46:35.138144+00:00
584,pilot,A,finqa-valid-000146,finqa,upstage,solar-pro3,1,success,200,,,1540,0,1540,9,1549,546.41,0.0002364,2026-07-21T02:46:35.454024+00:00,2026-07-21T02:46:36.000157+00:00
585,pilot,A,finqa-valid-000154,finqa,upstage,solar-pro3,1,success,200,,,1275,0,1275,7,1282,528.7,0.00019545,2026-07-21T02:46:36.317173+00:00,2026-07-21T02:46:36.845002+00:00
586,pilot,A,finqa-valid-000273,finqa,upstage,solar-pro3,1,success,200,,,1084,0,1084,95,1179,1255.86,0.0002196,2026-07-21T02:46:37.160457+00:00,2026-07-21T02:46:38.415642+00:00
587,pilot,A,finqa-valid-000324,finqa,upstage,solar-pro3,1,success,200,,,740,0,740,8,748,519.0,0.0001158,2026-07-21T02:46:38.732697+00:00,2026-07-21T02:46:39.251575+00:00
588,pilot,A,finqa-valid-000340,finqa,upstage,solar-pro3,1,success,200,,,835,0,835,8,843,511.71,0.00013005,2026-07-21T02:46:39.593395+00:00,2026-07-21T02:46:40.105511+00:00
589,pilot,A,finqa-valid-000381,finqa,upstage,solar-pro3,1,success,200,,,1028,0,1028,7,1035,497.28,0.0001584,2026-07-21T02:46:40.420221+00:00,2026-07-21T02:46:40.918193+00:00
590,pilot,A,finqa-valid-000453,finqa,upstage,solar-pro3,1,success,200,,,755,0,755,61,816,887.38,0.00014985,2026-07-21T02:46:41.234852+00:00,2026-07-21T02:46:42.122013+00:00
591,pilot,A,finqa-valid-000458,finqa,upstage,solar-pro3,1,success,200,,,723,0,723,10,733,497.45,0.00011445,2026-07-21T02:46:42.440929+00:00,2026-07-21T02:46:42.938171+00:00
592,pilot,A,finqa-valid-000496,finqa,upstage,solar-pro3,1,success,200,,,1129,0,1129,131,1260,1379.48,0.00024795,2026-07-21T02:46:43.255367+00:00,2026-07-21T02:46:44.634464+00:00
593,pilot,A,finqa-valid-000542,finqa,upstage,solar-pro3,1,success,200,,,915,0,915,33,948,695.94,0.00015705,2026-07-21T02:46:44.950067+00:00,2026-07-21T02:46:45.646577+00:00
594,pilot,A,finqa-valid-000605,finqa,upstage,solar-pro3,1,success,200,,,632,0,632,8,640,508.65,9.96e-05,2026-07-21T02:46:45.961570+00:00,2026-07-21T02:46:46.470463+00:00
595,pilot,A,finqa-valid-000659,finqa,upstage,solar-pro3,1,success,200,,,1049,0,1049,8,1057,1056.29,0.00016215,2026-07-21T02:46:46.787214+00:00,2026-07-21T02:46:47.843492+00:00
596,pilot,A,finqa-valid-000709,finqa,upstage,solar-pro3,1,success,200,,,1190,0,1190,6,1196,571.02,0.0001821,2026-07-21T02:46:48.160013+00:00,2026-07-21T02:46:48.730762+00:00
597,pilot,A,finqa-valid-000730,finqa,upstage,solar-pro3,1,success,200,,,1281,0,1281,6,1287,2568.91,0.00019575,2026-07-21T02:46:49.047820+00:00,2026-07-21T02:46:51.617125+00:00
598,pilot,A,finqa-valid-000813,finqa,upstage,solar-pro3,1,success,200,,,1458,0,1458,5,1463,485.79,0.0002217,2026-07-21T02:46:51.931561+00:00,2026-07-21T02:46:52.417130+00:00
599,pilot,A,finqa-valid-000817,finqa,upstage,solar-pro3,1,success,200,,,1569,0,1569,7,1576,537.95,0.00023955,2026-07-21T02:46:52.734929+00:00,2026-07-21T02:46:53.273181+00:00
600,pilot,A,finqa-valid-000877,finqa,upstage,solar-pro3,1,success,200,,,1004,0,1004,256,1260,2401.37,0.0003042,2026-07-21T02:46:53.588149+00:00,2026-07-21T02:46:55.989666+00:00
601,pilot,A,financial_mmlu_ko-test-000002,financial_mmlu_ko,upstage,solar-pro3,1,success,200,,,208,0,208,3,211,408.57,3.3e-05,2026-07-21T02:46:56.305499+00:00,2026-07-21T02:46:56.713648+00:00
602,pilot,A,financial_mmlu_ko-test-000004,financial_mmlu_ko,upstage,solar-pro3,1,success,200,,,196,0,196,3,199,949.61,3.12e-05,2026-07-21T02:46:57.035012+00:00,2026-07-21T02:46:57.984235+00:00
603,pilot,A,financial_mmlu_ko-test-000007,financial_mmlu_ko,upstage,solar-pro3,1,success,200,,,181,0,181,3,184,410.36,2.895e-05,2026-07-21T02:46:58.301413+00:00,2026-07-21T02:46:58.711940+00:00
604,pilot,A,financial_mmlu_ko-test-000009,financial_mmlu_ko,upstage,solar-pro3,1,success,200,,,174,0,174,3,177,403.71,2.79e-05,2026-07-21T02:46:59.026565+00:00,2026-07-21T02:46:59.429621+00:00
605,pilot,A,financial_mmlu_ko-test-000010,financial_mmlu_ko,upstage,solar-pro3,1,success,200,,,195,0,195,3,198,976.62,3.105e-05,2026-07-21T02:46:59.744409+00:00,2026-07-21T02:47:00.720559+00:00
606,pilot,A,financial_mmlu_ko-test-000012,financial_mmlu_ko,upstage,solar-pro3,1,success,200,,,212,0,212,3,215,402.35,3.36e-05,2026-07-21T02:47:01.036047+00:00,2026-07-21T02:47:01.439496+00:00
607,pilot,A,financial_mmlu_ko-test-000013,financial_mmlu_ko,upstage,solar-pro3,1,success,200,,,206,0,206,3,209,399.6,3.27e-05,2026-07-21T02:47:01.755111+00:00,2026-07-21T02:47:02.155849+00:00
608,pilot,A,financial_mmlu_ko-test-000015,financial_mmlu_ko,upstage,solar-pro3,1,success,200,,,151,0,151,3,154,386.03,2.445e-05,2026-07-21T02:47:02.471141+00:00,2026-07-21T02:47:02.857704+00:00
609,pilot,A,financial_mmlu_ko-test-000020,financial_mmlu_ko,upstage,solar-pro3,1,success,200,,,157,0,157,3,160,429.92,2.535e-05,2026-07-21T02:47:03.173854+00:00,2026-07-21T02:47:03.603531+00:00
610,pilot,A,financial_mmlu_ko-test-000024,financial_mmlu_ko,upstage,solar-pro3,1,success,200,,,220,0,220,3,223,950.46,3.48e-05,2026-07-21T02:47:03.922228+00:00,2026-07-21T02:47:04.872416+00:00
611,pilot,A,financial_mmlu_ko-test-000025,financial_mmlu_ko,upstage,solar-pro3,1,success,200,,,212,0,212,3,215,400.54,3.36e-05,2026-07-21T02:47:05.188673+00:00,2026-07-21T02:47:05.589601+00:00
612,pilot,A,financial_mmlu_ko-test-000027,financial_mmlu_ko,upstage,solar-pro3,1,success,200,,,211,0,211,3,214,384.74,3.345e-05,2026-07-21T02:47:05.905469+00:00,2026-07-21T02:47:06.290550+00:00
613,pilot,A,financial_mmlu_ko-test-000028,financial_mmlu_ko,upstage,solar-pro3,1,success,200,,,217,0,217,3,220,380.83,3.435e-05,2026-07-21T02:47:06.605903+00:00,2026-07-21T02:47:06.986737+00:00
614,pilot,A,financial_mmlu_ko-test-000030,financial_mmlu_ko,upstage,solar-pro3,1,success,200,,,155,0,155,3,158,408.32,2.505e-05,2026-07-21T02:47:07.303780+00:00,2026-07-21T02:47:07.712256+00:00
615,pilot,A,financial_mmlu_ko-test-000031,financial_mmlu_ko,upstage,solar-pro3,1,success,200,,,167,0,167,3,170,422.1,2.685e-05,2026-07-21T02:47:08.029434+00:00,2026-07-21T02:47:08.452748+00:00
616,pilot,A,financial_mmlu_ko-test-000032,financial_mmlu_ko,upstage,solar-pro3,1,success,200,,,161,0,161,3,164,402.45,2.595e-05,2026-07-21T02:47:08.768606+00:00,2026-07-21T02:47:09.171438+00:00
617,pilot,A,financial_mmlu_ko-test-000033,financial_mmlu_ko,upstage,solar-pro3,1,success,200,,,204,0,204,3,207,401.05,3.24e-05,2026-07-21T02:47:09.487060+00:00,2026-07-21T02:47:09.887988+00:00
618,pilot,A,financial_mmlu_ko-test-000035,financial_mmlu_ko,upstage,solar-pro3,1,success,200,,,180,0,180,3,183,401.53,2.88e-05,2026-07-21T02:47:10.204652+00:00,2026-07-21T02:47:10.606389+00:00
619,pilot,A,financial_mmlu_ko-test-000036,financial_mmlu_ko,upstage,solar-pro3,1,success,200,,,174,0,174,3,177,386.31,2.79e-05,2026-07-21T02:47:10.920620+00:00,2026-07-21T02:47:11.307219+00:00
620,pilot,A,financial_mmlu_ko-test-000038,financial_mmlu_ko,upstage,solar-pro3,1,success,200,,,200,0,200,3,203,462.45,3.18e-05,2026-07-21T02:47:11.623745+00:00,2026-07-21T02:47:12.086628+00:00
621,pilot,A,financial_mmlu_ko-test-000040,financial_mmlu_ko,upstage,solar-pro3,1,success,200,,,189,0,189,3,192,404.89,3.015e-05,2026-07-21T02:47:12.402085+00:00,2026-07-21T02:47:12.807279+00:00
622,pilot,A,financial_mmlu_ko-test-000041,financial_mmlu_ko,upstage,solar-pro3,1,success,200,,,162,0,162,3,165,478.85,2.61e-05,2026-07-21T02:47:13.122204+00:00,2026-07-21T02:47:13.601696+00:00
623,pilot,A,financial_mmlu_ko-test-000043,financial_mmlu_ko,upstage,solar-pro3,1,success,200,,,191,0,191,3,194,396.82,3.045e-05,2026-07-21T02:47:13.918338+00:00,2026-07-21T02:47:14.314620+00:00
624,pilot,A,financial_mmlu_ko-test-000044,financial_mmlu_ko,upstage,solar-pro3,1,success,200,,,189,0,189,3,192,816.46,3.015e-05,2026-07-21T02:47:14.631802+00:00,2026-07-21T02:47:15.448370+00:00
625,pilot,A,financial_mmlu_ko-test-000048,financial_mmlu_ko,upstage,solar-pro3,1,success,200,,,169,0,169,3,172,965.31,2.715e-05,2026-07-21T02:47:15.764655+00:00,2026-07-21T02:47:16.729660+00:00
626,pilot,A,financial_mmlu_ko-test-000052,financial_mmlu_ko,upstage,solar-pro3,1,success,200,,,170,0,170,3,173,479.41,2.73e-05,2026-07-21T02:47:17.045515+00:00,2026-07-21T02:47:17.525102+00:00
627,pilot,A,financial_mmlu_ko-test-000054,financial_mmlu_ko,upstage,solar-pro3,1,success,200,,,160,0,160,3,163,396.42,2.58e-05,2026-07-21T02:47:17.848036+00:00,2026-07-21T02:47:18.244158+00:00
628,pilot,A,financial_mmlu_ko-test-000057,financial_mmlu_ko,upstage,solar-pro3,1,success,200,,,189,0,189,3,192,403.09,3.015e-05,2026-07-21T02:47:18.562489+00:00,2026-07-21T02:47:18.966073+00:00
629,pilot,A,financial_mmlu_ko-test-000059,financial_mmlu_ko,upstage,solar-pro3,1,success,200,,,150,0,150,3,153,387.72,2.43e-05,2026-07-21T02:47:19.281925+00:00,2026-07-21T02:47:19.669827+00:00
630,pilot,A,financial_mmlu_ko-test-000065,financial_mmlu_ko,upstage,solar-pro3,1,success,200,,,185,0,185,3,188,392.37,2.955e-05,2026-07-21T02:47:19.986870+00:00,2026-07-21T02:47:20.379159+00:00
631,pilot,A,financial_mmlu_ko-test-000068,financial_mmlu_ko,upstage,solar-pro3,1,success,200,,,151,0,151,3,154,412.39,2.445e-05,2026-07-21T02:47:20.696512+00:00,2026-07-21T02:47:21.108848+00:00
632,pilot,A,financial_mmlu_ko-test-000070,financial_mmlu_ko,upstage,solar-pro3,1,success,200,,,196,0,196,3,199,402.35,3.12e-05,2026-07-21T02:47:21.424494+00:00,2026-07-21T02:47:21.827885+00:00
633,pilot,A,financial_mmlu_ko-test-000079,financial_mmlu_ko,upstage,solar-pro3,1,success,200,,,155,0,155,3,158,390.76,2.505e-05,2026-07-21T02:47:22.145583+00:00,2026-07-21T02:47:22.537139+00:00
634,pilot,A,financial_mmlu_ko-test-000083,financial_mmlu_ko,upstage,solar-pro3,1,success,200,,,183,0,183,3,186,384.89,2.925e-05,2026-07-21T02:47:22.852569+00:00,2026-07-21T02:47:23.237662+00:00
635,pilot,A,financial_mmlu_ko-test-000088,financial_mmlu_ko,upstage,solar-pro3,1,success,200,,,147,0,147,3,150,400.95,2.385e-05,2026-07-21T02:47:23.554646+00:00,2026-07-21T02:47:23.955024+00:00
636,pilot,A,financial_mmlu_ko-test-000091,financial_mmlu_ko,upstage,solar-pro3,1,success,200,,,159,0,159,3,162,392.38,2.565e-05,2026-07-21T02:47:24.271865+00:00,2026-07-21T02:47:24.663675+00:00
637,pilot,A,financial_mmlu_ko-test-000092,financial_mmlu_ko,upstage,solar-pro3,1,success,200,,,161,0,161,3,164,405.85,2.595e-05,2026-07-21T02:47:24.980067+00:00,2026-07-21T02:47:25.385970+00:00
638,pilot,A,financial_mmlu_ko-test-000095,financial_mmlu_ko,upstage,solar-pro3,1,success,200,,,204,0,204,3,207,392.4,3.24e-05,2026-07-21T02:47:25.702618+00:00,2026-07-21T02:47:26.094691+00:00
639,pilot,A,financial_mmlu_ko-test-000096,financial_mmlu_ko,upstage,solar-pro3,1,success,200,,,171,0,171,3,174,407.9,2.745e-05,2026-07-21T02:47:26.410786+00:00,2026-07-21T02:47:26.819336+00:00
640,pilot,A,financial_mmlu_ko-test-000097,financial_mmlu_ko,upstage,solar-pro3,1,success,200,,,156,0,156,3,159,389.86,2.52e-05,2026-07-21T02:47:27.133690+00:00,2026-07-21T02:47:27.523492+00:00
641,pilot,A,financial_mmlu_ko-test-000100,financial_mmlu_ko,upstage,solar-pro3,1,success,200,,,146,0,146,3,149,387.04,2.37e-05,2026-07-21T02:47:27.838717+00:00,2026-07-21T02:47:28.226063+00:00
642,pilot,A,financial_mmlu_ko-test-000102,financial_mmlu_ko,upstage,solar-pro3,1,success,200,,,148,0,148,3,151,399.68,2.4e-05,2026-07-21T02:47:28.542468+00:00,2026-07-21T02:47:28.942553+00:00
643,pilot,A,financial_mmlu_ko-test-000104,financial_mmlu_ko,upstage,solar-pro3,1,success,200,,,183,0,183,3,186,403.23,2.925e-05,2026-07-21T02:47:29.258460+00:00,2026-07-21T02:47:29.661406+00:00
644,pilot,A,financial_mmlu_ko-test-000105,financial_mmlu_ko,upstage,solar-pro3,1,success,200,,,164,0,164,3,167,413.3,2.64e-05,2026-07-21T02:47:29.976209+00:00,2026-07-21T02:47:30.390247+00:00
645,pilot,A,financial_mmlu_ko-test-000106,financial_mmlu_ko,upstage,solar-pro3,1,success,200,,,192,0,192,3,195,395.2,3.06e-05,2026-07-21T02:47:30.706121+00:00,2026-07-21T02:47:31.101674+00:00
646,pilot,A,financial_mmlu_ko-test-000108,financial_mmlu_ko,upstage,solar-pro3,1,success,200,,,238,0,238,3,241,404.99,3.75e-05,2026-07-21T02:47:31.428471+00:00,2026-07-21T02:47:31.833661+00:00
647,pilot,A,financial_mmlu_ko-test-000109,financial_mmlu_ko,upstage,solar-pro3,1,success,200,,,172,0,172,3,175,951.61,2.76e-05,2026-07-21T02:47:32.150973+00:00,2026-07-21T02:47:33.102333+00:00
648,pilot,A,financial_mmlu_ko-test-000113,financial_mmlu_ko,upstage,solar-pro3,1,success,200,,,187,0,187,3,190,394.45,2.985e-05,2026-07-21T02:47:33.419816+00:00,2026-07-21T02:47:33.814382+00:00
649,pilot,A,financial_mmlu_ko-test-000116,financial_mmlu_ko,upstage,solar-pro3,1,success,200,,,182,0,182,3,185,398.35,2.91e-05,2026-07-21T02:47:34.130239+00:00,2026-07-21T02:47:34.527691+00:00
650,pilot,A,financial_mmlu_ko-test-000117,financial_mmlu_ko,upstage,solar-pro3,1,success,200,,,185,0,185,3,188,954.58,2.955e-05,2026-07-21T02:47:34.844749+00:00,2026-07-21T02:47:35.799697+00:00
651,pilot,A,financial_mmlu_ko-test-000118,financial_mmlu_ko,upstage,solar-pro3,1,success,200,,,203,0,203,3,206,391.1,3.225e-05,2026-07-21T02:47:36.115482+00:00,2026-07-21T02:47:36.506693+00:00
652,pilot,A,financial_mmlu_ko-test-000120,financial_mmlu_ko,upstage,solar-pro3,1,success,200,,,201,0,201,3,204,478.39,3.195e-05,2026-07-21T02:47:36.824094+00:00,2026-07-21T02:47:37.301545+00:00
653,pilot,A,financial_mmlu_ko-test-000121,financial_mmlu_ko,upstage,solar-pro3,1,success,200,,,155,0,155,3,158,408.01,2.505e-05,2026-07-21T02:47:37.619764+00:00,2026-07-21T02:47:38.026930+00:00
654,pilot,A,financial_mmlu_ko-test-000124,financial_mmlu_ko,upstage,solar-pro3,1,success,200,,,211,0,211,3,214,420.64,3.345e-05,2026-07-21T02:47:38.343517+00:00,2026-07-21T02:47:38.764743+00:00
655,pilot,A,financial_mmlu_ko-test-000126,financial_mmlu_ko,upstage,solar-pro3,1,success,200,,,156,0,156,3,159,946.63,2.52e-05,2026-07-21T02:47:39.080892+00:00,2026-07-21T02:47:40.026966+00:00
656,pilot,A,financial_mmlu_ko-test-000128,financial_mmlu_ko,upstage,solar-pro3,1,success,200,,,212,0,212,3,215,399.89,3.36e-05,2026-07-21T02:47:40.343442+00:00,2026-07-21T02:47:40.743015+00:00
657,pilot,A,financial_mmlu_ko-test-000130,financial_mmlu_ko,upstage,solar-pro3,1,success,200,,,172,0,172,3,175,392.33,2.76e-05,2026-07-21T02:47:41.059220+00:00,2026-07-21T02:47:41.452209+00:00
658,pilot,A,financial_mmlu_ko-test-000131,financial_mmlu_ko,upstage,solar-pro3,1,success,200,,,203,0,203,3,206,405.36,3.225e-05,2026-07-21T02:47:41.768374+00:00,2026-07-21T02:47:42.173377+00:00
659,pilot,A,financial_mmlu_ko-test-000134,financial_mmlu_ko,upstage,solar-pro3,1,success,200,,,201,0,201,3,204,395.33,3.195e-05,2026-07-21T02:47:42.489950+00:00,2026-07-21T02:47:42.884698+00:00
660,pilot,A,financial_mmlu_ko-test-000136,financial_mmlu_ko,upstage,solar-pro3,1,success,200,,,195,0,195,3,198,407.9,3.105e-05,2026-07-21T02:47:43.201393+00:00,2026-07-21T02:47:43.609857+00:00
661,pilot,A,financial_mmlu_ko-test-000138,financial_mmlu_ko,upstage,solar-pro3,1,success,200,,,181,0,181,3,184,394.13,2.895e-05,2026-07-21T02:47:43.926962+00:00,2026-07-21T02:47:44.320901+00:00
662,pilot,A,financial_mmlu_ko-test-000141,financial_mmlu_ko,upstage,solar-pro3,1,success,200,,,182,0,182,3,185,389.84,2.91e-05,2026-07-21T02:47:44.637050+00:00,2026-07-21T02:47:45.027750+00:00
663,pilot,A,financial_mmlu_ko-test-000143,financial_mmlu_ko,upstage,solar-pro3,1,success,200,,,183,0,183,3,186,1299.41,2.925e-05,2026-07-21T02:47:45.343221+00:00,2026-07-21T02:47:46.643033+00:00
664,pilot,A,financial_mmlu_ko-test-000145,financial_mmlu_ko,upstage,solar-pro3,1,success,200,,,180,0,180,3,183,960.05,2.88e-05,2026-07-21T02:47:46.960904+00:00,2026-07-21T02:47:47.920989+00:00
665,pilot,A,financial_mmlu_ko-test-000147,financial_mmlu_ko,upstage,solar-pro3,1,success,200,,,216,0,216,3,219,401.1,3.42e-05,2026-07-21T02:47:48.238558+00:00,2026-07-21T02:47:48.639346+00:00
666,pilot,A,financial_mmlu_ko-test-000151,financial_mmlu_ko,upstage,solar-pro3,1,success,200,,,151,0,151,3,154,393.75,2.445e-05,2026-07-21T02:47:48.959110+00:00,2026-07-21T02:47:49.352281+00:00
667,pilot,A,financial_mmlu_ko-test-000152,financial_mmlu_ko,upstage,solar-pro3,1,success,200,,,199,0,199,3,202,391.96,3.165e-05,2026-07-21T02:47:49.667667+00:00,2026-07-21T02:47:50.059530+00:00
668,pilot,A,financial_mmlu_ko-test-000153,financial_mmlu_ko,upstage,solar-pro3,1,success,200,,,203,0,203,3,206,387.04,3.225e-05,2026-07-21T02:47:50.376591+00:00,2026-07-21T02:47:50.763333+00:00
669,pilot,A,financial_mmlu_ko-test-000156,financial_mmlu_ko,upstage,solar-pro3,1,success,200,,,224,0,224,3,227,393.89,3.54e-05,2026-07-21T02:47:51.079172+00:00,2026-07-21T02:47:51.472993+00:00
670,pilot,A,financial_mmlu_ko-test-000158,financial_mmlu_ko,upstage,solar-pro3,1,success,200,,,203,0,203,3,206,399.6,3.225e-05,2026-07-21T02:47:51.790204+00:00,2026-07-21T02:47:52.190249+00:00
671,pilot,A,financial_mmlu_ko-test-000160,financial_mmlu_ko,upstage,solar-pro3,1,success,200,,,187,0,187,3,190,407.89,2.985e-05,2026-07-21T02:47:52.505772+00:00,2026-07-21T02:47:52.913289+00:00
672,pilot,A,financial_mmlu_ko-test-000161,financial_mmlu_ko,upstage,solar-pro3,1,success,200,,,182,0,182,3,185,387.02,2.91e-05,2026-07-21T02:47:53.229090+00:00,2026-07-21T02:47:53.615711+00:00
673,pilot,A,financial_mmlu_ko-test-000162,financial_mmlu_ko,upstage,solar-pro3,1,success,200,,,201,0,201,3,204,394.19,3.195e-05,2026-07-21T02:47:53.932431+00:00,2026-07-21T02:47:54.326795+00:00
674,pilot,A,financial_mmlu_ko-test-000164,financial_mmlu_ko,upstage,solar-pro3,1,success,200,,,223,0,223,3,226,407.92,3.525e-05,2026-07-21T02:47:54.676460+00:00,2026-07-21T02:47:55.084101+00:00
675,pilot,A,financial_mmlu_ko-test-000167,financial_mmlu_ko,upstage,solar-pro3,1,success,200,,,177,0,177,3,180,422.97,2.835e-05,2026-07-21T02:47:55.402934+00:00,2026-07-21T02:47:55.825230+00:00
676,pilot,A,financial_mmlu_ko-test-000169,financial_mmlu_ko,upstage,solar-pro3,1,success,200,,,196,0,196,3,199,965.96,3.12e-05,2026-07-21T02:47:56.140038+00:00,2026-07-21T02:47:57.105759+00:00
677,pilot,A,financial_mmlu_ko-test-000172,financial_mmlu_ko,upstage,solar-pro3,1,success,200,,,229,0,229,3,232,557.43,3.615e-05,2026-07-21T02:47:57.424699+00:00,2026-07-21T02:47:57.981434+00:00
678,pilot,A,financial_mmlu_ko-test-000173,financial_mmlu_ko,upstage,solar-pro3,1,success,200,,,234,0,234,3,237,924.55,3.69e-05,2026-07-21T02:47:58.297837+00:00,2026-07-21T02:47:59.222723+00:00
679,pilot,A,financial_mmlu_ko-test-000175,financial_mmlu_ko,upstage,solar-pro3,1,success,200,,,183,0,183,3,186,393.19,2.925e-05,2026-07-21T02:47:59.537990+00:00,2026-07-21T02:47:59.931400+00:00
680,pilot,A,financial_mmlu_ko-test-000177,financial_mmlu_ko,upstage,solar-pro3,1,success,200,,,226,0,226,3,229,413.89,3.57e-05,2026-07-21T02:48:00.250198+00:00,2026-07-21T02:48:00.663904+00:00
681,pilot,A,financial_mmlu_ko-test-000181,financial_mmlu_ko,upstage,solar-pro3,1,success,200,,,226,0,226,3,229,402.74,3.57e-05,2026-07-21T02:48:00.981504+00:00,2026-07-21T02:48:01.384634+00:00
682,pilot,A,financial_mmlu_ko-test-000182,financial_mmlu_ko,upstage,solar-pro3,1,success,200,,,182,0,182,3,185,393.35,2.91e-05,2026-07-21T02:48:01.699778+00:00,2026-07-21T02:48:02.093152+00:00
683,pilot,A,financial_mmlu_ko-test-000188,financial_mmlu_ko,upstage,solar-pro3,1,success,200,,,167,0,167,3,170,400.59,2.685e-05,2026-07-21T02:48:02.543162+00:00,2026-07-21T02:48:02.943672+00:00
684,pilot,A,financial_mmlu_ko-test-000192,financial_mmlu_ko,upstage,solar-pro3,1,success,200,,,187,0,187,3,190,405.43,2.985e-05,2026-07-21T02:48:03.260122+00:00,2026-07-21T02:48:03.666071+00:00
685,pilot,A,financial_mmlu_ko-test-000193,financial_mmlu_ko,upstage,solar-pro3,1,success,200,,,207,0,207,3,210,943.62,3.285e-05,2026-07-21T02:48:03.981657+00:00,2026-07-21T02:48:04.925081+00:00
686,pilot,A,financial_mmlu_ko-test-000194,financial_mmlu_ko,upstage,solar-pro3,1,success,200,,,197,0,197,3,200,390.87,3.135e-05,2026-07-21T02:48:05.242048+00:00,2026-07-21T02:48:05.632870+00:00
687,pilot,A,financial_mmlu_ko-test-000197,financial_mmlu_ko,upstage,solar-pro3,1,success,200,,,220,0,220,3,223,402.7,3.48e-05,2026-07-21T02:48:05.949347+00:00,2026-07-21T02:48:06.352808+00:00
688,pilot,A,financial_mmlu_ko-test-000200,financial_mmlu_ko,upstage,solar-pro3,1,success,200,,,195,0,195,3,198,389.66,3.105e-05,2026-07-21T02:48:06.668289+00:00,2026-07-21T02:48:07.058528+00:00
689,pilot,A,financial_mmlu_ko-test-000203,financial_mmlu_ko,upstage,solar-pro3,1,success,200,,,179,0,179,3,182,399.79,2.865e-05,2026-07-21T02:48:07.374591+00:00,2026-07-21T02:48:07.774280+00:00
690,pilot,A,financial_mmlu_ko-test-000210,financial_mmlu_ko,upstage,solar-pro3,1,success,200,,,196,0,196,3,199,401.95,3.12e-05,2026-07-21T02:48:08.091265+00:00,2026-07-21T02:48:08.493165+00:00
691,pilot,A,financial_mmlu_ko-test-000214,financial_mmlu_ko,upstage,solar-pro3,1,success,200,,,207,0,207,3,210,937.19,3.285e-05,2026-07-21T02:48:08.808735+00:00,2026-07-21T02:48:09.746406+00:00
692,pilot,A,financial_mmlu_ko-test-000216,financial_mmlu_ko,upstage,solar-pro3,1,success,200,,,200,0,200,3,203,490.13,3.18e-05,2026-07-21T02:48:10.062343+00:00,2026-07-21T02:48:10.552659+00:00
693,pilot,A,financial_mmlu_ko-test-000219,financial_mmlu_ko,upstage,solar-pro3,1,success,200,,,198,0,198,3,201,411.29,3.15e-05,2026-07-21T02:48:10.867813+00:00,2026-07-21T02:48:11.279282+00:00
694,pilot,A,financial_mmlu_ko-test-000221,financial_mmlu_ko,upstage,solar-pro3,1,success,200,,,156,0,156,3,159,380.15,2.52e-05,2026-07-21T02:48:11.597866+00:00,2026-07-21T02:48:11.978284+00:00
695,pilot,A,financial_mmlu_ko-test-000223,financial_mmlu_ko,upstage,solar-pro3,1,success,200,,,210,0,210,3,213,413.09,3.33e-05,2026-07-21T02:48:12.294118+00:00,2026-07-21T02:48:12.707673+00:00
696,pilot,A,financial_mmlu_ko-test-000224,financial_mmlu_ko,upstage,solar-pro3,1,success,200,,,195,0,195,3,198,389.16,3.105e-05,2026-07-21T02:48:13.024261+00:00,2026-07-21T02:48:13.413829+00:00
697,pilot,A,financial_mmlu_ko-test-000225,financial_mmlu_ko,upstage,solar-pro3,1,success,200,,,184,0,184,3,187,418.07,2.94e-05,2026-07-21T02:48:13.728110+00:00,2026-07-21T02:48:14.146445+00:00
698,pilot,A,financial_mmlu_ko-test-000227,financial_mmlu_ko,upstage,solar-pro3,1,success,200,,,172,0,172,3,175,387.89,2.76e-05,2026-07-21T02:48:14.461169+00:00,2026-07-21T02:48:14.849213+00:00
699,pilot,A,financial_mmlu_ko-test-000229,financial_mmlu_ko,upstage,solar-pro3,1,success,200,,,197,0,197,3,200,405.58,3.135e-05,2026-07-21T02:48:15.165449+00:00,2026-07-21T02:48:15.570203+00:00
700,pilot,A,financial_mmlu_ko-test-000230,financial_mmlu_ko,upstage,solar-pro3,1,success,200,,,193,0,193,3,196,413.36,3.075e-05,2026-07-21T02:48:15.888372+00:00,2026-07-21T02:48:16.301240+00:00
701,pilot,A,financial_mmlu_ko-test-000234,financial_mmlu_ko,upstage,solar-pro3,1,success,200,,,212,0,212,3,215,401.75,3.36e-05,2026-07-21T02:48:16.617959+00:00,2026-07-21T02:48:17.020171+00:00
702,pilot,A,financial_mmlu_ko-test-000235,financial_mmlu_ko,upstage,solar-pro3,1,success,200,,,221,0,221,3,224,408.13,3.495e-05,2026-07-21T02:48:17.337202+00:00,2026-07-21T02:48:17.744518+00:00
703,pilot,A,financial_mmlu_ko-test-000236,financial_mmlu_ko,upstage,solar-pro3,1,success,200,,,200,0,200,3,203,394.46,3.18e-05,2026-07-21T02:48:18.062014+00:00,2026-07-21T02:48:18.455914+00:00
704,pilot,A,financial_mmlu_ko-test-000237,financial_mmlu_ko,upstage,solar-pro3,1,success,200,,,201,0,201,3,204,402.63,3.195e-05,2026-07-21T02:48:18.773522+00:00,2026-07-21T02:48:19.176685+00:00
705,pilot,A,financial_mmlu_ko-test-000241,financial_mmlu_ko,upstage,solar-pro3,1,success,200,,,146,0,146,3,149,396.35,2.37e-05,2026-07-21T02:48:19.492649+00:00,2026-07-21T02:48:19.889488+00:00
706,pilot,A,financial_mmlu_ko-test-000242,financial_mmlu_ko,upstage,solar-pro3,1,success,200,,,181,0,181,3,184,415.86,2.895e-05,2026-07-21T02:48:20.205377+00:00,2026-07-21T02:48:20.620850+00:00
707,pilot,A,financial_mmlu_ko-test-000243,financial_mmlu_ko,upstage,solar-pro3,1,success,200,,,202,0,202,3,205,403.56,3.21e-05,2026-07-21T02:48:20.936718+00:00,2026-07-21T02:48:21.340600+00:00
708,pilot,A,financial_mmlu_ko-test-000244,financial_mmlu_ko,upstage,solar-pro3,1,success,200,,,208,0,208,3,211,410.46,3.3e-05,2026-07-21T02:48:21.667494+00:00,2026-07-21T02:48:22.077669+00:00
709,pilot,A,financial_mmlu_ko-test-000245,financial_mmlu_ko,upstage,solar-pro3,1,success,200,,,195,0,195,3,198,391.87,3.105e-05,2026-07-21T02:48:22.393582+00:00,2026-07-21T02:48:22.785615+00:00
710,pilot,A,financial_mmlu_ko-test-000246,financial_mmlu_ko,upstage,solar-pro3,1,success,200,,,194,0,194,3,197,987.7,3.09e-05,2026-07-21T02:48:23.103138+00:00,2026-07-21T02:48:24.089989+00:00
711,pilot,A,financial_mmlu_ko-test-000247,financial_mmlu_ko,upstage,solar-pro3,1,success,200,,,214,0,214,3,217,415.34,3.39e-05,2026-07-21T02:48:24.407398+00:00,2026-07-21T02:48:24.823187+00:00
712,pilot,A,financial_mmlu_ko-test-000249,financial_mmlu_ko,upstage,solar-pro3,1,success,200,,,153,0,153,3,156,371.9,2.475e-05,2026-07-21T02:48:25.139119+00:00,2026-07-21T02:48:25.510768+00:00
713,pilot,A,financial_mmlu_ko-test-000252,financial_mmlu_ko,upstage,solar-pro3,1,success,200,,,202,0,202,3,205,415.47,3.21e-05,2026-07-21T02:48:25.825563+00:00,2026-07-21T02:48:26.240744+00:00
714,pilot,A,financial_mmlu_ko-test-000253,financial_mmlu_ko,upstage,solar-pro3,1,success,200,,,201,0,201,3,204,408.0,3.195e-05,2026-07-21T02:48:26.558893+00:00,2026-07-21T02:48:26.967806+00:00
715,pilot,A,financial_mmlu_ko-test-000257,financial_mmlu_ko,upstage,solar-pro3,1,success,200,,,212,0,212,3,215,395.65,3.36e-05,2026-07-21T02:48:27.302621+00:00,2026-07-21T02:48:27.698280+00:00
716,pilot,A,financial_mmlu_ko-test-000259,financial_mmlu_ko,upstage,solar-pro3,1,success,200,,,207,0,207,3,210,390.07,3.285e-05,2026-07-21T02:48:28.014036+00:00,2026-07-21T02:48:28.403901+00:00
717,pilot,A,financial_mmlu_ko-test-000260,financial_mmlu_ko,upstage,solar-pro3,1,success,200,,,172,0,172,3,175,396.9,2.76e-05,2026-07-21T02:48:28.721338+00:00,2026-07-21T02:48:29.118403+00:00
718,pilot,A,financial_mmlu_ko-test-000262,financial_mmlu_ko,upstage,solar-pro3,1,success,200,,,181,0,181,3,184,385.27,2.895e-05,2026-07-21T02:48:29.434820+00:00,2026-07-21T02:48:29.820189+00:00
719,pilot,A,financial_mmlu_ko-test-000264,financial_mmlu_ko,upstage,solar-pro3,1,success,200,,,172,0,172,3,175,398.89,2.76e-05,2026-07-21T02:48:30.154470+00:00,2026-07-21T02:48:30.553308+00:00
720,pilot,A,financial_mmlu_ko-test-000268,financial_mmlu_ko,upstage,solar-pro3,1,success,200,,,205,0,205,3,208,402.21,3.255e-05,2026-07-21T02:48:30.869452+00:00,2026-07-21T02:48:31.272584+00:00
721,pilot,A,financial_mmlu_ko-test-000270,financial_mmlu_ko,upstage,solar-pro3,1,success,200,,,201,0,201,3,204,393.58,3.195e-05,2026-07-21T02:48:31.587642+00:00,2026-07-21T02:48:31.981754+00:00
722,pilot,A,financial_mmlu_ko-test-000271,financial_mmlu_ko,upstage,solar-pro3,1,success,200,,,187,0,187,3,190,384.15,2.985e-05,2026-07-21T02:48:32.298503+00:00,2026-07-21T02:48:32.682708+00:00
723,pilot,A,financial_mmlu_ko-test-000273,financial_mmlu_ko,upstage,solar-pro3,1,success,200,,,181,0,181,3,184,518.69,2.895e-05,2026-07-21T02:48:33.007456+00:00,2026-07-21T02:48:33.525315+00:00
724,pilot,A,financial_mmlu_ko-test-000274,financial_mmlu_ko,upstage,solar-pro3,1,success,200,,,212,0,212,3,215,395.61,3.36e-05,2026-07-21T02:48:33.842130+00:00,2026-07-21T02:48:34.237906+00:00
725,pilot,A,financial_mmlu_ko-test-000275,financial_mmlu_ko,upstage,solar-pro3,1,success,200,,,178,0,178,3,181,399.05,2.85e-05,2026-07-21T02:48:34.555066+00:00,2026-07-21T02:48:34.953759+00:00
726,pilot,A,financial_mmlu_ko-test-000279,financial_mmlu_ko,upstage,solar-pro3,1,success,200,,,164,0,164,3,167,465.58,2.64e-05,2026-07-21T02:48:35.271401+00:00,2026-07-21T02:48:35.737663+00:00
727,pilot,A,financial_mmlu_ko-test-000281,financial_mmlu_ko,upstage,solar-pro3,1,success,200,,,201,0,201,3,204,404.68,3.195e-05,2026-07-21T02:48:36.058556+00:00,2026-07-21T02:48:36.462843+00:00
728,pilot,A,financial_mmlu_ko-test-000282,financial_mmlu_ko,upstage,solar-pro3,1,success,200,,,241,0,241,3,244,412.86,3.795e-05,2026-07-21T02:48:36.779447+00:00,2026-07-21T02:48:37.192256+00:00
729,pilot,A,financial_mmlu_ko-test-000283,financial_mmlu_ko,upstage,solar-pro3,1,success,200,,,202,0,202,3,205,416.12,3.21e-05,2026-07-21T02:48:37.511261+00:00,2026-07-21T02:48:37.928047+00:00
730,pilot,A,financial_mmlu_ko-test-000284,financial_mmlu_ko,upstage,solar-pro3,1,success,200,,,202,0,202,3,205,955.07,3.21e-05,2026-07-21T02:48:38.245250+00:00,2026-07-21T02:48:39.200134+00:00
731,pilot,A,financial_mmlu_ko-test-000285,financial_mmlu_ko,upstage,solar-pro3,1,success,200,,,180,0,180,3,183,384.35,2.88e-05,2026-07-21T02:48:39.517842+00:00,2026-07-21T02:48:39.901830+00:00
732,pilot,A,financial_mmlu_ko-test-000288,financial_mmlu_ko,upstage,solar-pro3,1,success,200,,,185,0,185,3,188,400.88,2.955e-05,2026-07-21T02:48:40.216807+00:00,2026-07-21T02:48:40.617636+00:00
733,pilot,A,financial_mmlu_ko-test-000291,financial_mmlu_ko,upstage,solar-pro3,1,success,200,,,161,0,161,3,164,385.76,2.595e-05,2026-07-21T02:48:40.933313+00:00,2026-07-21T02:48:41.318999+00:00
734,pilot,A,financial_mmlu_ko-test-000293,financial_mmlu_ko,upstage,solar-pro3,1,success,200,,,167,0,167,3,170,380.63,2.685e-05,2026-07-21T02:48:41.637023+00:00,2026-07-21T02:48:42.017499+00:00
735,pilot,A,financial_mmlu_ko-test-000301,financial_mmlu_ko,upstage,solar-pro3,1,success,200,,,202,0,202,3,205,957.93,3.21e-05,2026-07-21T02:48:42.334160+00:00,2026-07-21T02:48:43.292344+00:00
736,pilot,A,financial_mmlu_ko-test-000302,financial_mmlu_ko,upstage,solar-pro3,1,success,200,,,161,0,161,3,164,950.0,2.595e-05,2026-07-21T02:48:43.607680+00:00,2026-07-21T02:48:44.557684+00:00
737,pilot,A,financial_mmlu_ko-test-000309,financial_mmlu_ko,upstage,solar-pro3,1,success,200,,,203,0,203,3,206,384.63,3.225e-05,2026-07-21T02:48:44.873745+00:00,2026-07-21T02:48:45.258502+00:00
738,pilot,A,financial_mmlu_ko-test-000310,financial_mmlu_ko,upstage,solar-pro3,1,success,200,,,224,0,224,3,227,391.96,3.54e-05,2026-07-21T02:48:45.576812+00:00,2026-07-21T02:48:45.968249+00:00
739,pilot,A,financial_mmlu_ko-test-000312,financial_mmlu_ko,upstage,solar-pro3,1,success,200,,,157,0,157,3,160,393.85,2.535e-05,2026-07-21T02:48:46.284882+00:00,2026-07-21T02:48:46.678866+00:00
740,pilot,A,financial_mmlu_ko-test-000313,financial_mmlu_ko,upstage,solar-pro3,1,success,200,,,193,0,193,3,196,409.28,3.075e-05,2026-07-21T02:48:46.996368+00:00,2026-07-21T02:48:47.405598+00:00
741,pilot,A,financial_mmlu_ko-test-000316,financial_mmlu_ko,upstage,solar-pro3,1,success,200,,,186,0,186,3,189,390.05,2.97e-05,2026-07-21T02:48:47.826417+00:00,2026-07-21T02:48:48.216206+00:00
742,pilot,A,financial_mmlu_ko-test-000319,financial_mmlu_ko,upstage,solar-pro3,1,success,200,,,180,0,180,3,183,403.14,2.88e-05,2026-07-21T02:48:48.533499+00:00,2026-07-21T02:48:48.936447+00:00
743,pilot,A,financial_mmlu_ko-test-000320,financial_mmlu_ko,upstage,solar-pro3,1,success,200,,,189,0,189,3,192,393.35,3.015e-05,2026-07-21T02:48:49.263412+00:00,2026-07-21T02:48:49.657729+00:00
744,pilot,A,financial_mmlu_ko-test-000322,financial_mmlu_ko,upstage,solar-pro3,1,success,200,,,187,0,187,3,190,403.42,2.985e-05,2026-07-21T02:48:49.972396+00:00,2026-07-21T02:48:50.376067+00:00
745,pilot,A,financial_mmlu_ko-test-000323,financial_mmlu_ko,upstage,solar-pro3,1,success,200,,,174,0,174,3,177,396.41,2.79e-05,2026-07-21T02:48:50.693327+00:00,2026-07-21T02:48:51.089645+00:00
746,pilot,A,financial_mmlu_ko-test-000325,financial_mmlu_ko,upstage,solar-pro3,1,success,200,,,224,0,224,3,227,402.59,3.54e-05,2026-07-21T02:48:51.406261+00:00,2026-07-21T02:48:51.809019+00:00
747,pilot,A,financial_mmlu_ko-test-000326,financial_mmlu_ko,upstage,solar-pro3,1,success,200,,,201,0,201,3,204,406.37,3.195e-05,2026-07-21T02:48:52.125393+00:00,2026-07-21T02:48:52.531534+00:00
748,pilot,A,financial_mmlu_ko-test-000331,financial_mmlu_ko,upstage,solar-pro3,1,success,200,,,176,0,176,3,179,406.07,2.82e-05,2026-07-21T02:48:52.850421+00:00,2026-07-21T02:48:53.256643+00:00
749,pilot,A,financial_mmlu_ko-test-000332,financial_mmlu_ko,upstage,solar-pro3,1,success,200,,,171,0,171,3,174,962.0,2.745e-05,2026-07-21T02:48:53.571851+00:00,2026-07-21T02:48:54.534252+00:00
750,pilot,A,financial_mmlu_ko-test-000334,financial_mmlu_ko,upstage,solar-pro3,1,success,200,,,155,0,155,3,158,394.76,2.505e-05,2026-07-21T02:48:54.850696+00:00,2026-07-21T02:48:55.244924+00:00
751,pilot,A,financial_mmlu_ko-test-000336,financial_mmlu_ko,upstage,solar-pro3,1,success,200,,,188,0,188,3,191,422.13,3e-05,2026-07-21T02:48:55.563333+00:00,2026-07-21T02:48:55.985713+00:00
752,pilot,A,financial_mmlu_ko-test-000339,financial_mmlu_ko,upstage,solar-pro3,1,success,200,,,176,0,176,3,179,390.86,2.82e-05,2026-07-21T02:48:56.302290+00:00,2026-07-21T02:48:56.692753+00:00
753,pilot,A,financial_mmlu_ko-test-000348,financial_mmlu_ko,upstage,solar-pro3,1,success,200,,,203,0,203,3,206,400.15,3.225e-05,2026-07-21T02:48:57.008970+00:00,2026-07-21T02:48:57.409460+00:00
754,pilot,A,financial_mmlu_ko-test-000353,financial_mmlu_ko,upstage,solar-pro3,1,success,200,,,181,0,181,3,184,396.37,2.895e-05,2026-07-21T02:48:57.727466+00:00,2026-07-21T02:48:58.124485+00:00
755,pilot,A,financial_mmlu_ko-test-000354,financial_mmlu_ko,upstage,solar-pro3,1,success,200,,,179,0,179,3,182,396.8,2.865e-05,2026-07-21T02:48:58.440404+00:00,2026-07-21T02:48:58.837525+00:00
756,pilot,A,financial_mmlu_ko-test-000356,financial_mmlu_ko,upstage,solar-pro3,1,success,200,,,192,0,192,3,195,391.96,3.06e-05,2026-07-21T02:48:59.154345+00:00,2026-07-21T02:48:59.545873+00:00
757,pilot,A,financial_mmlu_ko-test-000357,financial_mmlu_ko,upstage,solar-pro3,1,success,200,,,217,0,217,3,220,942.76,3.435e-05,2026-07-21T02:48:59.864866+00:00,2026-07-21T02:49:00.807164+00:00
758,pilot,A,financial_mmlu_ko-test-000358,financial_mmlu_ko,upstage,solar-pro3,1,success,200,,,190,0,190,3,193,421.28,3.03e-05,2026-07-21T02:49:01.126062+00:00,2026-07-21T02:49:01.547433+00:00
759,pilot,A,financial_mmlu_ko-test-000362,financial_mmlu_ko,upstage,solar-pro3,1,success,200,,,172,0,172,3,175,408.22,2.76e-05,2026-07-21T02:49:01.865522+00:00,2026-07-21T02:49:02.274113+00:00
760,pilot,A,financial_mmlu_ko-test-000368,financial_mmlu_ko,upstage,solar-pro3,1,success,200,,,157,0,157,3,160,408.0,2.535e-05,2026-07-21T02:49:02.614206+00:00,2026-07-21T02:49:03.022310+00:00
761,pilot,A,financial_mmlu_ko-test-000369,financial_mmlu_ko,upstage,solar-pro3,1,success,200,,,232,0,232,3,235,399.49,3.66e-05,2026-07-21T02:49:03.345300+00:00,2026-07-21T02:49:03.744491+00:00
762,pilot,A,financial_mmlu_ko-test-000370,financial_mmlu_ko,upstage,solar-pro3,1,success,200,,,190,0,190,3,193,391.1,3.03e-05,2026-07-21T02:49:04.061225+00:00,2026-07-21T02:49:04.452500+00:00
763,pilot,A,financial_mmlu_ko-test-000371,financial_mmlu_ko,upstage,solar-pro3,1,success,200,,,155,0,155,3,158,398.55,2.505e-05,2026-07-21T02:49:04.769164+00:00,2026-07-21T02:49:05.167901+00:00
764,pilot,A,financial_mmlu_ko-test-000372,financial_mmlu_ko,upstage,solar-pro3,1,success,200,,,216,0,216,3,219,397.96,3.42e-05,2026-07-21T02:49:05.488320+00:00,2026-07-21T02:49:05.886365+00:00
765,pilot,A,financial_mmlu_ko-test-000373,financial_mmlu_ko,upstage,solar-pro3,1,success,200,,,213,0,213,3,216,409.08,3.375e-05,2026-07-21T02:49:06.202945+00:00,2026-07-21T02:49:06.612138+00:00
766,pilot,A,financial_mmlu_ko-test-000374,financial_mmlu_ko,upstage,solar-pro3,1,success,200,,,197,0,197,3,200,404.3,3.135e-05,2026-07-21T02:49:06.933096+00:00,2026-07-21T02:49:07.336861+00:00
767,pilot,A,financial_mmlu_ko-test-000380,financial_mmlu_ko,upstage,solar-pro3,1,success,200,,,158,0,158,3,161,394.57,2.55e-05,2026-07-21T02:49:07.653806+00:00,2026-07-21T02:49:08.048611+00:00
768,pilot,A,financial_mmlu_ko-test-000385,financial_mmlu_ko,upstage,solar-pro3,1,success,200,,,246,0,246,3,249,397.84,3.87e-05,2026-07-21T02:49:08.364422+00:00,2026-07-21T02:49:08.762066+00:00
769,pilot,A,financial_mmlu_ko-test-000387,financial_mmlu_ko,upstage,solar-pro3,1,success,200,,,194,0,194,3,197,395.46,3.09e-05,2026-07-21T02:49:09.078463+00:00,2026-07-21T02:49:09.473321+00:00
770,pilot,A,financial_mmlu_ko-test-000388,financial_mmlu_ko,upstage,solar-pro3,1,success,200,,,208,0,208,3,211,402.23,3.3e-05,2026-07-21T02:49:09.789773+00:00,2026-07-21T02:49:10.191359+00:00
771,pilot,A,financial_mmlu_ko-test-000390,financial_mmlu_ko,upstage,solar-pro3,1,success,200,,,201,0,201,3,204,399.41,3.195e-05,2026-07-21T02:49:10.509397+00:00,2026-07-21T02:49:10.909149+00:00
772,pilot,A,financial_mmlu_ko-test-000391,financial_mmlu_ko,upstage,solar-pro3,1,success,200,,,184,0,184,3,187,395.28,2.94e-05,2026-07-21T02:49:11.228521+00:00,2026-07-21T02:49:11.623782+00:00
773,pilot,A,financial_mmlu_ko-test-000392,financial_mmlu_ko,upstage,solar-pro3,1,success,200,,,188,0,188,3,191,408.98,3e-05,2026-07-21T02:49:11.939893+00:00,2026-07-21T02:49:12.348408+00:00
774,pilot,A,financial_mmlu_ko-test-000394,financial_mmlu_ko,upstage,solar-pro3,1,success,200,,,224,0,224,3,227,405.65,3.54e-05,2026-07-21T02:49:12.666160+00:00,2026-07-21T02:49:13.071794+00:00
775,pilot,A,financial_mmlu_ko-test-000395,financial_mmlu_ko,upstage,solar-pro3,1,success,200,,,195,0,195,3,198,614.58,3.105e-05,2026-07-21T02:49:13.390980+00:00,2026-07-21T02:49:14.005509+00:00
776,pilot,A,financial_mmlu_ko-test-000397,financial_mmlu_ko,upstage,solar-pro3,1,success,200,,,179,0,179,3,182,394.81,2.865e-05,2026-07-21T02:49:14.322362+00:00,2026-07-21T02:49:14.716703+00:00
777,pilot,A,financial_mmlu_ko-test-000399,financial_mmlu_ko,upstage,solar-pro3,1,success,200,,,176,0,176,3,179,389.62,2.82e-05,2026-07-21T02:49:15.033538+00:00,2026-07-21T02:49:15.422923+00:00
778,pilot,A,financial_mmlu_ko-test-000402,financial_mmlu_ko,upstage,solar-pro3,1,success,200,,,163,0,163,3,166,406.37,2.625e-05,2026-07-21T02:49:15.742443+00:00,2026-07-21T02:49:16.148445+00:00
779,pilot,A,financial_mmlu_ko-test-000404,financial_mmlu_ko,upstage,solar-pro3,1,success,200,,,198,0,198,3,201,396.88,3.15e-05,2026-07-21T02:49:16.467178+00:00,2026-07-21T02:49:16.863498+00:00
780,pilot,A,financial_mmlu_ko-test-000405,financial_mmlu_ko,upstage,solar-pro3,1,success,200,,,198,0,198,3,201,577.79,3.15e-05,2026-07-21T02:49:17.180127+00:00,2026-07-21T02:49:17.758030+00:00
781,pilot,A,financial_mmlu_ko-test-000406,financial_mmlu_ko,upstage,solar-pro3,1,success,200,,,163,0,163,3,166,416.9,2.625e-05,2026-07-21T02:49:18.076452+00:00,2026-07-21T02:49:18.492407+00:00
782,pilot,A,financial_mmlu_ko-test-000413,financial_mmlu_ko,upstage,solar-pro3,1,success,200,,,150,0,150,3,153,385.02,2.43e-05,2026-07-21T02:49:18.837198+00:00,2026-07-21T02:49:19.221968+00:00
783,pilot,A,financial_mmlu_ko-test-000417,financial_mmlu_ko,upstage,solar-pro3,1,success,200,,,164,0,164,3,167,399.24,2.64e-05,2026-07-21T02:49:19.538845+00:00,2026-07-21T02:49:19.937888+00:00
784,pilot,A,financial_mmlu_ko-test-000419,financial_mmlu_ko,upstage,solar-pro3,1,success,200,,,197,0,197,3,200,392.56,3.135e-05,2026-07-21T02:49:20.258915+00:00,2026-07-21T02:49:20.651361+00:00
785,pilot,A,financial_mmlu_ko-test-000423,financial_mmlu_ko,upstage,solar-pro3,1,success,200,,,167,0,167,3,170,397.56,2.685e-05,2026-07-21T02:49:20.968153+00:00,2026-07-21T02:49:21.365488+00:00
786,pilot,A,financial_mmlu_ko-test-000429,financial_mmlu_ko,upstage,solar-pro3,1,success,200,,,187,0,187,3,190,395.47,2.985e-05,2026-07-21T02:49:21.681868+00:00,2026-07-21T02:49:22.077258+00:00
787,pilot,A,financial_mmlu_ko-test-000430,financial_mmlu_ko,upstage,solar-pro3,1,success,200,,,169,0,169,3,172,397.56,2.715e-05,2026-07-21T02:49:22.394818+00:00,2026-07-21T02:49:22.791977+00:00
788,pilot,A,financial_mmlu_ko-test-000432,financial_mmlu_ko,upstage,solar-pro3,1,success,200,,,204,0,204,3,207,476.02,3.24e-05,2026-07-21T02:49:23.111782+00:00,2026-07-21T02:49:23.587399+00:00
789,pilot,A,financial_mmlu_ko-test-000436,financial_mmlu_ko,upstage,solar-pro3,1,success,200,,,218,0,218,3,221,393.26,3.45e-05,2026-07-21T02:49:23.903009+00:00,2026-07-21T02:49:24.296115+00:00
790,pilot,A,financial_mmlu_ko-test-000438,financial_mmlu_ko,upstage,solar-pro3,1,success,200,,,220,0,220,3,223,387.47,3.48e-05,2026-07-21T02:49:24.612320+00:00,2026-07-21T02:49:24.999363+00:00
791,pilot,A,financial_mmlu_ko-test-000439,financial_mmlu_ko,upstage,solar-pro3,1,success,200,,,194,0,194,3,197,397.01,3.09e-05,2026-07-21T02:49:25.315514+00:00,2026-07-21T02:49:25.713063+00:00
792,pilot,A,financial_mmlu_ko-test-000442,financial_mmlu_ko,upstage,solar-pro3,1,success,200,,,208,0,208,3,211,388.1,3.3e-05,2026-07-21T02:49:26.030432+00:00,2026-07-21T02:49:26.418398+00:00
793,pilot,A,financial_mmlu_ko-test-000444,financial_mmlu_ko,upstage,solar-pro3,1,success,200,,,227,0,227,3,230,383.87,3.585e-05,2026-07-21T02:49:26.735501+00:00,2026-07-21T02:49:27.118461+00:00
794,pilot,A,financial_mmlu_ko-test-000445,financial_mmlu_ko,upstage,solar-pro3,1,success,200,,,173,0,173,3,176,406.13,2.775e-05,2026-07-21T02:49:27.437235+00:00,2026-07-21T02:49:27.843575+00:00
795,pilot,A,financial_mmlu_ko-test-000446,financial_mmlu_ko,upstage,solar-pro3,1,success,200,,,202,0,202,3,205,391.37,3.21e-05,2026-07-21T02:49:28.159526+00:00,2026-07-21T02:49:28.551802+00:00
796,pilot,A,financial_mmlu_ko-test-000447,financial_mmlu_ko,upstage,solar-pro3,1,success,200,,,183,0,183,3,186,384.15,2.925e-05,2026-07-21T02:49:28.867644+00:00,2026-07-21T02:49:29.251620+00:00
797,pilot,A,financial_mmlu_ko-test-000448,financial_mmlu_ko,upstage,solar-pro3,1,success,200,,,223,0,223,3,226,391.78,3.525e-05,2026-07-21T02:49:29.566933+00:00,2026-07-21T02:49:29.959194+00:00
798,pilot,A,financial_mmlu_ko-test-000450,financial_mmlu_ko,upstage,solar-pro3,1,success,200,,,204,0,204,3,207,462.28,3.24e-05,2026-07-21T02:49:30.274664+00:00,2026-07-21T02:49:30.737022+00:00
799,pilot,A,financial_mmlu_ko-test-000452,financial_mmlu_ko,upstage,solar-pro3,1,success,200,,,204,0,204,3,207,379.57,3.24e-05,2026-07-21T02:49:31.053912+00:00,2026-07-21T02:49:31.433117+00:00
800,pilot,A,financial_mmlu_ko-test-000455,financial_mmlu_ko,upstage,solar-pro3,1,success,200,,,227,0,227,3,230,932.34,3.585e-05,2026-07-21T02:49:31.748174+00:00,2026-07-21T02:49:32.681151+00:00
